review_id,review_score,review_text_pt,review_text_zh_tw,首輪標註客戶討論業務面向
13164d9da17abb1a513eb773bff4f274,1,Recebi pedido incompleto Paguei por 2 unidades do Perfume Miss Gabriela Night e recebi apenas 1 unidade.,收到的訂單不完整。我買了兩瓶 Miss Gabriela Night 香水，卻只收到一瓶。,訂單缺件
b190c1c98294a0aa6beca27daff6886c,1,Produto mal embalado Produto chegou com risco e manchado.,商品包裝不良，收到時已有刮痕和污漬。,包裝不良
ecf05388b2201007af96097c09e68c6d,1,recebi o produto quebrado e aguardo retorno da lannister,收到的商品已經破損，目前仍在等待 Lannister 回覆。,包裝不良
47a4f48be34dd4a1c24b24a173ed1f6d,1,"Minha compra foi entregue para outra pessoa.
Recebi uma pe?a que n?o comprei",我的商品被送給了別人，我反而收到一件自己沒有購買的商品。,訂單內容錯誤
f87e60d60e2e4f3e9e761a395a73fc56,1,"Faltou item descrito
Me ligue 34 99978 4951",少了商品說明中列出的品項，請打電話給我：34 99978 4951。,訂單缺件
2b52bb84c9aa716e2216ebde5eb80aa7,1,"acho uma safadeza o jeito que vcs trabalham.
comprei a mercadoria e ate agora n?o recebi",你們這種做事方式真的很不厚道。我買了商品，到現在都還沒收到。,運送延遲
8a849ac327d5b8890223010dad7f72b1,1,Ainda n?o recebi o produto. Preciso dele com urg?ncia,我還沒收到商品，而且急著需要使用。,運送延遲
2f88ed5378af93b3fe40c77ad5eff7cc,1,"Primeiro: estou tentando devolver um produto mais n?o me d?o solu??es...
Segundo : me d?o vale sem primeiro pegarem minha devolu??o e sem contar o produto que pedi n?o ter chegado..",第一，我想退貨，但一直得不到解決方案。第二，商品還沒送到，他們就先給我購物金，甚至都還沒收回我要退的商品。," 客服沒有解決問題,
優惠卷發放問題
"
e70abd3068dcaa36295eebd3abf07bb3,1,"Estou insatisfeita pois n?o recebi o produto que comprei. Comprei um carregador Asus para Zenfone Asus Selfie.
Os cabos que chegaram n?o serve para o meu celular.",我很不滿，因為沒有收到購買的商品。我買的是 ASUS Zenfone Selfie 的充電器，收到的線卻不適用於我的手機。, 訂單內容錯誤
da12d47f5616024c216d6a5ad19ec5ac,1,Ap?s o produto faturado a loja enviou e-mail que n?o poderia entregar por falta de estoque. Ao buscar pela compra na internet a loja disponibiliza o produto para venda por um pre?o superior,商品開立發票後，商店才寄信說因缺貨無法出貨；但我上網搜尋時，卻發現商店仍以更高價格販售同一商品。, 報價問題，價格變動，和首次購買不同
aed75d37ad5c9ceaaf2fea225ec2ca55,1,"Total descaso! N?o respondeu nenhum de meus e-mails, n?o deu satisfa??o nenhuma a respeito! P?ssimo vendedor!",完全不受重視！賣家不回覆任何電子郵件，也沒有做出任何說明，服務非常差！,客服沒有解決問題
8f68f6f7b52f647428efdec4e1a9b02a,1,Ol? boa tarde! O produto n?o encaixou chegou sem algumas travas e n?o encaixou.,您好！商品缺少幾個卡扣，因此無法正確安裝。, 訂單缺零件 
af278ff8bd6566d8298010a901f3118c,1,O rem?dio n?o ? Original,這個藥不是原廠正品。,商品不是正品
7fb3cda2a758c1efe3486137c2db84e0,1,"Minha solicita??o de devolu??o do produto n?o foi respondida pelo vendedor targaryen, mesmo estando dentro do prazo legal para desist?ncia em compras on-line.",我仍在網購法定猶豫期內，但賣家 Targaryen 沒有回覆我的退貨申請。, 賣家服務態度不佳
c26b6df817496dec9356ec34768f8b85,1,"N?o recomendo Recebi a caixa lacrada, mas a caixa do rel?gio estava vazia. Procurei um site de confian?a para comprar meu rel?gio e acabei recebendo uma caixa vazia. Isso ? um absurdo.",不推薦。收到的外箱雖然密封完整，但手錶盒裡竟然是空的。我特地找可信賴的網站購買，最後卻只收到空盒，實在太離譜。, 訂單只有包裝沒有物品
f01aaa0150e499f0c268f8efc9d2182f,1,Recebi apenas 1 Comprei 2 e recebi apenas 1 unidade do produto. N?o veio nenhum comunicado ou justificativa. Aguardo regulariza??o da situa??o.,我買了兩件商品，卻只收到一件，也沒有收到任何通知或說明。請儘快處理。, 訂單缺件
6d096d02c248a56919a9a5a2b1c54e50,1,"Falta de respeito com consumidor; produto mal embalado, vidros sem lacre vazando; n?o recebi autoriza??o de devolu??o, mesmo tendo reclamado no dia da entrega; o pior, terei que levar ao correio",完全不尊重消費者。商品包裝不良，玻璃瓶沒有封好而漏液；我在到貨當天就反映，卻一直沒拿到退貨授權，最後還得自己拿去郵局。," 商品包裝不良, 客服沒有解決問題"
698fb68c30b88520d0eda78d0755fa4c,1,P?ssima compra n?o recebi o produto ? nenhuma retorno.,非常糟糕的購物經驗，商品沒收到，也完全沒有人回覆。, 客服沒有解決問題
1ed82c4307741e4d0837cb3a24741320,1,"N?o Recomendo Ainda n?o entregaram o produto (data m?xima de entrega j? esgotou). Espero que mesmo com atraso eu receba o produto. N?o houve nenhuma informa??o por email ou telefone, o porque da n?o entrega.",不推薦。最晚交貨日已過，商品仍未送達。希望即使延誤最後還是能收到，但完全沒有透過電子郵件或電話說明未送達的原因。," 運送延遲, 客服沒有說明延遲原因"
64710ba2fb03fe4857e584d4b86c4a33,1,"Embora seja problema dos correios a empresa nao deveria dar um prazo de entrega, apenas se utilizasse transportadora pr?pria. Comprei 4 unidades e s? chegou 1",即使問題出在郵局，公司若不是使用自有物流，就不該承諾無法掌握的送貨期限。我買了四件，卻只收到一件。," 運送延遲,訂單缺件"
87e17e2c7fd570b429ae94442a2ab1f0,1,"N?o recebi minha mercadoria, o produto ja esta pago e n?o recebi qualquer aviso sobre o atraso. At? agora n?o sei nem se receberei minha compra!",商品已經付款，卻沒有收到貨，也沒有任何延誤通知。到現在甚至不知道究竟還會不會收到。,  運送延遲
2b88edb45379c2a78122f4da1f5d953a,1,Ainda aguardando a entrega do produto,目前仍在等待商品送達。,運送延遲
e11c35b21adfc98141d2ba17adc72fb4,1,Estou esperando uma resposta da empresa h? dias a respeito do atraso do meu produto!,商品延遲好幾天了，我一直在等公司回覆！,運送延遲
5465a47abe456f08c351c6c0d64960df,1,Veio a fonte e quatro emissores mas o aparelho transmissor n?o veio,有收到電源供應器和四個發射器，但缺少主要的發射裝置。, 訂單缺件缺主要商品
b1172723acc2f1d5c7925487e3034059,1,al?m da demora a caixa veio violada e faltando itens,不但送貨很慢，箱子收到時還被拆過，而且缺少品項。,"運送延遲,包裝不良,訂單缺件"
e3e597d97410bab66a74db8a2c9f259b,1,Produto n?o foi entregue Produto n?o foi entregue,商品沒有送達。, 運送延遲
507b807c70276a11b8a95b74cc9de366,1,Trocar de produto Comprei cobre leito e recebi len?ol como se fosse colcha fiquei triste.Estou tentando estorna a compra ou devolver produto ou trocar ningu?m retorna contato.,想要更換商品。我買的是床罩，收到的卻是像床單一樣的商品，讓我很失望。我想取消、退貨或換貨，但始終沒有人回覆。," 商品與廣告不符合,客服沒有解決問題"
2b456024eebc601ea8a1457d4a5149e5,1,O controle remoto e uma replica que se compra em qualquer esquina nao traz o nem o nome da marca cce me sinto enganado!,這個遙控器只是隨處都買得到的仿製品，上面甚至沒有 CCE 品牌名稱，讓我覺得受騙了。, 訂單是仿冒品
775c3bf98315bdddc4df1379632ce717,1,sem palavra pra descrever,糟到不知道該怎麼形容。,無事實
505226320f176d851722525dfca378be,1,"Ol?,
Estou aguardando a entrega do meu produto.",您好，我還在等待商品送達。,運送延遲
6177070c030d76ea524107172f4e9d9f,1,Nas fotos do produto n?o tinha mostrando a parte de tr?s do tapete.. Eu comprei pensando que era o tapete com as costas tradicional...,商品照片沒有拍到地毯背面，我原本以為它是傳統底面的地毯。,商品與事實不符合
3927c91b496971f5f373877ca2861b1a,1,"Paguei pelo frete como sempre e deixaram num correio muito mas muito longe da minha casa, n?o terem deixado em minha casa nem foi o problema, mas poderiam muito bem deixar em um correio mais proximo!",我照常付了運費，商品卻被送到離家非常遠的郵局。沒送到家還不是最大問題，至少也應該放在近一點的郵局。," 取貨地點太遠不合理, 運送延遲"
f36a27bdb5dd36480261e320e33cefd8,1,"Estou muito descontente. Sempre comprei com voc?s. Antes n?o tinha problema com a entrega. Desta vez al?m de n?o entregarem, eu nem sei o que aconteceu. N?o tem nenhuma informa??o no rastreamento.",我非常失望。以前常跟你們購買，從未遇過配送問題；這次不但沒收到貨，也完全不知道發生什麼事，物流追蹤沒有任何資訊。," 運送延遲, 系統沒有追蹤物流"
bc4200ea45f2647efd34a24c165bb38f,1,"Tive que ir buscar A transportadora informou que eu estava ausente em casa, sendo que passo o dia todo em casa n?o teve nem op??o de ligar para reclamar ..",我只好自己去取貨。物流公司說送貨時我不在家，但我整天都在家，而且連可以打電話申訴的管道都沒有。, 送貨的時候人不在家客人不滿
bbe45b8782c123d652f8ed8563928efc,1,"Produto n?o entregue. Ainda aguardando, por?m, j? desapontado com o servi?o de entrega.",商品未送達。我仍在等待，但已經對配送服務感到失望。, 運送延遲
8a20acdef184eeddcdf3665368b921a8,1,"Comprei no dia 28/11 e at? hoje dia 20/12, n?o recebi o produto. O prazo de entrega se encerrou no dia 19/12. Lembrando que ? um presente de Natal. Continuo no aguardo.",我在 11 月 28 日購買，直到 12 月 20 日仍未收到；原定送達期限是 12 月 19 日，而且這是聖誕禮物。我會繼續等候。, 運送延遲
ee44f72246196bd582123578852212a1,1,"Ap?s esperar mais 15 dias, enfim chega encomenda, comprei um produto com a quantidade de 1.000 ml,
Recebi um com 300 ml.","多等了十五天後終於收到包裹，但我買的是 1,000 ml，收到的卻只有 300 ml。", 訂單內容錯誤，量比較少
f51a5d398f2374cb21257cc26a2ee01a,1,6 Eu n?o tenho not?cias do pedido anos do se e o correio da minha cidade,這段原文語意不清，似乎是在表示多年來都沒有訂單或當地郵局的消息。, 語意不清
10002fb54ca944273e324ebebb5f0a83,1,n?o recebi o produto,我沒有收到商品。, 沒有收到商品
00a2c4edf64b5cc687171ce8d0fe3e4f,1,"N?o fiquei satisfeita; propaganda enganosa pois, disseram que era luminoso e na verdade N?O ?.E agora? Eu preciso que seja luminoso ? noite l?gico para aplica??o de rem?dios tipo insulina,Vainia L?cia",我不滿意，廣告宣稱商品會發光，實際上卻完全不會。我需要它在夜間發光，才能用來施打胰島素等藥物，現在該怎麼辦？,商品與廣告不符合
28671c25ae167e595e89211ffb6de5f2,1,"Fizeram me espera mais de 20 dias para dizer que o produto n?o viriam, demorou mais de 2 dias para aprovar uma compra, ja sendo cliente com cart?o stark. Muita falta de respeito com cliente.",讓我等了二十多天，最後才說商品不會到貨；連已持有 Stark 信用卡的舊客戶，付款審核都花了兩天以上，完全不尊重顧客。,"商品沒有送達又延遲, 付款審核過久"
209956d0e41225efcc77077ba67cd7ba,1,"Engana??o Ola comprei um filtro original mas me mandaram 2 unidades paralelas ,velho ditado vendendo gato por lebre",根本是欺騙。我買的是原廠濾芯，收到的卻是兩個副廠品，完全是掛羊頭賣狗肉。,商品是仿冒品
a98aa3817c5f5df580302a49f1b3a5a6,1,Cancelei o produto ap?s a compra devido ao prazo de entrega ser 19 dias e chegar ap?s o feriado de carnaval quando iria utiliza-lo,購買後我取消了訂單，因為配送要十九天，等送到時已經超過我原本要使用的嘉年華假期。, 運送延遲
1f8b94e577cfcd96218273a824fc594f,1,"Produto errado N?o recebi o produto que comprei, chegou outro modelo menor e diferente e n?o consigo entrar em contato com o atendimento das lojas lannister.com para fazer a troca. Aguardo retorno.",收到錯誤商品。我買的款式沒有收到，寄來的是更小且不同的型號，而且聯絡不上 Lannister 商店客服辦理更換，請回覆。," 客服沒有解決問題, 訂單型號錯誤"
5273d6c3f203e0ae165c8da5d75b066b,1,Recebi somente 1 unidade fiz a compra de duas. Cade a outra unidade,我買了兩件，卻只收到一件。另一件在哪裡？, 訂單缺件
a62b9f252a0f5eb665e3e3f6ff1022c8,1,Demorou para fazer a confirma??o e o pedido,訂單確認花了很久。, 訂單確認花很久
90206ea85a90179a6f82d6e0761869c7,1,Ol? queria informar que o produto n?o foi entregue,您好，我想反映商品沒有送達。, 商品沒有送達
bf8ad702d153b8c1c73328591242c7d1,1,"Comprei um produto e n?o entregaram. 
Pedi o cancelado do produto.",我買的商品一直沒有送達，因此已申請取消訂單。, 商品沒有送達
7f91f47b850913ca8059bc5025807c69,1,Nao recebi o produti conforme a compra comprei 2 intens e so recebi 1 visando que ja entrei em contato e exatamente as 18hrs de hj compretou as 48hrs e nada de resposta da loja.,收到的商品數量與訂單不符。我買了兩件，只收到一件；已經聯絡商店，截至今天 18 點剛好滿 48 小時，仍未收到回覆。,"訂單缺件, 賣家沒有回覆問題"
d9a6731c1ff68633853c4998ca94af3d,1,"N?o foi uma boa experi?ncia. N?o consigo contato com voc?s. E vou esta cancelando o pagamento, caso n?o entrem em contato.",這次購物體驗不好，我聯絡不上你們。如果仍不與我聯絡，我會取消付款。,聯絡不上客服
7543b6d6a2e2bb641ee6064affdc0ba1,1,"Como posso avaliar o produto se ainda nem recebir . Estou aguardando. E que diga de passagem, n?o sabia que ia demorar tanto!!!!!!!!!",商品都還沒收到，要我怎麼評價？我還在等，而且完全不知道竟然要等這麼久！, 運送延遲
67d07fb527944d604b143f0bc00f7769,1,"N?o ? da marca Mairibel! Entregaram um produto de outra marca, bem inferior! E no an?ncio diz marca MAIRIBEL e a foto do produto ? da MAIRIBEL.",這不是 Mairibel 品牌！寄來的是品質差很多的其他品牌，但廣告明明寫著 MAIRIBEL，照片也使用 MAIRIBEL 的商品。, 訂單品牌與廣告不符
29d6274ba6dec3960147fcd7ce97dbf3,1,"Segundo cancelamento do mesmo item no site lannister.com. Fiz duas compras em lojas diferentes, as duas canceladas, faz quase 3 meses que estou aguardando o produto. E demora demais para avisar.",這已經是同一商品在 Lannister 網站上的第二次取消。我向兩家不同商店購買，兩次都被取消，等了快 三個月仍沒拿到商品，而且通知速度非常慢。," 訂單備取消, 運送延遲"
ff0f426d507e6592b0cd2da3df49c97c,1,"N?o gostei do produto , n?o tem qualidade nenhuma , muito fraco",我不喜歡這項商品，完全沒有品質可言，做得非常單薄。, 商品品質不佳
e848b70d2cecf8bcdd040aded739f250,1,Td errado Pedi um perfume hugo boss energise. At? a? td bem. S? que o perfume n?o tem aroma nem fixa??o. A tampa veio solta.,完全不對。我訂的是 Hugo Boss Energise 香水，收到的香水幾乎沒有香味也不持香，瓶蓋還是鬆的。,商品品質不佳
3f01296d02cc38c5e1c700eb160e2228,1,Gostaria de trocar. Eu escolhi o conjunto safari dourado e veio branco! N?o gostei ? quero trocar.,我想換貨。我選的是金色 Safari 套組，收到的卻是白色，我不喜歡，想要更換。, 商品品顏色錯誤
7029710d9d74c0ad86d0fb4450673e94,1,Comprei um Tablet Qbex e o produto veio com defeito! N?O CARREGA...,我買了一台 Qbex 平板，但收到的商品有瑕疵，完全充不了電。, 商品有瑕疵
ff4cf944e5789058bc1b2f18e3a1c72e,1,Bom,好。,無事實
4316ba70446b0a1872c4a6659000dbe6,1,"Comprei duas cortinas , por?m s? chegou uma , quero saber o que aconteceu , entro no site da lannister e s? diz atrazo no envio dessa mercadoria por?m da como pedido entregue! Mentira !",我買了兩片窗簾，卻只收到一片。我想知道發生什麼事；Lannister 網站只顯示這項商品延遲出貨，訂單狀態卻寫已送達，根本不是事實。,"訂單缺件, 運送系統時間顯示錯誤"
fa82b9d7fc5317511ae9e931181e13ce,1,N recebi a mercadoria!!!,我沒有收到商品！, 沒有收到商品
cfde9eedf66ea80951b92b9ebb7a0853,1,o produto era pra ter cegado at? dia 18 e n?o chegou,商品原本應在 18 日前送達，但至今仍未收到。, 運送延遲
e1710824188d5e9107ad411c7fd12d43,1,Ainda estou aguardando o meu produto....ainda n?o chegou,我還在等待商品，至今仍未送達。, 運送延遲
4e5a8ea34aa7af46d307f669f09bc3b2,1,"PRECISO RESOLVER A SITUA??O. ME ENTREGARAM UM PRODUTO ERRADO, J? ENVIEI E-MAIL E AT? HOJE NADA DE RESPOSTA.",我需要你們處理這個問題。收到的是錯誤商品，我已寄出電子郵件，至今卻完全沒有回覆。," 商品錯誤, 客服沒有回覆"
a023366db5e638ab111e1166ad367afd,1,"Al?m de n?o entregar o produto comprado a exatos um m?s atras, n?o h? quaisquer esclarecimentos ou mesmo aten??o ?s solicita??es de contato. S? avaliei com uma estrela porque a pagina obriga a clicar.",一個月前購買的商品至今仍未送達，也沒有任何說明，更無人理會我的聯絡請求。之所以給一顆星，只是因為頁面強制必須選擇評分。," 運送延遲, 客服沒有回覆"
4b64e6b26a269aacead5b6cf260e2b08,1,Pedido veio faltando item. Nunca tive problema com as lojas lannister. Por isso optei em comprar com vcs. Mas infelizmente n?o atendeu minhas expectativas.,訂單有品項缺漏。我以前從沒遇過 Lannister 商店出問題，所以才選擇向你們購買，但這次真的不符合期待。, 商品品項缺漏
441ef33b59f7b35f2b3aa7f654440315,1,"Recebi o produto errado, encomendei no tamanho 2,00x2,50 e recebi 1,50x2,00.",收到的尺寸錯誤。我訂的是 2.00 × 2.50，收到的卻是 1.50 × 2.00。,商品尺寸錯誤
0a6843048d2229baf1201b4783d38df3,1,"O servi?o de entrega ? feita atrav?s dos correios e este apesar de ter sido pega taxa entrega , n?o entrega na resid?ncia.Qdo puder ir fazer a retirada na ag. central o produto j? havia sido devolvido",配送由郵局負責，儘管已收取送貨費，郵局仍未送到住所。等我有空前往中央分局取件時，商品已被退回。, 商品沒有寄到住所
aa3e64afada5b85616b8036d446b2f7c,1,Eu comprei dois golfinhos massageador. Por?m fizeram duas postagens sendo que poderia ser feito em somente uma. Tive que buscar o pacote na ag?ncia dos correios. Em duas vezes.,我買了兩個海豚造型按摩器，賣家卻分成兩個包裹寄出，其實一次就能寄完，害我必須分兩次到郵局取件。, 賣家包成兩個包裹，包裹被寄送到兩個不同郵局
7573b5da2323ad6070158c8185e7fc80,1,Esperando chegar ainda e nada de chegar ja paguei,已經付款，卻一直等不到商品。,運送延遲
b4f1cee548fca64f9edaa02b285308ce,1,"Material horr?vel ,totalmente diferente do que apresenta na imagem e na descri??o , n?o vale o valor .",材質非常糟，與圖片及說明完全不同，根本不值這個價錢。, 運送延遲
25543bf200a1614ebde7441af2a323e3,1,Comprei o produto em dezembro e ate agora nao chegou.,我在十二月購買商品，到現在仍未收到。, 商品品質不佳
12c57075f149a1db57bd8551c55dfb5a,1,"O produto nao foi me entregue, ja se passaram 3 dias uteis depois do prazo de entrega e nao possuo informacoes maiores da loja.",商品沒有送達，已超過期限三個工作天，商店也沒有提供進一步資訊。,"運送延遲, 賣家沒有解決問題"
02c72f8c48dc484ad3c572335c0fdcfc,1,"O rel?gio comprado chegou sem a bateria, p?ssima escolha de loja. Completamente insatisfeita.",收到的手錶竟然沒有電池，選錯商店了，我非常不滿意。, 商品品質不佳
9f1d9a5aaedfe8ac4ccc267e43a40a2b,1,"Embora o produto tenha vindo correto, passou 10 dias do prazo m?ximo de entrega. Como a entrega foi feita pelos correios, poderiam ter encaminhado mais cedo, para que n?o houvesse esse transtorno",商品雖然正確，卻比最晚期限晚了十天才送達。既然是透過郵局配送，就應該更早寄出，避免造成這種困擾。, 運送延遲
fdfabfafa44c561fd3a6d50b6aad70dc,1,Vendedor n?o tem controle de estoque,賣家沒有妥善掌握庫存。, 賣家沒有妥善掌握庫存
c334822ffbfeee371d552349e7e057d2,1,"Antena Nao compre essa antena nao presta nao pega nenhum canal
Comprei estalei direito e nao fuciona",不要買這支天線，品質很差，完全收不到任何頻道。我已正確安裝，還是不能使用。, 商品品質差
e6df55a4fcad12115a04d304a0a28a20,1,produto avariado,商品已損壞。, 商品損壞
e70c3511b7dcbe1966bec2a3b9f959d7,1,O pedido veio somente um produto e faltando outro.,訂單只收到一件商品，另一件缺少。,訂單缺件
3ea144366203e37f38782aec10a5fca6,1,"Produto abaixo da expecta Produto muito abaixo da expectativa e veio com o lacre aberto, n?o gostei e j? solicitei a devolu??o do produto.",商品遠低於期待，而且收到時封條已被拆開。我很不喜歡，已經申請退貨。,包裹包裝不良
b04320567742a0277184bcc3fb6fc61e,1,Nenhuma N?o recebi meu produto ainda!!! N?o tem como avaliar,商品還沒收到，根本無法評價。,運送延遲
e63cd665153e48e2bf4e0536003bfdef,1,O produto n?o ? igual como descrito e mandou n?mero maior pedi 38 veio 44 um bal?o. como vou usar.,商品與描述不符，而且寄錯尺寸。我訂 38 號，卻收到 44 號，大得像氣球一樣，根本沒辦法穿。,"商品與廣告不符, 商品尺寸錯誤"
a19605c444de5c9a76ec4347b51c0237,1,"N?o Gostei da qualidade do produto, muito fino as pe?as das toalhas, pessima qualidade.",不喜歡這項商品的品質，毛巾布料非常薄，品質很差。,商品品質不良
87a49f104eaab76c108c9c68e361e81d,1,"o produto n?o est?s sendo reconhecido pela impressora , ou seja n?o consegui usar o produto e solicitei a devolu??o.",印表機無法辨識這項商品，因此完全不能使用，我已申請退貨。, 商品品質不良
33f97cf61284feabb0664d7c2486b193,1,"mandei uma mensagem, para tentar resolver o problema e ate o momento n?o tive nenhum retorno",我已傳訊息嘗試解決問題，但至今沒有任何回覆。, 客服沒有解決問題
ffbdbca364b05f38fd4b457358f845ff,1,O produto ainda ano foi entregue.,商品至今仍未送達。, 運送延遲
d9c3dee4b33449dc0ba40104991f794a,1,Devolu??o n?o efetuada Solicitei a devolu??o e at? agora n?o entraram em contato,退貨尚未處理。我已提出退貨申請，至今仍沒有人聯絡。, 客服沒有解決問題
989b3bb8eda22c1a26ff318e0ed0e853,1,"Comprei um quite de tesouras fio navalha, mas n?o recebi o modelo que foi escolhido pelo site",我買的是一組剃刀刃剪刀，收到的卻不是網站上選擇的款式。,商品尺寸錯誤
38e8a97782ce910dee6b0ed42ab166e5,1,"Produto nao e original ,de mau qualidade nunca mais compro com ele ,as tesouras nao fecham bem vagabunda mesmo tipo deve custar uns 10 reais cada no m?ximo.fiquei mto puto com os produtos q veio .",商品不是正品，品質非常差，以後不會再向這個賣家購買。剪刀連正常閉合都做不到，像是每把最多只值十元的劣質品，收到後真的非常生氣。, 商品是仿冒品
eded45c6c7962ce7fefd1ba4ebd995d6,1,"O produto noa condiz com o que esra descrito nele, n?o consegui mexer no relogio de forma nenhuma.Quero devolu??o",商品與描述不符，手錶完全不會操作，我要退貨。, 商品與廣告不符合
07333f35d27f220c73b19fc3f0b8966d,1,Produto ainda n?o chegou,商品仍未送達。, 運送延遲
ad75f3578f7e8da7f2cb2eb8889f7c6b,1,"N?o parece um tapete, parece um jogo americano de t?o pequeno e fino ??",這看起來根本不像地毯，又小又薄，反而像餐桌墊。,商品品質不佳
e3a959a892d96dd34ba9d39e749697d7,1,"Eu comprei um trilho de mesa colorido em algod?o, foi-me enviado um trapo de pl?stico parecendo uma pista de avi?o. J? reclamei ao stark e at? agora n?o tive nenhum retorno.",我買的是彩色棉質桌旗，收到的卻是一塊像機場跑道的塑膠破布。我已向 Stark 反映，至今仍沒得到回覆。," 商品品質不佳, 客服沒有解決問題"
d1cb6e8ac59c40427069ffddd69e0346,1,PRODUTO 3 DIAS DE ATRASO PRODUTO COM 3 DIAS DE ATRASO NA ENTREGA,商品配送已延誤三天。, 運送延遲
1fe8101413459da070928e996123ddf9,1,"comprei uma bateria 12v xb 1270 e recebi uma xb 12AL, de amperagem menor que a efetivamente comprada.",我買的是 12V XB1270 電池，收到的卻是 XB12AL，安培數比實際購買的規格更低。, 商品規格錯誤
17fd8b577623e64e4b2dcce81f690abf,1,"At? o momento n?o recebi meu produto. Tento entrar em contato com a Lojas lannister e n?o consigo. O site dos Correios, empresa contratada para a entrega, n?o atualiza o status da entrega desde dia 1",到現在仍未收到商品。我聯絡不上 Lannister 商店，而負責配送的郵局網站自 1 日起就沒有更新物流狀態。," 運送延遲, 客服沒有解決問題"
6031cc5b0ad79e29b4cbf7388e73a23e,1,N?o recebi um dos mouse pad,其中一個滑鼠墊沒有收到。, 商品缺件
0fb0a78bd50c7141b5d64b645f3a1a1a,1,"O tapete na foto do an?ncio tinha cor preta, mas foi entregue na cor chocolate (mais claro do q tabaco)!
Vi e revi a foto em monitores e configura??es diferentes e em todas a cor do tapete ? preta.",廣告照片中的地毯是黑色，收到的卻是巧克力色，比菸草色還淺。我已用不同螢幕與設定反覆查看，照片裡確實都是黑色。, 商品規格錯誤
f5984b3ea73dd71d8ce165b012b58ec2,1,Estou aguardando meu produto,我還在等待商品。,運送延遲
e2e59a0ed2c0ca5f7472c48781e762fc,1,Bom dia! Como fa?o para cancelar esta compra? Cansei de esperar o dinheiro do cart?o j? paguei. Preciso que voc?s me ajudem. Obrigado!!,早安，請問如何取消這筆訂單？我已經等得不耐煩，信用卡款項也付了，請協助處理，謝謝。, 描述要取消訂單
b434d1690170edb8cc2efa7fbf1cd8b8,1,"Parece mais uma lona, e s? vem uma parte da ""cortina"".",材質看起來比較像帆布，而且所謂的窗簾只寄來其中一部分。," 商品品質不佳, 商品缺件"
418a79e28ddcaa1b4d07fb611a2caad4,1,"nao recebi a quantidade de produto q paguei
falta um kit. o que fa?o?","我沒有收到我支付的商品數量
缺少一個組合。我該怎麼辦？",商品缺件
fa6802dda2cd5015410612ad9725dfbf,1,Falta de compromisso,缺乏承諾,無事實
dc3c411bd702597e3f10b2a8f8aab523,1,"O produto ainda n?o chegou, entrei em contato com a central, mas n?o me souberam me responder onde meu produto estava e porque n?o chegou.",商品還沒有到達，我聯繫了中心，但他們無法告訴我我的商品在哪裡以及為什麼沒有到達。,"運送延遲, 客服沒有解決問題"
a5c2c9a72d1fa84a9134723bbc0ddf0c,1,Ainda n?o recebemos o produto,我們還沒有收到商品, 運送延遲
5341cca84d11644f1aff5b044054c000,1,O produto ainda n?o chegou pra mim esta sendo ruim.,商品還沒到，這對我來說很糟糕。, 運送延遲
770c2c8d31312c9bef213def9f75df34,1,"A empresa n?o esntregou o produto, a lannister enviou e-mail informando que a empresa n?o vai entregar o produto e n?o consigo cancelar a compra.",公司沒有出貨，蘭尼斯特寄email說公司不會出貨，我也不能取消購買。, 商品沒有出貨
07ccd73f010c571ceca27d569a13bfd0,1,Cliente n?o tem comprometimento com suas vendas.,客戶並不致力於他們的銷售。,賣家沒有努力銷售
ffba674dbbc0250e36889712458d81f3,1,Vcs t? deixando a desejar comprei produtos com vcs e vcs demora entregar e ainda cancela o pedido sem autoriza??o,你有不足之處，我買了你的商品，但你遲遲不發貨，甚至擅自取消訂單,"訂單延遲, 擅自取消客人訂單"
6d864f6b064786c40c3c3040878b0e41,1,N?o recebi minha mercadoria e estou muito insatisfeita pois j? ? a segunda vez que acontece. Aguardo solu??o.,我沒有收到商品，我非常不滿意，因為這是第二次發生這種情況。我等待解決方案。,沒有收到商品
3de3ea1f194e5c1fcf9a6451d3d1a956,1,"At? a presente data n?o recebi o produto mas j? informei por e-mail o sac de vcs, estou aguardando uma posi??o.",到目前為止，我還沒有收到商品，但我已經透過電子郵件通知了你們的客戶服務，我正在等待回覆。, 沒有收到商品
52c58b112be6091c59eaea5e5342c6ac,1,N?o recebi o produto e por isso sem condi??es de avalia??o.,我沒有收到該商品，因此無法對其進行評估。, 沒有收到商品
5c6ceaf3119972f05a185465bc01edbe,1,A MALA VEIO RASPADA - VOU TENTAR DEVOLVER,手提箱被刮壞了 - 我會嘗試將其退回, 商品破損
dfe3e49fe6a92bb457578003850eb5f1,1,"Botei meu dinheiro fora comprei um papael de parede e o produto ? muito ruim, n?o cola e olha que no anuncio avisa que a parede n?o precisa ter massa corrida entoa comprei rasguei dinheirooooo.",我浪費了錢買了一些壁紙，商品很差，不粘，看廣告說牆不需要抹灰，所以我買了它，我浪費了錢。, 商品品質不良
2146ea344529ab38f2b82d8f90d63770,1,"Me entregaram somente uma touca!
Encomendei duas
E ainda os entregadores n?o largam em minha resid?ncia!","他們只給了我一頂帽子！
我訂了兩個
而且送貨員還不肯送到我家！",訂單缺件
23d1970863acd12bb7b3006575b85a69,1,"estou aguardando resposta do e-mail, pr? saber o porque do cancelamento desse produto.",我正在等待電子郵件回复，以了解該商品被取消的原因。," 客服沒有解決問題, 訂單被取消"
276231c4bff56052e936ea8ba6ef3c2a,1,Demora dms Ainda espero o produto...,需要一段時間，我還在等待商品...,運送延遲
a6dc0a2c7af84d8e299338f68e978a8e,1,Produto errado Infelizmente recebi um produto bem inferior ao que comprei.,錯誤的商品不幸的是我收到的商品比我購買的商品差很多。, 商品品質不佳
ee14f40b1a44a5eff952d4ab42ae9c74,1,Comprei dois cobertores e recebi apenas um,我買了兩條毯子，但只收到一條,訂單缺件
20fa4f5ea7a3fc181c46dd08a614290b,1,Produto paralelo vendido como se fosse original. Quero devolver. Prazo de entrega de 20 dias uteis ? excessivo.,平行商品就像正品一樣出售。我想退貨。20個工作天的交貨時間太長了。,"商品是仿冒品, 交貨時間太長了"
dc4a979120a9a1241aeac60d324dfd07,1,T? demorando pra valer! S? espero n?o levar preju?zo!,這需要永遠！我只希望我不會受到任何傷害！,無事實
c9a369ece58998f19bed1ee70db6297b,1,Nota zero. Pedimos 3 unidades veio apenas 1 unidade,零評級。我們訂了 3 件，只到了 1 件, 訂單缺件
71899d0f63ed05c46fc6c13daa467859,1,"Sugest?o Apenas um detalhe, a pel?cula de vidro n?o ? recomendada para o Xperia XA1 pois a sua tela ? abaulada e a pel?cula n?o adere nas margens. A pel?cula recomendada ? de Gel.",建議 只是一個細節，不建議在 Xperia XA1 上使用玻璃貼膜，因為它的螢幕凸出，並且貼膜無法粘附到邊緣。推薦的薄膜是Gel。, 商品品質不佳
899639f9578be773a63934e44b3a27f5,1,N?o recebi o produto nenhum comunicado foi me passado.,我沒有收到商品，也沒有給我任何溝通。, 沒有收到商品
df8a0088f014a0de94991955bd9171b8,1,Produto entregue com avaria e n?o tem estoque para repor,交付的商品已損壞，並且沒有庫存可以更換, 商品損壞
f8ac05b2f676cf2000a336b3b380f0d9,1,S? entregaram uma cortina na cor bege e n?o entregaram a azul veio marcando na nota o produto mas o produto n?o veio,他們只送了米色的窗簾，沒有送藍色的，在備註中標記了商品，但商品沒有到達," 商品款項錯誤, 商品沒有送達"
df41908a9d2a09315f4dab665b3b81c6,1,bom,很好,無事實
eacd72e18cfbf78bac35cc55d9c6109b,1,"Fiz uma compra na loja paguei pelo frete para receber o produto na minha casa, e n?o ter que pegar nos correios, se eu quisesse buscar o produto compraria em uma loja f?sica",我在商店購買並支付運費在家中收到商品，而不必去郵局取貨，如果我想取貨我會在實體店購買,無法理解
42e73b31a6c3c9ed4fc3acca32f563f4,1,O produto at? a presenta data ainda n?o foi entregue,迄今為止商品尚未交付,運送延遲
e5b421865836e6797bfa01fc8061256a,1,"Vou comentar uma falta de profissionalismo , uma vergonha.",我要評論的是缺乏專業精神，令人遺憾。, 客服沒有解決問題
355348c5516887922bf4035cd9032d08,1,N?o vou avaliar o que n?o N?o recebi a panela,沒有收到鍋子的我不會評價, 運送延遲
355339576f48f592b470124ab84eb016,1,ainda aguardando,仍在等待,運送延遲
599f31a50911868fc9b530cb505f4561,1,Naorecebi minha encomenda N?o recebi minha encomenda e a mesma conta como entregue. Estou tentando contato com o vendedor e at? o momento n?o tive retorno.,我沒有收到我的訂單 我沒有收到我的訂單，但它說已交付。我一直在嘗試聯繫賣家，但到目前為止我還沒有收到回應。,"沒有收到商品, 賣家沒有回覆問題"
a2ac4221870e9c8bdf6976817df6d5fe,1,Quero devolve-lo,我想退貨,無事實
7464eaec3006cd73257650844622a01e,1,"Adquiri o kit, ou seja, a base com o beb? conforto, por?m quando recebi estava somente a base.
Estou no aguardo da solu??o do meu problema.","我購買了組合，即帶有嬰兒舒適度的底座，但當我收到它時，它只是一個底座。
我正在等待我的問題的解決方案。","商品與廣告不符, 客服沒有及時解決問題"
c34714befe0a6b2b4f6be8e78ceb7cc3,1,Al?m de a entrega ter atrasado 1 semana o produto n?o veio funcionando e a caixa que veio o produto era de amaciante de roupas. Devolvi e n?o compro nunca mais nessa loja!,除了交貨延遲 1 週外，該商品也不起作用，而且商品的盒子裡是織物柔軟精。我退貨了，再也不會在這家店買東西了！," 運送延遲, 商品品質不良"
ea45c41592967c2aa03ca9826b790873,1,"Comprei a base dermacol cor 207, pela cor mostrada nas imagens d? para ver um bege claro por?m a cor que chegou ? outra. Ou o site esta mostrando as cores erradas, ou ? defeito de fabrica.",我買了dermacol粉底色207，從圖片中顯示的顏色可以看到淺米色，但到達的顏色不同。要嘛是網站顯示的顏色錯誤，要嘛是工廠有缺陷。, 商品顏色措務
74b16ebf9c9912d660a7e1e14bfa08de,1,Gostaria que fosse comprido o combinado !!!!,我希望交易時間更長！,無法理解
8308469d770a0e7dafe033585b78b352,1,sua loja e um merda tem 20 dia espera minha mochila ate agora nada comprei um celular levo 2 meses para chega voce nao saber atende bem quero minha mochila ass alan correa barcelos,你們的商店太糟糕了，我的背包已經等了 20 天了，到目前為止什麼也沒有，我買了一部手機，我需要 2 個月才能到達，你不知道如何回答，我想要我的背包，屁股 alan correa barcelos, 運送延遲
ebc82ad0dae4477d6afa93511af36089,1,"O entregador contratado n?o permitiu a conferenciado produto antes da assinatura do boleto.
Amea?ou levar a entrega embora.
Assim q assinei, saiu correndo.
N?o entregou a NF.
Extremamente grossei","僱用的送貨員在發票上簽字之前不允許檢查商品。
他威脅要拿走貨物。
我一簽字，他就跑了。
沒有交付 NF。
極度粗魯",送貨員態度不佳
d21ea72ffbe4c167070b267d6d20c69d,1,"COMPREI DOIS E RECEBI APENAS 1, SEGUNDO O ATENDENTE A SEGUNDA ESTAR PARA CHEGAR AT? AGORA N?O RECEBI NENHUM RASTREAMENTO DA SEGUNDA GRELHA",我買了兩個，但只收到了一個，據助理說第二個必須到達，直到現在我還沒有收到第二個格柵的任何跟?信息,"訂單缺件, 客服沒有解決問題"
4c3aa7cff3e114947bbfb9b8bdf12e26,1,"Isso deve ser piada, n?o recebi o produto e ainda tenho que responder essa avalia??o.",這一定是個笑話，我沒有收到商品，但我仍然要回覆這篇評論。,沒有收到商品
9ec97953a4e7ac154b5f175e21e81307,1,Eu pedi q cancelacem antes da nf ser emitida pq eu havia ganhado de presente um igual... n?o cancelaram... mandaram assim msm... eu pedi quando a nf ainda n?o tinha sido emitida,我要求他們在發票開立之前取消它，因為我收到了類似的禮物...他們沒有取消它...他們就這樣發送了...我問發票何時尚未開具,客人取消訂單但系統沒有取消
a85844696a9ca32d9222920582e2d8a9,1,"n?o consigo rastrear meu produto. 
muita demora pra entregar","我無法追蹤我的商品。
交貨時間太長"," 無法追蹤商品, 交貨時間太長"
558450e931f1e3ba971f87581d637bd0,1,"estou aguardando ate hoje a entrega do produto,comprado em 16 dezembro 2017.
aguardo retorno urgente
att alice bretanha","我仍在等待發貨，該商品是 2017 年 12 月 16 日購買的。
我等待緊急回覆
阿特_愛麗絲_布萊塔尼亞","運送延遲, 客服沒有解決問題"
28fbbde2d20c967ef2fa0919b9cb2336,1,ate hj estou aguaradando o produto que foi postado no dia 26/09/2017.,我仍在等待 2017 年 9 月 26 日發布的商品。, 運送延遲
f26773b54cbe053e787d191f036b8c53,1,Pedi duas canetas e apenas uma foi entregue!,我訂購了兩支鋼筆，但只交付了一支！, 訂單缺件
a5639483a41a4a4b6b7b095a34418eac,1,"Eu comprei um ""Limpa Vidro Com Im? Magn?tico Super Rodo""e me entregaram uma balan?a.Era um presente e me envergonhei qdo a pessoa abriu.Tive que ligar para o baratheon e estou aguardando um contato.",我買了一個“超級刮刀磁性玻璃清潔劑”，他們給了我一個秤。這是一份禮物，當那個人打開它時我感到很尷尬。我必須給拜拉席恩打電話，等待聯繫。,商品與訂單不同
b6cd48902c1c5a93fb7cc4a63f1dae83,1,A previs?o para chegada era dia 11/04. Hoje ? 13 e nada de produto. ? o pior nem ? isso. O problema ? que nem levam para dar satisfa??o e nem respondem quando o cliente entra em contato. N?o recomendo,預計抵達日期為 11 月 4 日。今天13號了，還沒有商品。這還不是最糟的，甚至還不是最糟的。問題是他們甚至沒有花時間讓我們滿意，甚至在客戶聯繫時也沒有回覆。我不推薦,"運送延遲, 客服沒有解決問題"
5dcc936952f7e67f7faa64c8f57e97a9,1,"produto n?o entregue o produto n?o foi entregue, a empresa n?o se pronuncia",商品未出貨 商品未出貨，本公司不予置評,運送延遲
9784540fc8cb2ca0cb17bccc8f2faf6f,1,"Eu comprei um celular smartphone , n?o chegou n?o recomendo comprar nesta loja targaryen e lannister porque n?o chegou meu produto. Eu comprei est? data,07/06/2017. Era pra chegar no dia .05/07/2017.",我買了一部智慧型手機，但沒有到達，我不建議從這家坦格利安和蘭尼斯特商店購買，因為我的商品沒有到達。我購買的日期是 2017 年 6 月 7 日。它應該在 05/07/2017 到達。,運送延遲 
0b6c554ef086e07c917c1606955b1e5d,1,"Carregador LG com defeito Boa noite,
Recebi ontem o produto que, infelizmente, n?o funciona (n?o carrega a bateria do meu celular LG).
Tentei acessar o canal de reclama??es de lannister.com, mas n?o consegui. Fiz mau neg?ci","LG 充電器有缺陷晚上好，
我昨天收到了該商品，不幸的是，它無法使用（它無法為我的 LG 手機電池充電）。
我嘗試訪問lannister.com 客訴管道，但無法訪問。我做了一筆糟糕的交易","商品有缺陷, 客服沒有解決問題"
cf7d19695af62fbfa2cf1da2c1d797ec,1,P?ssimo o retorno Solicito o cancelamento.,可怕的反應。我要求取消。, 無事實
eea04af75e81c41d7ff59afecb666edb,1,"Comprei dois mascotes do boneco Tom , das Olimp?adas e depois de quase dois meses essa empresa "" parceira "" mandou e mail dizendo que a compra foi cancelada !Paguei ? vista , com boleto. Nunca mais",我買了兩個奧運的湯姆娃娃吉祥物，差不多兩個月後，這家「合作夥伴」公司發來一封電子郵件，說購買被取消了！我是用現金付的，有銀行存單。再也不會了,訂單被取消
e1cf0c64e02aeaec7b25ecc0747335c2,1,"Escolhi as ta?as com caveira mexicana, foram entregues as de p?quer.",我選擇了帶有墨西哥頭骨的杯子，並贈送了撲克牌。,無法理解
b152c3916fac087c4eba4a98ac7a5b95,1,"veio fora do prazo, demorou mais de um m?s pra receber.",到的比較晚，等了一個多月才收到。,運送延遲
3ee73291305a46b3000317df81f7c1d6,1,Falta de respeito resumi meus sentimentos em rela??o a vcs,缺乏尊重概括了我對你的感受, 客服服務不好
fc7eeba261cf351edc5b8ce5d3c034bc,1,"Erro na informa??o Solicitei o carregador para o tablet. G?nesis. Conforme a informa??o do vendedor ,solicitei o produtos n?o se adaptou ao meu tablet.",訊息錯誤 我請求平板電腦充電器。創世紀。根據賣家的訊息，我要求了該商品，但它不適合我的平板電腦。,無法理解
8eef550b3f0b30e00d4a8abc4ea472ac,1,"Regular Meu kit nincho venho com umas lascas na tintura ,, acredito que devido ao manuseio do pacote e tbm da transportadora.",常規 我的 nincho 組合在染料中帶有一些碎片，我相信這是由於包裝和載體的處理造成的。, 商品品質不佳
fb352faa968c4eb9719c4551720ba89a,1,"Produto n?o chegou dentro do prazo, portanto, n?o recomendo a loja.",商品沒有按時到達，因此，我不推薦這家商店。,運送延遲
317170e915c28cab4928c4f5cbe1556b,1,Eu ainda n?o recebi o produto.,我還沒有收到商品。,運送延遲
c2c239d413c493d844beb67af1a87516,1,J? se passaram quase um m?s e nada preciso da ajuda de vcs,已經快一個月了，我不需要你的幫忙。,運送延遲
c1e49c37af788218296bf393aecb82ac,1,Ainda n?o recebi.,我還沒收到。,運送延遲
d862d197a1ecdfb453b9fdddd5ccefa9,1,o site n?o atualiza as informa??es e n?o tem como reclamar que a mercadoria ta atrasada uma merda,網站不更新訊息，無法投訴商品遲到, 運送延遲
7fe16181a915fdeea516b34c0f686b80,1,"Comprei um produto e j? t? com mais de um m?s ,j? paguei a primeira presta??o e nada do produto , espero que vcs resolva meu problema porque j? passou do prazo de entrega , espero uma resposta. .",我買了一個商品，已經有一個多月了，我已經支付了第一期付款，但商品一無所獲，我希望你能解決我的問題，因為它已經過了交貨日期，我正在等待回复。。,運送延遲
2165b2b26e67eee7a9d28e13c0ad0468,1,N?o recebi o produto.e agora?,我沒有收到商品。現在怎麼辦？,沒有收到商品
6b3cc387ac29167e7dc6ceb254592a35,1,N?o recebi o produto,我沒有收到商品,沒有收到商品
3c536807957a30392592bdcd939fb461,1,Comprei 4 kit manicure e s? recebi 1.,我買了 4 個美甲套裝，但只收到了 1 個。,訂單缺件
6815a8ce340a22796c166d2f34548c29,1,nao recebi,我沒有收到,沒有收到商品
fe1b661d1473a729a6f02ff060f068ec,1,Demora muito,需要很長時間,運送延遲
d343742a16c659fc71d75a9bc0cef406,1,N?o recebi o produto. Uma vergonha comprar um produto e n?o o receber.,我沒有收到商品。購買商品卻沒有收到是一種恥辱。,運送延遲
953a9f89ff0daf04244de85814d0e473,1,n?o recomendo demorou mais de 1 m?s para efetivar a troca de cuba quebrada e envio de pe?a faltante,我不建議花費超過 1 個月的時間來更換損壞的水箱並發送缺少的零件,更換損壞商品零件時間過久
964a8e9cbec55cd520b489915fad9661,1,Comprei o produto h? mais de 20 dias ?teis e ainda n?o foi entregue.,我20多個工作天前購買了該商品，但尚未發貨。,運送延遲
7e14d7e57165a8bc9fa0a92560b34b1a,1,"O produto n?o aparece o mesmo da foto , veio MOLHADO e com o cheiro muito forte . N?o compraria novamente e muito menos indicaria",該商品看起來與照片不一樣，它到達時是濕的並且具有非常強烈的氣味。我不會再購買，更不用說推薦了,商品品質不佳
59b98ca1e8e6a9e491b6635ced3a4bc0,1,Ainda n?o recebi o produto e nem fui comunicada a respeito do motivo do ocorrido. Qual a posi??o da lannister?,我仍然沒有收到商品，也沒有收到有關其原因的通知。蘭尼斯特的立場是什麼？, 運送延遲
00eb718f8b71a61b99580b4201d7aac5,1,Produto quebrado,破損商品,商品破損
8c7973642f29811d6088fbb2864ff2eb,1,Comprei Tr?s pneus para bros; um aro 17 e 2 aro 19 mas at? agora s? chegaram um aro 17 e um aro 19. J? enviei um e-mail para a loja e estou esperando uma resposta sobre o ocorrido.,我為兄弟們買了三個輪胎；1 個 17 輪圈和 2 個 19 輪輞，但到目前為止，只有 1 個 17 輪圈和 1 個 19 輪圈已到達。我已經向商店發送了一封電子郵件，正在等待有關所發生情況的回應。, 運送延遲
44c6cc76985408a13aac888baeae9a10,1,produto nao e original,商品不是原廠的, 商品是仿冒品
fdb6e93e4f63d67781d8f39cbf281205,1,"O produto chegou mais ou menos em dois meses. Gostei do produto, mas estava precisando logo e demorou demais.
N?o recomendo porque demora muito pra chegar. A loja precisa ter mais responsabilidade.","商品在大約兩個月內到達。我喜歡這個商品，但我馬上就需要它，而且花了太長時間。
我不推薦它，因為它需要很長時間才能到達。商店需要承擔更多責任。",運送延遲
883551f603e4a434e733c274cdc625b6,1,Enviar um produto similar e que nem funciona.,發送一個類似的商品，甚至不起作用。,商品品質不佳
f1e7a7193d6bf6c82fb05e7965d6f8eb,1,"N?o consegui entrar em contato com a loja, infelizmente consta no cadastro que a mercadoria foi entregue, foi entregue para quem? N?o houve atendimento p?s venda!",我無法聯繫商店，不幸的是，收銀機上顯示商品已交付，交付給誰？售後沒有客服！,客服沒有解決問題
72d58a8858280c8a9d6a8eee6423a3d2,1,Comprei 2 cadeiras e recebi somente 1,我買了 2 張椅子，但只收到了 1 張,訂單缺件
d7042d77d31ba7061472d97afecdac6f,1,"Quando estava quase vencendo a entrega, disseram que n?o tinham mais o produto no estoque! ?? 
Galera da stark, anunciam algo s? se tiverem mesmo! ????","當交貨快到時，他們說他們不再有庫存了！??
史塔克夥計們，只有在你真的擁有某樣東西時才宣布它！????",賣家庫存沒有掌握
c099aafb6db35704451859b711b53425,1,"O produto anunciado ? um e o produto entregue ? outro e de baixissima qualidade. Inadimissivel esse tipo de atitude que fere o codigo de defesa do consumidor, entregar produto diferente do anunciado",廣告中的商品是一種，而交付的商品是另一種，而且品質非常低。這種違反消費者保護法的態度是不可接受的，提供與廣告不同的商品," 商品品質不佳, 商品與廣告不符合"
7c2666990e1e75bec790c350372b5342,1,N?o foi entregue o produto!!,商品未交付！！, 運送延遲
7af9d609ac609d703f03b6143b69d09d,1,Solicitei a troca da cor do produto e n?o obtive retorno.,我要求更改商品顏色，但沒有得到回應。, 客服沒有解決問題
bb086b987ff4b583693de060686ab473,1,Comprei um produto na esperan?a de chegar na data ou antes para um presente e n?o chegou s? tempo e dinheiro.,我買了一件商品，希望它能在禮物日期或之前到達，而這不僅僅是時間和金錢。, 運送延遲
18ca5afc465bc6bbaa3693e1a9c108f8,1,Pessimamente atendido At? o momento n?o te hoje informa??o do produto e TB sem resposta dos e-mails que passri,服務很差到目前為止，您仍然沒有商品信息，並且我發送的電子郵件也沒有回复, 客服沒有解決問題
03129dea7c12fa5878b2e629ccdf2ce6,1,Comprei 14 unidades e recebi somente 9. Ainda n?o foi resolvida a quest?o.,我買了14件，只收到9件。問題還沒解決。, 訂單缺件
dbc9866f7378db8f34dea1ba258f1a1f,1,"Tive que cancelar a maioria das minhas encomendas, s? gostaria de ter sido procurado pela equipe de atendimento n?o s? por e-mail.
Sei que em grande parte da culpa foi dos correios.","我不得不取消大部分訂單，我只是希望客戶服務團隊不僅透過電子郵件與我聯繫。
我知道郵政服務負有很大責任。", 客服沒有解決問題
7052372c51ea300f25f3e153489d0426,1,Cor errada Comprei o produto com a cor laranja e veio com a cor amarela.,顏色錯誤 我買了橘色的商品，結果卻是黃色的。,商品顏色錯誤
179eb58d89cacb452762401af33c7a42,1,Depois de mais de 30 dias da compra efetuada recebo um e-mail informando que o produto que comprei n?o estava mais dispon?vel. Simplesmente um descaso com o consumidor e um atendimento lament?vel.,購買後 30 多天，我收到一封電子郵件，通知我所購買的商品不再可用。簡直是對消費者的漠視和可恥的服務。,客服沒有解決問題
fc68f150ba899eceb6714f05b57cf752,1,ruim,壞的, 商品損壞
e7e0d0c1d293e91aa28e72323b97ab13,1,"Recebi apenas um produto.
O outro n?o .","我只收到一種商品。
另一個則不然。",訂單缺件
7e77ca656c70c554cede9c0d2aeed151,1,"Espero que chegue o produto estou aguardando , ainda n?o chegou.",我希望商品能到，我在等，還沒到。, 運送延遲
64fdd7500d7b0930b45e9103238a45ec,1,"At? hoje n?o aparece nem o rastreio no site da loja, cad? meu produto?",直到今天，追蹤仍然沒有出現在商店的網站上，我的商品在哪裡？, 運送延遲
58c3798ac38a6a99cd42df4a7f1551bf,1,Recebi Errado Pedi o Pure Seduction e veio o Love Spell.,我收到錯了。我點了純粹的誘惑，愛情咒語來了。,無法理解
22fe5d28fc369be163eaa6fefaa1569b,1,"Muito insatisfeita com minhas ultimas compras no site das lannister.com
H? mts anos sou cliente e recomendava esse site. Hj nao mais. Mt demora para entrega das mercadorias o q geta mt insatisfa??o.","對我上次在 lannister.com 網站上購買的商品非常不滿意
我已經是多年的客戶並推薦了這個網站。不再。交貨時間較長，導致不滿意。", 運送延遲
2cc066325ff2aab0994a76e31b9ffce1,1,Falta parte do produto,部分商品缺失,訂單缺件
072436ed68a9e87ac862d449c5724c45,1,"recebo entregas em minha casa e no meu servi?o, porem n?o consegui receber deste, targaryen",我在家裡和我的服務機構收到貨物，但我無法從坦格利安這個人那裡收到貨物,無法在其他地方收到貨務
7e3a93130ae3a1a1345cd08073629232,1,"Produto n?o entregue Comprei um bebedouro dia 08/04 e me deram um prazo de at? o dia 30/04 para me entregar, hj j? s?o 02/05 e n?o me entregaram n?o comprem nada vendido e entregue pela targaryen mando emails e n?o respondem",商品未交付 我於 04/08 買了一個飲水機，他們讓我在 04/30 之前交付，今天是 05/02，他們還沒有交付給我，不要購買坦格利安出售和交付的任何東西我發送電子郵件，他們沒有回复,"運送延遲,客服沒有解決問題"
0956cc69e20e7939600a095d14e4ac88,2,o cartucho nao esta funcionando,墨盒不工作, 無法理解
2ca520d417c2a0ae2fe872b76aa2fafd,2,"O produto n?o foi entregue totalmente, Cobraram 4 embalagens e s? entregaram duas. Valor cobrado no cart?o 4x61,13",商品沒有全部交付，他們收取了 4 個包裹的費用，但只交付了兩個。儲值卡金額 4x61.13,訂單缺件
bb642041ee3343e275209058979d2c6a,2,Comprei o kit colcha com cortina mais at? hoje n?o chegou o produto,我買了帶窗簾的被子組合，但商品還沒到。,運送延遲
7945870a59146fcc70a0c45dc931fbab,2,"Os orif?cios da capa para conex?o do cabo P2 (3,5 mm) e do microfone n?o correspondem ao celular.",蓋子上用於連接P2線（3.5毫米）和麥克風的孔與手機不對應。, 商品規格錯誤無法處理客戶問題
2456e7efff67f311120496a395833db6,2,Mercadoria ok A cadeira veio ok e no prazo. Dei apenas duas estrelas pois os demais produtos pedidos chegaram com uma semana de atraso na entrega!,貨物還好椅子準時到達。我只給了兩顆星，因為訂購的其他商品交貨晚了一周！, 運送延遲
feddd80b19843ef4d7aa2c573e4bcd4c,2,"A loja eu recomendo mas o produto n?o.. ele trava e n?o funciona corretamente,",我推薦這家商店，但商品不......它崩潰並且無法正常工作，,商品品質不佳
9b3af874b361f237146931ef16d98cdb,2,boa rela??o custo beneficio porem qualidade n?o t?o boa,性價比不錯，但品質不太好,"性價比好, 商品品質不佳"
d62532999a372315edad58713a0a89e6,2,Era um jogo de cama 4 pe?as e veio de3 pecas,這是一套 4 件套床上用品，附帶 3 件,訂單缺件
9da5990c51c04946ce0a6a611acc78f3,2,O produto foi entregue dentro do prazo por?m um dos produtos veio danificado.,商品按時交付，但其中一件商品損壞。, 商品損壞
de01904cf74808ba87e1df65f7882ef0,2,Qualidade baixa para o pre?o.,價格低品質。, 商品品質不佳
2f31c2e46baeea5b5bf6c93d8842eff7,2,"comprei a maquina com 2 bastidores extras, entretanto veio faltando o bastidor de bolso, fiz diversos contatos com a loja e email porem sem retorno. Aguardo contato e resolu??o do problema",我購買了帶有 2 個額外框架的機器，但是口袋框架丟失了，我多次與商店聯繫並發送電子郵件，但沒有回复。我等待聯繫並解決問題, 客服沒有解決問題
18d76645b2372fec665a35c9c57bb6f7,2,Produto n?o se parece com a foto.,商品看起來不像照片。, 商品與廣告不符合
c68cf5a3ab39017aa0b907c66c7e7eed,2,Pena que o prato veio quebrado.,可惜盤子到了就碎了。,商品損壞
ff2e013fc115e2c9d5d21874e673d1d6,2,Item nao entregue Consta na NF 2 itens orem apenas 1 foi entregue. Ja solicitei informa?ao sobre o item faltante.,商品未交付 NF 上有 2 件商品，但僅交付了 1 件。我已經請求提供有關遺失物品的資訊。,訂單缺件
d100adcddcef25bfa83bb819d562211c,2,Pedido incompleto Meu pedido chegou faltando um item.,訂單不完整 我的訂單到達時缺少一件商品。, 訂單缺件
4e1f6d6be3ffe82538bce490e6ffeb63,2,"Produto entregue como previsto. S? achei o material da arara a desejar. Material que n?o dar muita seguran?a. Tive q tirar as rodas pois sairam do lugar. No entanto como improviso ""bom""",商品按預期交付。我只發現機架的材料令人滿意。不提供太多安全性的材料。我不得不拆下輪子，因為它們不合適。然而，作為一個「好的」即興創作, 商品不安全
ecc08a8d1642e704d4c4a35bcfef48b1,2,Meu produto n?o foi entregue at? hoje,我的商品至今尚未出貨,運送延遲
103d39074fa26b7bfd65101962bbec58,2,N?o recebi o produto.,我沒有收到商品。,沒有收到商品
d4553ac6c45ff32d062a6e09863e445e,2,"Bonito,mas bem simples Acabamento e fragilidade no produto, equivalente ao pre?o pago!veio envolto em um pl?stico,muito de mal gosto",美麗，但非常簡單 商品的表面處理和脆弱性，相當於所付出的代價！它是用塑膠包裝的，非常無味,商品美麗
2337fd6b94a35c4487548c80ee945bfa,2,Meu produto est? com defeito,我的商品有缺陷,商品缺陷
d5d6a48c467aca0d52dbdebc73f4911f,2,Pedi 6 almofadas e s? vieram 5 e sem nota fiscal! N?o sei se foi problemas nos correios. Preciso de ajuda do baratheon para que eu receba a que est? faltando. E tamb?m est?o fazendo uma confus?o cos,我訂了 6 個枕頭，但只收到了 5 個，而且沒有收據！不知道是不是郵局的問題。我需要拜拉席恩的幫助，這樣我才能找到我失蹤的人。他們也製造混亂，因為,"訂單缺件, 可能是郵局物流的問題"
268c001e65c9cb176f33feb399f00796,2,"VEIO COM DEFEITO O produto ? muito bom, s? veio com defeito de f?brica. A parte inferior n?o est? encaixando com a parte superior. Fica sambando. A loja ? muito boa,por?m estou esperando a resposta para a devolu??o.",有缺陷 該商品非常好，但出廠時有缺陷。底部與頂部不匹配。保持森巴舞。商店很好，但我正在等待回复才能退貨。,商品缺陷
36db5f5bb491e4b04ee4b13fecc723f0,2,Fiz uma compra de 3 produtos entregaram duas e o correio n?o entregou a terceira alegando que nao tinha ningu?m casa! Como entregam 2 e n?o tem ningu?m pra receber a 3??! Tive que retirar! Absurdo!,我買了3件商品，送了兩件，第三件快遞員不送，聲稱沒人在家！他們如何交付 2 個而沒有人接收第 3 個？！我不得不把它刪除！荒誕！,快遞服務不佳
f6d25a2ebf79e8b2db25fb00845e340e,2,"EFETIVEI A COMPRA DE 3 UNIDADES DO PRODUTO, POR?M S? RECEBI 1 UNIDADE.",我購買了 3 件商品，但只收到 1 件。,訂單缺件
cd4bb33201d09cb4377c44219443b953,2,Tapetes vieram dobrados Comprei 2 tapete grandes e eles vieram dobrados. Junto veio uma carta pedindo desculpas porque os correios n?o aceitam embalagens com mais de 1 metro. Penso que deveria ter vindo por transportadora.,地毯是折疊的 我買了 2 塊大地毯，它們是折疊的。隨之而來的是一封道歉信，因為郵局不接受超過一公尺的包裹。我覺得應該是快遞過來的,商品品質不佳
bf57688bdabcbd44087aadfc2af13b06,2,nao recomendo comprei um modelo de relogio e veio outro totalmente diferente,我不推薦它。我買了一款手錶型號，但我收到了一款完全不同的手錶,商品型號與訂購不同
b0991e2673cd0b872a40dac5f44187e8,2,"Fiz o pedido de 2 un do mesmo produto, foi enviado em pacotes diferentes, ficando sem rastreio.",我訂購了 2 個相同的商品，但它是用不同的包裹發送的，沒有追蹤。,一筆訂單被拆成多個包裹
565425b36b89ddaed2e74d7ae72c40fb,2,"Cancelamento de compra Solicitei o cancelamento da compra dentro do prazo de 07 dias (conforme rege o c?digo de defesa do consumidor) e o cancelamento n?o foi efetuado, produto n?o entregue e o pagamento n?o foi estornado.",取消購買 我要求在 7 天內取消購買（根據消費者保護法），但取消未執行，商品未交付且付款未退還。,取消訂單沒有成功
2dda217cbce6c248f5488fe095547840,2,"Demora na emiss?o da nota levou mais de semana pra isso, demora na entrega ainda n?o recebi.",延遲發單，一週多了，延遲出貨，到現在還沒收到。,運送延遲
b716986447acc9e55a71fe2a0e01478e,2,Ainda n?o recebi,我還沒收到,運送延遲
60a9e896bec8cc3ada143f2954262a25,2,veio toner preto no lugar do amarelo,黑色碳粉取代了黃色碳粉,運送延遲
d8d62030afbc777000b61bdfc7312939,2,Entrega de encomenda Penso que deveria haver um modo de se comunicar com a empresa caso acontecesse de encomenda n?o ser entregue,訂單出貨我覺得如果訂單沒有出貨應該有辦法跟公司溝通,無法理解
2ae3724ff6d8f3b423c70e6f432e7146,2,Comprei pensando q o material fosse mais resistente mas n?o.,我購買它時認為這種材料會更耐用，但事實並非如此。,商品品質不良
266d46166f2642011b1909c9d4cd779d,2,"as cores n?o corresponde comprei o produto pela cor ilustrada pelo site da loja americana, no site mostra ser preto http://prntscr.com/jkx7hr quando o produto chegou aqui veio todos com a mesma cor, tabaco http://prntscr.com/",顏色不匹配 我根據美國商店網站上所示的顏色購買了商品，在網站上顯示它是黑色的 http://prntscr.com/jkx7hr 當商品到達這裡時，它都有相同的顏色，煙草 http://prntscr.com/, 商品顏色錯誤
efbe1f7580020f6b424f7fdac8608459,2,Oh meu produto veio faltando pessoa e n?o consigo resolver,哦，我的商品到貨時丟失了，我無法解決它,訂單缺件
63f7901c8d81ccea49eb75afbb1e2af7,2,Meu produto ainda n?o recebi preciso de uma posi??o a respeito do meu produto.,我還沒有收到我的商品，我需要一個關於我的商品的職位。,運送延遲
859aa93d0c75ba706d381b03f563884d,2,tomar cuidado n?o veio uma NF com o valor total da compra.,請注意，包含總購買價格的發票未送達。,發票沒有給到客人
5e7a01af6ac7a1223a1a6cccbd0a33fd,2,"Meu produto nao foi entregue , produto se quer chegou na minha residencia !",我的商品沒有出貨，商品到了我家！,運送延遲
e20096396c45b212e6a3a9fe8cb6b8f2,2,"Infelizmente n?o recebi o produto, por falha de informa??es com empresa de entrega; recebi aviso do correio ap?s o produto ter voltado ? empresa, n?o podendo retirar.",不幸的是，由於缺乏送貨公司的信息，我沒有收到商品；商品退回公司後，我收到郵局通知，無法領取。,沒有收到商品
d54fba66ce0ba0004bcdf58476d5f51b,2,nao recebi o produto,我沒有收到商品,沒有收到商品
de21691e77217d95444d8afc3155d183,2,A bolsa tira colo naltika n?o veio,naltika單肩包沒來,沒有收到商品
5e57b951863050e69fd82e9577d52ecf,2,Produto em voltagem Produto de excelente qualidade mas a voltagem veio diferente ! Informei a lannister .com antes do embarque Enesio assim me enviaram 110 ao inves de 220v,商品電壓 優質商品，但電壓不同！我在登上 Enesio 之前通知了 lannister.com，所以他們給我發了 110 伏特而不是 220 伏,商品型號錯誤
552e93fbf1f61cceb9d082c74e199d1b,2,a loja como sempre entrega no prazo mas o produto nao recomendo ele nao funcionou ate hoje e nao sei onde levar.,商店一如既往地準時交貨，但我不推薦的商品，直到今天才起作用，我不知道該拿去哪裡。,商品品質不佳
3f0b17a6e67885ab5eab4a07f5f71918,2,aguardando para avalia Aguardando para avaliar,等待評價 等待評價,無事實
b12ecc5278a6196182f5c4ffe1a4973e,2,"Produto inferior Produto inferior ao esperado. O mesmo foi comprado em mente a se obter o original do Google, n?o uma replica mal feita. 

Sem mais

Luis Fernando Brandao","劣質商品 劣質商品低於預期。購買它的目的是從谷歌獲得原件，而不是劣質的複製品。

沒有了

路易斯_費爾南多_布蘭當",商品品質不佳
c99922b1457d540799643a492e44b89c,2,Paguei pelo produto e n?o chegou na data prevista,我支付了商品費用，但商品沒有在預期日期送達,運送延遲
b0319c16620bae9000357087e29442ac,2,"Produto de qualidade ruim, n?o cabe na cama queen, que foi o tamanho adquirido.",商品品質差，不適合所購買尺寸的大床。,商品品質不佳
263af29cdc7d42feeab5e9443b6e20e5,2,"Recebi apenas o len?ol vermelho, o outro n?o.",我只收到了紅單，另一張沒有。,訂單缺件
87740b010df52d1f32fa553c54a7b386,2,"Propaganda n?o condiz A descri??o do produto refere-se a um material e acabamento que parece ser muito bom, por?m recebi o produto em MDF, que nada mais ? que um adesivo, mal colado, com discretas bolhas...",廣告不符 商品描述提到的材料和表面看起來非常好，但是我收到的商品是中密度纖維板，它只不過是一張貼紙，粘合不良，帶有不明顯的氣泡......,商品與廣告不符合
b5be606d37fe1a0bd2bbcb7e550574a2,2,"Recebi a encomenda de forma normal e dentro do prazo, contudo, recebi de primeira uma data de entrega estimada e que posterior, a data foi aumentando. N?o gostei dessa atitude. Demorou 2 semanas.",我正常準時收到訂單，但是，我首先收到預計交貨日期，然後日期增加了。我不喜歡那種態度。花了2個星期。,預定交貨日期被增加了
a7c069e626dbe0599ed351af7266e9fb,2,PRODUTO VEIO INCORRETO Comprei um modelo e veio outro. Espero que troquem por o produto correto!,商品不正確 我買了一款，但收到的卻是另一款。我希望他們能換成正確的商品！,商品不正確
88c2ca4a145483d52752ab4aede53585,2,Estou sem trabalha por que o meu kit de tesouras fio de navalha n?o chego e eu quero receber sou cliente a tanto tempo e acontece isso comigo como vai ficar minha citua?ao,我失業了，因為我的刀片剪刀組合沒有到達，而我想收到它。我已經成為客戶這麼久了，這種情況發生在我身上，我的狀態會變成怎樣？,運送延遲
6d16078834da0e70b5b94a01ad4c175c,2,"O carteiro nao entregou o produto informando que n?o havia ningu?m na resid?ncia para receb? lo, o que n?o ? verdade. Tive que ir retirar o produto pessoalmente e ainda fui mal atendido no correio.",郵差沒有投遞商品，並表示家裡無人收貨，這不是事實。我必須親自去取商品，但郵局的服務很差。,郵局服務不佳
b1199ab254fa7847098f8047f324136f,2,Veio muito mal embalado sem nenhuma prote??o contra impacto. O rel?gio veio solto dentro de uma caixa que cabia pelo menos 100 rel?gios. Produto chega todo balan?ado. N?o gostei,它的包裝很差，沒有衝擊保護。這隻手錶在一個可以容納至少 100 塊手錶的盒子裡鬆動了。商品到達時都已搖晃??。我不喜歡它,包裝不佳
312d7f9a312ae8815303395faca3bc12,2,"? a primeira vez que fiz a compra, e ainda n?o chegou.. S? quero indicar a partir do momento que tiver o produto em m?os.",這是我第一次購買，還沒到貨。我只是想從你拿到商品的那一刻起就表明這一點。,運送延遲
d36c41b88586fe863a44db0d0e84effe,2,"4 Achei que o tecido fosse melhor, muito fino",4 我覺得布料比較好，很薄,商品品質不佳
0dd6f386aca101b121f05706abf3e67b,2,"Produto com defeito A mascara veio com um pequeno defeito na estampa como se tivesse derretido, so n?o devolverei porque se trata de um presente
Que a loja confira os produtos da pr?xima vez antes de envia a seus client","有缺陷的商品睫毛膏的印刷有一個小缺陷，好像它已經融化了，我不會退貨，因為它是禮物
請商店下次檢查商品後再發送給顧客",商品有缺陷
1706ec4fcf68110ad4b97cec07299180,2,esperando e precisando... ainda n?o recebi meu pedido...n?o sei se ? culpa do parceiro ou transporte...,等待和需要...我還沒有收到我的訂單...我不知道是合作夥伴的問題還是運輸的問題...,運送延遲
4c1563dc28a5340594c4a9055e53fe4f,2,"A entrega foi r?pida.,mas o produto foi mal embalado e o pote chegou estourado.tive que usar metade do pote( que conseguisalvar) colocando emoutropote.",交貨很快，但商品包裝很差，罐子到達時破裂了。我不得不使用一半的罐子（我設法保存），將其放入另一個罐子中。,"交貨很快, 商品損壞"
2b47fe693b92e346504e983bf2e46707,2,"Al?m de n?o ter sido frente gr?tis, teve um prazo muito longo de entreg, quase um m?s",除了不是免費前台之外，出貨時間也很長，差不多一個月了,運送延遲
83a4feae179836a9552ede6eef305499,2,"Mercadoria nao veio conforme pedido, com certeza erro na hora da conferencia e agora
Q transtorno","商品沒有按訂單送來，這肯定是會議時的錯誤，現在
Q障礙",運送延遲
d2c7ba2428f4d0a2243a46a04fcc0c64,2,"Adorei a capinha, mas a pel?cula de vidro veio errada, bem menor que a tela do aparelho.",我喜歡這個外殼，但玻璃膜是錯誤的，它比設備的螢幕小得多。,商品規格錯誤
949ca8a399fa59f0e100303190579997,2,Recebi apenas 2 das 3 unidades previstas. Requeiro verifica??o e acerto da situa??o.,我只收到了 3 個預期單位中的 2 個。我要求核實並調整情況。,訂單缺件
0da9527ded54cfe124289bb9d5cd1cf0,2,Pe?as met?licas e alguns parafuso com ferrugem.,金屬零件和一些生鏽的螺絲。,商品品質不佳
d2685d708ee3a49340a50dd2184deadc,2,PRODUTO NAO ESTA CORRETO,商品不正確,商品不正確
b2d976dd8ce9f84823d532c7012e8e26,2,ate o momento nao foi entregue meu pedido,我的訂單尚未出貨,運送延遲
6d36eb684a05a8650da2007ea6f5714f,2,"Por mais que estivesse dentro do prazo, n?o gostei do prazo ser t?o longo p entrega, e por ter comprado outros produtos e a entrega ter sido feita separada",儘管是在截止日期內，但我不喜歡交貨時間太長，而且因為我購買了其他商品，而且交貨是分開進行的,運送延遲
d3ab3abdad3c74e96299296cfd59b003,2,Estou satisfeito com o processo de compra mas n?o com o produto. O fone de ouvido ? de m? qualidade e o produto tem um manual de instru??es muito ruim.,我對購買過程感到滿意，但對商品不滿意。耳機品質很差，商品的說明書也很差。,商品品質不佳
d832f74aca1af64b4f525edcb5426dfb,2,"Produto chegou sem nota fiscal, ainda n?o instalei, portanto ainda n?o posso dizer se est? em condi??es de uso.",商品到達時沒有收據，我還沒有安裝它，所以我還不能說它是否處於可用狀態。,沒有收據
08dd4e7efdf993d018ddae0a6db1f4c1,2,Por?m na foto tem tr?s buchinhos e s? veio 1..a foto confundi e o produto muito pequeno.,然而，照片中有 3 個 buchinhos，但只有 1 個。照片很混亂，而且商品很小。,"訂單缺件, 商品與廣告不符"
f7df9f105333139d1f404308323aa001,2,n?o recebi,我沒有收到, 沒有收到商品
f7c0d3bdf02dc38b059df935e7659c12,2,"N?o recebi o produto ainda, pe?o ajuda.",我還沒有收到商品，我正在尋求幫助。,沒有收到商品
adf2a2c1dadacb2ff9fd638f50f73b46,2,"pessima qualidade pedido com 02 itens, recebi apena 01 item. item recebido refere-se a 01 jogo com 05 toalhas, que vou usar como pano de ch?o.
o outro jogo solicitados n?o recebi, ent?o n?o poderei avaliar.","訂購了 2 件商品，品質很差，我只收到了 1 件。收到的物品是 01 套 05 條毛巾，我將其用作地板布。
我沒有收到要求的其他遊戲，所以我無法對其進行評估。","訂單缺件, 商品品質不佳"
7a9001dd985ebaca7669da76ce81e047,2,Infelizmente ainda n?o recebi a mercadoria,不幸的是我還沒有收到貨,運送延遲
3bc7e5898ed7ffd7c8f640884d8b9b18,2,"produto veio muito avariado, com tintas falhadas, no rosto do boneco, escudo do capit?o am?rica arranhado e n?o fica preso no suporte e o bra?o ""molenga""",商品到達時嚴重損壞，油漆不合格，娃娃的臉上，美國隊長的盾牌被劃傷，無法固定在支架上，手臂“軟”,商品損壞
0469d701e16bd63c4db659deb3ff87e0,2,obs. tenho um outro produto que comprei com vcs ? vai fazer um m?s que recebe o produto com defeito e at? hoje n?o fizeram a troca do produto,觀測值。我還有從你們那裡購買的另一種商品，自從我收到有缺陷的商品以來已經一個月了，直到今天他們還沒有更換該商品,商品有缺陷
63fe749565f3523c3315875954399273,2,"Comprei o espeto flex e o estinho flex.
o Espeto flex girat?rio n?o chegou ainda.","我買了柔性串和柔性托盤。
旋轉柔性串還沒到。",運送延遲
7ae7e94eb8c5ccb5f9bd8b0e4303696a,2,"O produto que recebi ? di Comprei um celular CAT S30 e recebi um aparelho inferior no pre?o e na qualidade, recebi um CAT B30.",我收到的商品是 di 我買了一部 CAT S30 手機，收到了價格和品質較差的設備，我收到了 CAT B30。,商品品質不佳
e467091377faa27a1f99213b98cd9c73,2,"O produto chegou no prazo, mas veio com o lacre rompido em uma embalagem n?o original, dando a impress?o de ser um produto usado. Testei e est? funcionando. N?o inspirou confian?a.",該商品準時到達，但非原包裝的密封破損，給人一種二手商品的印象。我測試了它並且它有效。它沒有激發信心。,"運送延遲, 包裝破損"
f799c0fb1a76fde8cfa2b94f06bc625a,2,nao recebi o produto Eu n?o recebi minha apostika e fui nos correios e ela n?o estava lah tambem,我沒有收到商品 我沒有收到我的加註，我去了郵局，但它也不在那裡,沒有收到商品
cbf3ba1e22efa8dd135eda11ceff852a,2,ainda n?o recebi o produto.,我還沒有收到商品。,沒有收到商品
28c48ed624ccf5855344639da4ffb854,2,n?o recomendo Recebi somente uma parte dos produtos.,我不建議我只收到部分商品。,訂單缺件
98e87c5ee69c0e518bdfa264e59ca220,2,"esta faltando esse jogo pro meu pedido ficar completo , esto aguardando a entrega",我的訂單缺少此遊戲，我正在等待交貨,訂單缺件
ccd3cd33c6cecf5de8491727dceed8dd,2,Comprei um jogo de cama len?ol e recebi um cobre leito,我買了一套床單並收到了床罩,無事實
60e76a159ac80bcaff4930b6b2241805,2,Comprei quantidade (2) e recebi qty(1). Quando vou receber o outro cartucho?,我購買了數量 (2) 並收到了數量 (1)。我什麼時候可以收到另一個墨盒？,訂單缺件
7b5e11cb50b3afb09adda2ec8c5d67f1,2,"Os correios ? a pior empresa do mundo e n?o fico a vontade em comprar em lojas que trabalham junto com os correios, prefiro a Wallmart ou a ponto frio l? eles n?o trabalham com os correios!",郵局是世界上最糟糕的公司，我覺得從與郵局合作的商店購買商品感到不舒服，我更喜歡那裡的 Wallmart 或 Ponto Frio，他們不與郵局合作！,郵局服務不佳
d3c5a0cefc6bd340ccb36f7d031263bf,2,"S? o tecido ? muito fino ,mais muito linda minhas meninas amaram,entrega antes do prazo muito bom!",只是布料很薄，但是很漂亮，女兒們很喜歡，提前發貨，很好！,商品漂亮
21861b82b8966d66c907fcdf30d9c645,2,"Estou avaliando com 2 estrelas pois o produto veio com problema na palmilha.
Estou aguardando contato do fornecedor para efetuar a troca.","我給 2 顆星是因為該商品的鞋墊有問題。
我正在等待供應商的聯繫以進行交換。",商品品質不佳
f29bbead1034936360ff92f70abbe8f6,2,Produto demorou muito para chegar,商品需要很長時間才能到達,運送延遲
66bffcbf6c7f4f41c3de2e5553209771,2,"Os pre?os s?o bons e os produtos de qualidade.O problema n?o ? a loja, mas o servi?o de entrega utilizado por eles ? o pior do pa?s. Os Correios nunca entregam no prazo.",價格優惠，商品品質好。問題不在於商店，而是他們使用的送貨服務是全國最糟糕的。郵局從不準時投遞。,"商品品質好, 郵局送貨服務不好"
06e6cccd3423308da5e581f7f43c41c0,2,Ja respondi esse questionario.,我已經回答了這份問卷。,無事實
d8af7d6f9c30064ef82591515f589ef8,2,"Ol? boa noite. Foi entregue apenas 1 travesseiro. Na minha compra s?o dois kits, no total de quatro travesseiros. Pe?o que verifique o erro e possa me d? uma resposta em breve.",你好晚安。只送了1個枕頭。我購買的有兩個組合，總共四個枕頭。請檢查錯誤並儘快給我答案。,訂單缺件
a466f9510a45ebe5b87ae0b86a294b68,2,Desorganizaos Entregaram somente um! Pessimo,混亂 他們只交付了一份！糟糕的,訂單缺件
e85fe5bf365daf490df3bd3813e89f39,2,"N?o recomendo. Recebi o produto com atraso(recebi somente apos reclamar), n?o veio o laudo da cadeira conforme a NR especificado no produto, n?o veio o manual com instru??o para montagem e a base (p?) veio com risco",我不推薦它。我收到商品較晚（我是在投訴後才收到的），椅子報告未按照商品上指定的 NR 提供，未提供帶有組裝說明的手冊，底座（腳）有划痕,"運送延遲, 商品沒有說明書"
41cad022dd271b16e815af8ba584cb27,2,"A Capa n?o ? para esse celular, ela n?o cabe direito e n?o da para escutar m?sica sem retirar ela pq n?o tem q entrada. A pel?cula fica curta e n?o preenche toda tela.",該保護套不適合這款手機，它不合適，而且如果不取下它就無法聽音樂，因為沒有輸入。這部電影很短，沒有佔滿整個銀幕。,商品規格錯誤
112b902a5fac4ebe80a40e9678de0d54,2,Bom Demora a chegar,不錯 需要一段時間才能到達,運送快速
534ccf0d88fd2fdf22ebfe855e44bc21,2,Recebi a jarra da Cafeteria mas a mesma n?o ? o modelo que comprei. Eu comprei a jarra da cafeteira Electrolux CMM20 e a que recebi n?o ? desse modelo da Cafeteria.,我從自助餐廳收到了水瓶，但它不是我購買的型號。我買了伊萊克斯 CMM20 咖啡機水瓶，但我收到的不是自助餐廳的那種型號。,商品型號錯誤
d571ab32d973c7e1afe387fbed465df2,2,"o produto e bom, porem a foto es diferente o z?per do produto ? branco real e branco e ficou horr?vel
bolsa rose com z?per branco.","商品很好，但是照片不一樣，商品上的拉鍊是真白白的，看起來很恐怖
帶有白色拉鍊的粉紅色包。",商品與廣告不符
c7b9b643679615786e672e08c4485263,2,"Confuso Fiz um pedido e veio outro modelo.
Deixa a desejar um pouco a interesse do consumidor precisei entrar em contado com o site n?o consigo","我很困惑，下了訂單，另一個型號到了。
消費者的興趣有點不盡人意，我必須聯絡該網站，但我不能",無法理解
95a31582487005fcc1cf30907d86454e,2,"Sempre gostei de comprar nas lannister, mas essa entrega deixou a desejar.",我一直很喜歡在蘭尼斯特購物，但這次送貨卻有些不盡人意。,運送品質不佳
f02a86965610a9da4b8be6a31f8f3a4f,2,"Produto ainda n?o chegou, estou no aguardo",商品還沒到，等待中,運送延遲
a7becfc2b4b236a9852b09c7253267fb,2,ENTREGA MUITO ATRASADA,交貨很晚,運送延遲
a94124008ee71e180f467f0414347d62,2,"Infelizmente deixou a desejar, porque paguei 45 reais de entrega. Para ser entregue na minha resid?ncia, mas n?o foi isso que aconteceu. Tive que ir na angencia dos correios pra buscar o meu pedido.",不幸的是，它還有一些不足之處，因為我支付了 45 雷亞爾的送貨費。被送到我家，但事實並非如此。我必須去郵局領取我的訂單。,運送不人性化
edb807d2af3d6f28ce033746764c5f54,2,Gostaria de fazer a troca do produto,我想換貨,想換貨
cdf89c8c70ab9fb7172b04361038cf0b,2,N?o posso dizer ainda N?o recebi o produto ainda,我還不能說我還沒收到商品,沒收到商品
3f051dbf71cf8e6dd11035d7e0f59935,2,"O produto n?o ? o mesmo da foto, fiquei com o produto porque gostei da cor, mais me senti enganada pois pedi um produto e chegou outro.",商品與照片不一樣，我保留了商品，因為我喜歡它的顏色，但我感覺被騙了，因為我訂購了一件商品，而另一件到了。,商品與廣告不符
df6c29df5ddd4dee73f86f0251306c87,2,"Demora na entrega..
O prazo da entrega foi aumentado ap?s a confirma??o da compra...
 Insatisfeito, e o produto veio diferente tamb?m. ..","延遲交貨..
確認購買後，交貨時間已增加...
不滿意，商品也不同。..","運送延遲, 商品與事實不同"
a569a3d646f77e85cad6e76dfffc37d6,2,A entrega veio faltando um dos produtos. S? foi entregue um produto de 2.,交貨時缺少一件商品。兩件商品中只交付了一件。,訂單缺件
d194256915bf9c4a2995f9038fa71e4b,2,"EFETUEI A COMPRA DE 01 CONDICIONADOR AUSSIE MOIST + 01 SHAMPOO AUSSIE MOIST + OS 3 MINUTOS DE TRATAMENTO AUSSIE STRONG.
ME ENVIARAM O TRATAMENTO AUSSIE MOIST SEM SABER A MINHA OPINI?O.","我購買了 01 澳洲保濕護髮素 + 01 澳洲保濕洗髮精 + 3 分鐘澳洲強力護理。
他們在不知道我的意見的情況下給我寄來了澳洲濕敷。",商品錯誤
c01d2cb91f0782540895c8feb7dd1025,2,Ainda n?o recebo e n?o sei o motivo,我還是沒有收到，也不知道為什麼,沒有收到商品
d5308f48b32d24592840810ab7ebe830,2,Ainda n?o recebi o que comprei,我還沒收到我買的東西,沒有收到商品
24e467c8784b125c2822e0f9e6bd877f,2,O produto n?o chegou!,商品沒有到達！,運送延遲
cccb9ba844853a4d94986404fb9253ed,2,n?o gostei do produto,我不喜歡這個商品,不喜歡商品
3b645069ede29bb44cb122bac9faa58c,2,"Achei frete muito caro, demorou muito p chegar, queria ter entregue no diados pais. S? chegou ter?a dia 15",我發現運費非常貴，花了很長時間才到達，我希望它是在父親節送達的。15號星期二才到貨,運送延遲
681a450c0c294390422a8557d645d03d,2,Produto venceu o prazo de entrega ontem.,商品昨天過期了。,商品品質不佳
c8f87e249f8573942b8b8c7fae93aa52,2,"Comprei outros produtos e sempre vieram, s? estou tendo problema com este, mais no geral ? um site muito bom de se comprar.",我買了其他商品，它們總是來，我只有這個有問題，但總的來說，這是一個非常好的購買網站。,網站不錯
bf0fa246aced173e2c8255204a471e0c,2,"Recebi na data esperada, porem veio na cor rosa e nao na cor azul como tinha comprado.",我在預計的日期收到了它，但它是粉紅色的，而不是我購買的藍色。,商品顏色錯誤
201559302b48fe57fce44a48ffafd230,2,"Porem veio faltando uma pe?a, s?o dois desenhos grandes dos lados da penteadeira porem veio s? um lado. Faltou o desenho da ladybug .. Ou quero pe?a faltante ou vou devolver... Obrigada",然而，少了一件，梳妝台兩側有兩個大圖案，但只來了一側。瓢蟲圖畫遺失了。要嘛我想要丟失的那塊，要嘛我會歸還它...謝謝,"訂單缺件, 商品破損"
213c27113a17ec15c780dcd1c5174f5b,2,"obd2 imcompat?vel O site n?o informa que o produto s? funciona no Android, sendo Incompat?vel com o Iphone via bluetooth. Tem que comprar o modelo mais caro com wi-fi se quiser usar com o Iphone.",obd2不相容 該網站並未告知該商品僅適用於Android，透過藍牙與iPhone不相容。如果你想在 iPhone 上使用它，你必須購買具有 Wi-Fi 的更昂貴的型號。,商品規格錯誤
1b5dc3da2372e9bb5518cd37cd9a9354,2,Demorou para entregar,花了一段時間才發貨,運送延遲
0d15750b6094880358ceec278e20d406,2,"O prazo para entrega era at? 14/12/2017,e at? ontem,18/12,n?o foi entregue. A loja n?o cumpre o prometido, mesmo com o produto j? pago.",出貨截止日期是12/14/2017，直到昨天12/18，還沒出貨。即使商品已經付款，商店也沒有履行承諾。,運送延遲
677aef773a30a3531b7beaf46e4bee6c,2,O produto n?o e dos melhores. No primeiro dia de uso ja esta com sinais de ferrugem!,該商品不是最好的。使用第一天，它就已經出現生鏽的跡象！,商品品質不佳
5a86eb2cc89faaed64c716ca5fed0b99,2,"Estava desistindo da compra por terem alterado a previs?o de entrega ap?s o fechamento do pedido, por?m me ligaram dizendo que j? estava a caminho. Recebi 1 pe?a do produto, sendo que comprei 2.",我取消了購買，因為他們在下訂單後更改了交貨日期，但他們打電話給我說貨物已經在路上。儘管我購買了 2 件，但我收到了 1 件該商品。,訂單缺件
9b2c9a4409dab71e20176e886fcd5dfa,2,"Pedi dois produtos mais Recebi uma caixa apenas com um, logo em seguida recebi um e-mail da lannister perguntando se eu recebi os dois produtos.",我又訂購了兩種商品。我收到了一個只有一個的盒子，不久之後我收到了蘭尼斯特的一封電子郵件，詢問我是否收到了這兩種商品。,訂單缺件
9f2c59c5c3bdfc1c6c8e6343fb4a7141,2,gostei ? pequena deveria ser um pouco maior,喜歡，有點小，應該再大一點,商品有點小
4bbd26c22370d9ceeb45fc685ee15d63,2,n?o recebi o produto consta que o mesmo voltou para o remetente. como fa?o para que possa reviar-lo?,我沒有收到商品，它似乎已退回給寄件者。我怎樣才能審查它？,沒有收到商品
9ab0b4714556d539f954a0f1afa673e9,2,"P?ssimo e gosto horr?vel! Imposs?vel de beber , n?o desolve! Me sinto arrependida! lannister usei s? 1scop gostaria de trocar n?o faz 7 dias q comprei, tem jeito ?",可怕又可怕的味道！無法飲用，不溶解！我感到抱歉！蘭尼斯特我只用了1勺，買了不到7天就想換，有什麼辦法嗎？,商品品質不佳
2480ae2d2615f70dc842b73405cfb473,2,Estou aguardando posicionamento da empresa.,我正在等待公司的職位。,無法理解
fbd9cc5a7770c84243e9701ac9ac2309,2,Demorando muito a entrega,交貨時間太長,運送延遲
a862bf72d51efa0d1880ce7e0a7ddf1a,2,"ainda estou verificando o atendimento quando precisamos efetuar uma troca ou resolver um problema, esse ? o referencial de qualquer atendimento.",當我們需要換貨或解決問題的時候我還在檢查服務，這是任何服務的參考。,客服沒有解決問題
bb847ada3e685e087e7ca974a606c42e,2,Realizei a compra com quase um m?s de anteced?ncia e o vencedor foi postar o produto com menos de uma semana para o prazo de entrega. Al?m de realizar perguntar se estava tudo ok e n?o ser respondido.,我幾乎提前一個月購買了商品，獲勝者在交貨截止日期前不到一周就發布了商品。除了詢問是否一切正常並且沒有得到答复。,客服沒有解決問題
f491c34662c69ddabc7401190a2e9a5b,2,Por favor verifiquem com os correios. Desde j? agrade?o,請向郵局查詢。先感謝您,無事實
6debd8835429e5955f0587408f605e82,2,APENAS UM DOS PRODUTOS FOI ENTREGUE COM DEFEITO. COMUNIQUEI AO VENDEDOR E ESTOU H? ESPERA DO CONTATO PARA EFETUAR A TROCA,只有一件商品交付時有缺陷。我已聯絡賣家，正在等待聯絡換貨,商品有缺陷
417ed14c808f80f32ae9694d3841ae82,2,"O produto ja passou do prazo, e at? agora nao chegou .",該商品已超過到期日期且尚未到達。,運送延遲
e96fc274949171b17a9e498d8d03c4e6,2,O rel?gio com pingente de coruja veio com defeito,貓頭鷹吊墜手錶到達時有缺陷,商品有缺陷
8e93dd240ee9c0d8ba83436980caa09e,2,"Colocaram nos status como entregue meu produto, quando na verdade recebi apenas um cadeado e uma carta de justifica??o de atraso na entrega. Mas, mesmo assim recomendo esta loja.",他們將我的商品置於已交付狀態，而事實上我只收到了一把掛鎖和一封證明延遲交付的信件。但我還是推薦這家店。,運送延遲
bc3343847caad098aa1bd65c47fbdd7f,2,"Produto divergente Comprei por um capacete no tamanho G, claramente especificado no an?ncio. No entanto me enviaram o tamanho M, sem ao menos ser questionado se atenderia ?s minhas necessidades.",不同的商品 我購買它是為了購買 L 號的頭盔，廣告中明確指出了這一點。然而他們給了我M號，甚至沒有問是否能滿足我的需求。,商品型號錯誤
1f3f5e3000ed6307fbda490057bfa59b,2,Atraso na entrega Ainda n?o recebi o produto.,交貨延遲 我還沒有收到商品。,運送延遲
45d15060fb432a746bb28ca63deca435,2,Comprei dois produtos e recebi apenas um.,我買了兩種商品，但只收到了一種。,訂單缺件
0f36bffc2db642b888e7e9b9d4c857fd,2,"A entrega teve 3 dias de atraso conforme a previs?o. N?o recomendaria porque o pedido foi feito dia 21/12/2017 e s? recebi dia 20/01/2018, ou seja, 30 dias. Acho que a espera foi muito longa.",交貨比預期晚了 3 天。我不推薦它，因為訂單是在 12/21/2017 下的，我是在 01/20/2018 才收到的，也就是 30 天。我認為等待的時間太長了。,運送延遲
652029aa79cc117e24ef61f4f957f3b6,2,o produto ? caro e pouco atrativo,該商品昂貴且缺乏吸引力,商品品質不佳
ab37099d60debc34f9ade511d9054776,2,P?ssima estou aguardando a mercadoria at? hoje j? paga pelo cart?o,糟糕，今天還在等貨，已經刷卡付款了,運送延遲
400569fafcc12420852aa0110da2592d,2,"comprei tr?s jogos de cama, e s? foram entregues dois, tentei entrar em contato por?m o atendimento eletr?nico n?o permite,pediu p aguardar uma resposta no e-mail e o mesmo nunca foi respondido",我買了三套床具，但只交付了兩套，我試圖聯繫，但電子服務不允許，我要求通過電子郵件等待回复，但從未回复。,訂單缺件
0735b219f9537d2fbc80cc75d12d7c56,2,O produto era pra ser entregue at? 23/01 e at? o momento (03/02) ainda n?o recebi.,該商品原本應該在 2001 年 23 月交付，但到目前為止（03/02）我還沒有收到它。,運送延遲
5cb3843c2a4c06159a9d2c28e5b660c2,2,O produto veio sem manuai ensinando como montar.,本商品沒有附帶說明如何組裝的手冊。,沒有說明書
aca2e1fcabddf4cdbfffc3e5c23abd2c,2,Faz mas de 25 dias uteis que fiz a compra.,自我購買以來已超過 25 個工作天。,運送延遲
21e25307228a79be50002e962b86ac51,2,"A entrega ocorreu dentro do prazo, destarte, o prazo m?ximo estipulado, quase me fez desistir da compra. O produto n?o atendeu minhas expectativas: som p?ssimo; foco n?o ajusta; causa tonturas...",交貨準時，事實上，規定的最大期限，幾乎讓我放棄了購買。商品沒有達到我的期望：聲音很糟糕；焦點不調整；導致頭暈...,"交貨準時, 商品品質不佳"
3d48be6d0b39e4383f614cd7baa9d038,2,"d?vida sobre lumin?ria N?o recebi o Kit ainda das tres lumin?rias. Sabem me informar, por favor, o status. Obrigada,",關於燈的問題 我還沒有收到三個燈的組合。能否請您告知我的狀態？謝謝，,運送延遲
cbc01bfbae1deb90673757d69dc3b593,2,muito demorada a entrega Muito demorada a entrega do produto.,交貨時間太長 商品交付時間太長。,運送延遲
46ae55db609ef5b15bd4fbe324a784bb,2,"Ruim Foi ruim pq eu tive q buscar no correio o produto e depois vi por mais barato em outros sites. Ent?o, pesquisaria mt antes de comprar.",糟糕這很糟糕，因為我必須在郵局尋找該商品，然後在其他網站上看到更便宜的商品。所以，我在購買之前會做很多研究。,其他網站看價格更便宜
e90351a2e646910880be93f44eaf7cdc,3,Funcional Entrega dentro do prazo.Mais a pel?cula fica descolando as laterais,功能正常，也準時送達。但薄膜不斷從側面剝落,商品品質不佳
b205a55ba51a0d6ff3dd08d51954f4cf,3,"Telefone celular Nenhum chip cabe, nem com adaptador!Estou buscando solu??o mais pr?tica.Caso n?o consiga, terei que trocar o produto.Recebi dia 17/8.",手機不適合晶片，即使有適配器也不適合！我正在尋找更實用的解決方案。如果我不能，我就必須更換商品。我是8/17收到的。,商品規格錯誤
845349ae426fbff64f291e629119644a,3,"Parab?ns entrega antes da data prevista, um produto bom e barato som do produto muito bom corrir com ele n?o me incomodo n?o ficou caindo ou folgando no meu ouvido olha que corrir 8 km recomendo.",恭喜，預產期前交貨，物美價廉，商品聲音非常好，我不介意帶著它跑步，它不會一直掉出來或在我耳朵裡鬆動，看看跑了8公里，我推薦它。,商品好用
cad3e8dbc2e750e0dfbd14dd98fc8d03,3,7 N?o recebi,7 我沒有收到,運送延遲
b28812e6929d8806092a7d84b5b8ec07,3,"Legal Produto aparentemente bom , ainda n?o testei todas as baterias",很酷 顯然是個好商品，我還沒有測試所有電池,商品好用
64b766ee7d1393464107ba157ce21f71,3,Chegou antes do prazo produto correto adorei...,提前到達正確的商品我喜歡它......,喜歡商品
3ee35128115fb68bf4f87111c304cfd8,3,As entregas da lannister ? sempre muito rapidas. Referrente ao produto ? razoavel.,蘭尼斯特的交貨總是很快。就商品而言，這是合理的。,運送速度快
a2a0621f78eea824535d210bacf61351,3,Rapidez Gostei da rapidez.,速度我喜歡速度。,無法理解
ab6b7c5d3391999b753c0bf4a994a6d2,3,Pedido cancelado mesmo antes do despacho. Irei trocar por outro produto,訂單甚至在發貨前就被取消了。我將其換成其他商品,訂單被取消
c46669eb2c1546df7a22590bcd83ad87,3,"Frete caro . Apesar de entregar no prazo , demorou bem mais do que outras lojas com o mesmo prazo .",運費昂貴。儘管交貨準時，但與其他相同期限的商店相比，它花費的時間要長得多。,"運費很貴, 運送時間很長"
47fef4396d22f203788d6fe7c9d9c583,3,A loja lannister e a entrega foi ?timo. J? o produto n?o ? t?o bom quanto aparenta. Mas da pra uso.,蘭尼斯特商店和送貨都很棒。商品並不像看起來那麼好。但它是可用的。,商品品質不佳
bc9f4602ba1974a232325630668b5447,3,Comprei o produto acreditando ser um tapete mas ? um banner de lona.,我買了該商品，以為它是地毯，但它是帆布橫幅。,商品與廣告不符
4130539f0d7d4ffd3ac52a3a44127b24,3,"Pelo rastreio do produto chego a conclus?o de que o problema est? junto aos correios, pois eu consigo ver a saida do produto s? que o segundo prazo de entrega que era 10/04 tamb?m n?o foi 
 cumprido.","透過追蹤商品，我得出的結論是，問題出在郵局，因為我可以看到商品已離開，但第二個交貨期限（即 10 月 4 日）也沒有達到。
實現了。",運送延遲
3901afeb6db5c3cab7fbbca6a78bcba6,3,Comprei dois produtos iguais e acabei recebendo s? um. O que devo fazer ?,我買了兩件相同的商品，但最終只收到了一件。我該怎麼辦？,訂單缺件
65fd4383bd1c61c311b050f432e521ce,3,Numero correti da casa ? 51.,正確的門牌號碼是 51。,無法理解
a7bf0663add57b1985381ff373c09688,3,Entrega muita r?pida,交貨非常快,運送快速
6d1f80c65b85c8e480e561482b01aca0,3,"A cortina ? bonita porem muito fina, nao bloqueia a luz do sol",窗簾很漂亮，但是很薄，擋不住陽光,商品品質不佳
f0473d83042796f4c684c8c626f235a0,3,"O produto ? o que eu pedi, chegou muito r?pido, mas n?o era bem o que imaginava do produto",該商品是我訂購的，很快就到了，但與我想像的不完全一樣,運送快速
0d3038c3baed153371c03aaae0498cc9,3,Superior as minhas expectativas,高於我的預期,高於預期
b94faa380910444ef2346a7a738b3667,3,"Eu n?o recebi minha mercadoria, mas eles enviaram, por?m o correio n?o fez a entrega por isso a responsabilidade ? do correio que est? muito irrespons?vel",我沒有收到貨，他們已經寄了，但是快遞員沒有送來，所以這是快遞員的責任，這是非常不負責任的。,快遞員服務不佳
502262530835f86e1ecb3a378e2cfe1f,3,"Produto chegou, mas tinha pouca especifica??o, nao vai me atender, preciso devolver",商品已到達，但規格很少，不適合我，我需要退貨,商品規格錯誤
2b36a1a19aa26b15b7abe258144f7613,3,Bom dia o ?nico problema que eu tiver que busca o produto no correio s? isso j? ? 3 vezes com voc?s.,早安，我遇到的唯一問題是在郵件中尋找商品，這是我與您共 3 次遇到的問題。,無法理解
01c6910591cf82408f2e4217e6484be8,3,N?o ? o esperado!! Produto bem diferente da foto.poderia ter sido embalado com mais prote??o.pois chegou meio riscado!!sem falar na demora da loja parceira para fazer a postagem!,不是我所期望的！商品與照片非常不同。它本來可以被包裝成有更多的保護。到貨的時候有點刮痕！！更不用說合作店延遲出貨了！,"商品與廣告不符, 商品有刮痕, 延遲出貨"
d52b4a8e439d12a18b1e8f3f03c829bc,3,Comprei duas lumin?rias e chegou somente 1. Estou aguardando a segunda lumin?ria.,我買了兩盞燈，但只到了其中一盞。我在等第二盞燈。,運送延遲
b5c7c1da8399e4ac3cecdd178984cbda,3,9,9,無事實
1d58a3aa52d00bfb687ab1b2479b3d82,3,so de n?o precisar torcer pano otimo,只是不需要擰乾布，太好了,客人開心
ef8d2046c41b725d72761ecfb0c4b5f7,3,"Produto novo, parece estar tudo certo, por?m a caixa nao veio lacrada.",新商品，看起來一切都好，但盒子沒有密封。,"商品不錯, 盒子沒有密封"
08e9e95f2e4a1bae22a7dab365383994,3,Jogo de panela As panelas sao bonitas a mesma cor da foto porem achei pequenas mas sa boas,平底鍋套裝 平底鍋很漂亮，顏色和照片一樣，但我以為它們很小，但它們很好, 商品很好
275c819eaa8549c30fbcbe35fb8afd70,3,s? achei que a altura da saia poderia ser maior,我只是覺得裙子的高度可以再高一點, 商品可以再改進
0d2d29fb1ef772a5e3cfe27465cd05c6,3,"O produto n?o ? igual ao mostrado na imagem anunciada. Estou esperando o tablet chegar, caso n?o caiba direitinho na capa, vou devolv?-la.",該商品與廣告圖片中顯示的商品不同。我正在等待平板電腦到達，如果它與保護套不合適，我會將其退回。, 商品與廣告不符
ab7a13719cb4219fb3fcfd6c287716fd,3,Ainda n?o conferi,我還沒查過,無法理解
10745b97342da1aac4a7d1fc47323b50,3,Produto regular a bom O produto veio como pedi!,常規到好商品 該商品是我訂購的！,商品好用
f3cb6ec8ea25d2da084ad439e68d9229,3,"A entrega ocorreu dentro do prazo, por?m paguei frete, mas tive que ir no correio buscar, neste caso o frete deveria ser mais barato",交貨準時，但我支付了運費，但我必須去郵局取貨，這樣的話運費應該更便宜,交貨準時
367b920a0b479bd286bb880b7dc64ab5,3,Ruim O produto veio ruim,不好 商品到達時不好,商品品質不佳
3214f5329af16f396305fdd136c9c97f,3,meu produto vei quebrado a tampa na parte de trais,我的商品背面的蓋子破損,商品有缺陷
0164813279fca168f16dc2fce414850b,3,produto muito bom custo e benef?cio.,非常物有所值的商品。,物超所值
fedad14ef1664811dbe3cf573bd35d42,3,Esperava mais agilidade.,我期望更加敏捷。,運送希望更快
331c750ee58998aa9ad832826d15c6c1,3,"O len?ol n?o ? o que parece.....achei q era percal cem por cento algod?o, e n?o ?, como dizia profissional imaginei os len??is de hot?is",床單不是看起來的那樣......我以為是100%純棉密織布，其實並不像專業人士所說的那樣，是我想像中的酒店床單,商品與廣告不符
66c5a7f7e846944b6a587491217a10bc,3,Gostaria de receber o produto. Ainda n?o recebi.,我想收到該商品。我還沒收到。,運送延遲
da06a0ad76e55173176dff03473ed837,3,Entregou no prazo. A vers?o do Scanner Mini ELM 327 que recebi ? a 2.1,準時交貨。我收到的Mini ELM 327掃描器的版本是2.1,準時交貨
16d6a72b031bbcceca1dac7ca55e7891,3,N?o era a vara e nem o molinet da foto e n?o tinha nenhuma informa??o q a foto era ilustrtiva,這不是照片中的桿或捲軸，也沒有資訊表明該照片具有說明性,商品與廣告不符
d972abebeb873c1b87b1fbaf882104ea,3,"Aconteceu uma pequena diverg?ncia na entrega, por?m consegui resolver juntamente com a loja este atrito. De uma forma geral atendeu minha necessidade.",發貨時出現了一點小問題，但我和店家一起解決了這個問題。總的來說，它滿足了我的需求。,客服有解決問題
e2e28b46de9f3d4d526ffd24c1909068,3,"Linda, mas achei que fosse maior. Achei o pre?o elevado pelo tamanho da maleta.",很漂亮，但我以為它更大。我認為對於行李箱的尺寸而言，價格很高。,"商品不錯, 價格過高"
98b7288eab50b56ad78f9e9f23839aaf,3,Produto mal cuidado Produto apresentava bordas amassadas. Infelizmente n?o fui eu que recebi a encomenda para notar.,商品維護不善 商品邊緣破損。不幸的是，我不是接到通知的人。,商品有缺陷
de9041584fadb543a39ad858803868d2,3,eu recomendo so faltou entregar mais rapido,我推薦它，只是需要更快地交付,運送延遲
50159be3324818783d2662534eb31484,3,bom o produto ? bom a entrega ? rapida;mas frete muito caro.,好，商品好，出貨快；但運費非常貴。,"出貨快, 運費貴"
de8e60048a81d9795fba5f05cecbea59,3,Compra sem problemas sendo que comprei o celular bem antes at? o momento n?o chegou e tanto a capa quanto a pel?cula est?o sem utilida de.,購買沒有問題，因為我的手機很早就買了，到現在還沒到，保護套和貼膜都沒使用過。,運送延遲
d08317951589ae76e9c807651f63cb5f,3,comprei 3 entregaram somente 2,買了3個只送了2個,訂單缺件
7ff99ed0c4b6e8a6e0729820404700ed,3,aprovado,得到正式認可的,無法理解
b51564ffe0b49a405c53c204102c8786,3,"Recebi o produto, mas quase um m?s depois. Talvez seja pelo atraso dos Correios.",我收到了商品，但差不多一個月後了。可能是因為郵遞延誤。,運送延遲
4b694abb31e64a3fdc7dc42f6385bd23,3,Houve um atraso na entrega......deveria ter recebido ate o dia 13/11/2017 e recebi no dia 18/11/2017,交貨延遲......我應該在 11/13/2017 之前收到它，我在 11/18/2017 收到它,運送延遲
137138c3827b90bdc169245f9a92a3e7,3,"A entrega foi efetuada antes do prazo. Entretanto, o produto n?o chegou em perfeitas condi??es. Amassou um pouco na tampa. Eu esperava que o produto fosse um pouco mais resistente, mas ? aceit?vel.",交貨提前。然而，商品到達時狀態並不完美。蓋子上有一點凹痕。我預計該商品會更耐用一些，但這是可以接受的。,商品有缺陷
b67a1ed874193e8d5f4c6f4083c2c906,3,"Problema na nota fiscal Gostaria de saber pq recebi a nota no valor de 14,20 se na realidade nao foi esse pre?o q eu paguei?",發票問題 我想知道為什麼我收到的發票價值為 14.20，如果實際上這不是我支付的價格？,發票錯誤
164e6531fa6a7029af0e0cd12b49b2a1,3,"? bm mas o material ? pouco fraco, precisa melhorar",不錯，就是材質有點差，需要改進,商品品質不佳
9494016ad206d7f6893c03421d3b38fd,3,"VEIO COM DEFEITO, O TECLADO N?O FUNCIONA.",它有缺陷，鍵盤無法使用。,商品有缺陷
5a0f8e5d90407378564ddd39eaf9e9df,3,"Os cartuchos da impressora vieram com defeito. O preto n?o funciona e o colorido n?o funciona a cor vermelha.
Lament?vel!!!","印表機墨盒有缺陷。黑色不起作用，紅色不起作用。
遺憾！！",商品有缺陷
597312daca8539590e53e4e5bb789bd2,3,"Recebi apenas um Boa tarde. Recebi apenas o livro coaching ministerial. Fico no aguardo de um retorno sobre o outro livro.

Desde ja agrade?o a aten??o.

Lincoln Santos Lopes.","我只收到一句下午好。我只接受過部長級補習這本書。我正在等待另一本書的回饋。

預先感謝您的關注。

林肯_桑托斯_洛佩斯。",喜歡商品
4c48489c297d6f0474d2c3a21be63e37,3,"produto devolvido fui bem atendido, mas o valor cobrado foi divergente do valor apresentado no site(desconto de 5% pela forma de pagamento). mas tudo ja foi resolvido.",退回的商品得到了良好的服務，但收取的金額與網站上顯示的金額不同（付款方式有5%的折扣）。但一切都已經解決了。,客服有解決問題
ddb01f86dc8432e4011f83ca34683cb2,3,Produto entregue dentro do prazo,商品準時交付,運送準時
75130f8a1d50bcdd6ee855ff507ae6f9,3,Muito mal embalado,包裝很差,包裝很差
870c5f4c320807e99256e64a167a149e,3,Produto n?o funcionou corretamente,商品無法正常運作,商品有缺陷
63c879304d1263b1dab3243a9c53439e,3,"Ainda n?o usei o produto, mas a entrega gastou 17 dias para chegar! Ja comprei na lannister e chegou super r?pido esse achei que demorou!",我還沒用過商品，但17天後就到貨了！我已經在蘭尼斯特買了它，它到達速度非常快，但我認為需要一段時間！,運送速度快
3c9afba479723cd8aeebc7649665ef6a,3,"Eu recebi o produto pelo metade paguei por dois e recebi um
Eu queria saber como fa?o para poder resolver isso?","我收到了一半的商品，我支付了兩件，我收到了一件
我想知道如何解決這個問題？",訂單缺件
9f0a724ccb6328d3d14b88615401897a,3,"A loja foi rapida em preparar o produto para ser postado. Porem os correios nao entregaram o produto, e ja faz mais de um mes.",商店很快就準備好要發布的商品。然而，郵局卻遲遲沒有出貨，已經過去一個多月了。,運送延遲
970099ab01bd827f43663da4bb4a519f,3,N?o recebi o produto ainda e n?o consegui entrar em contato com vcs .,我還沒有收到商品，也無法聯絡到您。,運送延遲
0c7158b218a4a7d726cd1cebf38de6d1,3,"Compat?vel com o valor ,a entrega super r?pida. Parab?ns pra lojas!!!",價格合適，交貨超快。恭喜各店！！,"價格合適, 運送速度快"
d6c257cefbf86db6eb2f2178ef34137f,3,"Achei o prazo bom, mas o frete o olho da cara, mas caro que o produto.",我以為截止日期很好，但是運費很貴，比商品還貴。,運費很貴
4ac67e7aa938e616ce81a747734ed89f,3,Alguns cabides chegaram quebrados,有些衣架到貨時已損壞,商品損壞
020a1aed863ef08b414de2559b9aa716,3,Muito bom,非常好,無主題
b7b42ae711ef5a7663baee05652808ad,3,"Se eu n?o tivesse precisando tanto, iria devolver, pois na imagem mostra que a pel?cula cobre toda a volta do bot?o que fica na parte inferior do celular, quando na verdade n?o cobre!",如果我不是那麼需要它，我會退回它，因為圖像顯示薄膜覆蓋了手機底部按鈕的整個背面，但實際上並沒有！,商品與廣告不符
ff15d93bb26db0e6d8e77608ec53bd24,3,Nao recebi Meu relogio nao chegou,我沒有收到 我的手錶沒有到達,運送延遲
0f18aee9b66f0680a2f88fc6a0f4a9c1,3,produto foi entregue na data limite,商品已準時交付,運送準時
c1d0df851e180a253c24ad1597ba8dc4,3,"muito bom Ele ligado ? perfeito. mas se fica somente na tomada e nao liga o ar, ele da um cheiro de queimado.",非常好他連接得很完美。但如果它只是留在插座裡而不打開空氣，就會發出燒焦的氣味。,商品品質不佳
f73b7e216452e3bc4091f010ba02600b,3,incerteza de receber o produto,收到商品的不確定性,無法理解
2b3e1b6cc7d379fd0a2296180a0fae73,3,"Os fones vieram jogados e as caixinhas em cada embalagem individual, nao gostei do produto ,achei de baixa qualidade.",耳機被丟棄，每個盒子都單獨包裝，我不喜歡這個商品，我認為它質量低劣。,商品品質不佳
ed5c79c4b34fc81698b8118b3d66edcc,3,"O produto maravilhoso, s? n?o gostei da demora na entraga.",很棒的商品，我只是不喜歡延遲交貨。,運送延遲
696bae35a3957c3c11e554ecd2f35088,3,"S?o ?timos,gostei bastante.",他們很棒，我真的很喜歡他們。,無主題
97d73030eb57403db1f1708d072647b9,3,Foi entregue com atraso mas do correio n?o d? loja,交貨晚了但郵局無法到達商店,運送延遲
f67f00fa65054a8b18c1b084a6f5cd0a,3,N?o recomendaria por causa do atraso na entrega.,我不會推薦它，因為交貨延遲。,運送延遲
4d42cb3d8149bc3027eec26834c85ef7,3,"Avaliando se recomendaria A cadeira ? confort?vel, mas tem acabamento incompat?vel com o pre?o: pe?as tortas, rebarbas e manchas. Embalagem fr?gil: chegou se desfazendo a ponto de cair pe?as da portaria at? o apto. Sem manual.",正在評估我是否會推薦這張椅子很舒服，但表面處理與價格不符：彎曲的零件、毛邊和污漬。包裝易碎：貨物到達時已散架，碎片從公寓入口處掉落。沒有手冊。,商品品質不佳
de64991bf8357bdb1ddc677d5aaabf03,3,"jogo de lencol Recebi por enquanto apenas um jogo de lencol 
Jogo de Len?ol Casal King Imperial 04 Pe?as Percal 180 Fios Ponto Palito - Caqui","到目前為止我只收到了一套床單
Casal King 帝國床單套裝 04 件密織布 180 線 Ponto Palito - 卡其色",運送延遲
e2b7908242f0fffb5e883941b8b9a01c,3,"Bom o produto. S? n?o gostei do prazo de entrega, muito demorado.",好商品。我只是不喜歡交貨時間，太長了。,運送延遲
a39f4fe06041a5d0791b196037e50fc3,3,"Observa??o, a caixa de acr?lico do produto veio quebrada, oriento aos senhores que acondicionem os produtos em mais plastico bolha ou Papel?o, pra n?o afetar o produto durante a passagem pelos correio",請注意，商品的壓克力盒子到達時已損壞，我建議您將商品包裝在更多氣泡紙或紙板中，以免在通過郵件發送時影響商品。,商品損壞
679f8a075757a34f71334f807820eb0d,3,"Estou aguardando a entrega da pel?cula e capa transparente.comprei 2 televis?es, 3telefones e outros produtos.Sempre recebi.Falta os produtos mencionados. Porque?",我正在等待膠片和透明蓋的交付。我買了2台電視、3支電話和其他商品。我總是收到它們。所提到的商品缺失。為什麼？,訂單缺失
945d38169436b713c856fa81a81969e9,3,N?o entregaram um dos cartuchos,他們沒有交付一盒墨盒,訂單缺失
a08667f9a2789182c294ace233e409ee,3,Produto ok,商品還可以,商品還可以
6ebca83fe69110bbc6dada8a9ecfc47d,3,S? recebi as sacolas,我只收到了袋子,商品缺主體
23343b04da3f213b0e27da1cd0d0f1a7,3,"Recomendo Produto bonito. Tecido n?o ? muito bom e veio rasgado em uma parte da costura, mas de um modo geral est? ok com o pre?o.",我推薦美麗的商品。布料不是很好，接縫處有部分撕裂，但整體來說這個價格還可以。,商品品質不佳
fa86bce5ad4e3e54fea7c36b1f3b6f2f,3,"Foi a primeira vez que comprei no baratheon e gostei.
Eu tava at? pensando em comprar uma bicicleta, mais quando eu olhei a taxa de entrega, achei muito cara.","這是我第一次從拜拉席恩購買，我很喜歡。
本來還想買自行車，但是一看運費，發現很貴。",運費太貴
155603d6534184d5050c639afe430235,3,"O prazo de entrega j? foi melhor, nesta ?ltima compra pediram mais de um m?s para efetuar a entrega. Acredito que isso possa ser melhorado e muito",交貨時間比較好，上次購買時他們要求一個多月才能交貨。我相信這可以改進很多,運送延遲
142e8caaa4b16240c5fc1118684c80fa,3,5 nunca demorou tanto para chega os meus produtos,5 我的商品從來沒有花這麼長時間才到達,運送延遲
04a86ddc8dc7a59bd1963915a046884e,3,O tecido n?o ? bom.,布料不好。, 商品品質不佳
29903a158e770c3eea9748a460499452,3,Veio outra voltagem Conprei um de 220v e quando chegou era 110v,又一個電壓來了。我買了220v的，到貨時是110v的,商品規格錯誤
0cf3369f069c5f82123fe37c668d39b9,3,Prazo de entrega absurdo e demora no retorno do vendedor,荒謬的交貨時間和賣家延遲退貨,運送延遲
1ca7da1315f6ff270521b56eb980739a,3,.,。,無主題
b194b06bb98b05c090d9b654a85d5ef4,3,"Recebemos a encomenda e veio faltando.
A encomenda s?o de 3 pendentes, 1 branco e 2 de alum?nio escovado, por?m recebemos apenas 1 branco e 1 alum?nio escovado.","我們收到了訂單，但它丟失了。
訂單是 3 個吊墜，1 個白色和 2 個拉絲鋁，但我們只收到 1 個白色和 1 個拉絲鋁。",訂單缺件
20042a2890076c425412740781f86e67,3,"Regular Precisa melhorar no prazo de entrega, deveriam deixar de trabalhar com os correios o mesmo esta deixando muito a deseja.",常規 需要改善遞送時間，他們應該停止與郵局合作，因為它還有很多不足之處。,"郵局效率不佳, 運送延遲"
06f428f132696ee11123a3c1500f7259,3,"recomentdo Produto bom, ? fino, mas aquece",我推薦好商品，它很薄，但會發熱,商品不錯
c7ff232bba53fbbc25ff4cceaf47e53a,3,"Atendeu bastante as minhas expectativas, f?cil manuseio em rela??o ao ajuste de horas dentre outras fun??es.",確實達到了我的預期，在調整時間等功能方面很容易使用。,商品好用
c26f6976875eddf50e72f7700c989b20,3,Nao poderei avaliar a empresa como recomendada ou nao pois ainda nao recebi o produto,由於我尚未收到商品，因此我無法對該公司進行推薦或不評價。,沒有收到商品
26fdaab7ba6e49e4d46718b495a07429,3,"B?sico e R?pido Produto bom, mas a embalagem feita para envio pelos Correios deixa a desejar. Pode melhorar.",基本且快速的好商品，但郵寄包裝還有一些不足之處。有改善空間。,包裝很差
34551fe3596bb29ee7021a5887eca545,3,N?o Montei ele ainda mais pelo que conferi esta de acordo com o que foi prometido o problema foi o Rastreamento dele pois a targaryen demorou muito para locomover ele e depois teve dificuldade na entrega.,我沒有進一步組裝它，所以我檢查了它是否符合承諾。問題在於它的追?，因為坦格利安號花了很長時間才移動它，然後又很難運送它。,運送延遲
14c3dacba0817e8565029701ff4ed917,3,qualidade ruim do produto,商品品質差,商品品質差
573175da6b2557043a11d9996d0cbc47,3,Veio com defeito,有缺陷,商品有缺陷
51d11c1d8b68afda0dce5c12e99e35a5,3,"Mangueira fabricada na China, componentes fr?geis. Tinta aplicada na malha com o odor forte.",中國製造的軟管，易碎零件。網格上塗有油漆，具有強烈的氣味。,商品品質不佳
b5177d9dc004870c3e37da7f446067e3,3,"Produto chegou antes do prazo de entrega , por?m n?o era o mesmo da foto ! Veio todo de on?a , mas eu gostei sim.",商品在交貨日期前到達，但與照片不一樣！它完全來自美洲虎，但我真的很喜歡它。,"商品與廣告不符, 運送準時"
d45e6d4c5021b056c83898db9c518619,3,Ate o no momento n?o recebir o produto!!,到現在我還沒有收到商品！！,沒有收到商品
c6a8781fcd7f1a54021221fa93196218,3,funciona,作品,無主題
ec5e2cc5dbca98cfd4933300a0d5fa37,3,"o site ? muito dif?cil de usar, n?o atualiza, fica dando problema toda hora, nada funcional. E o copo tive problemas quanto ao meu frete gr?tis, cancelei para tentar o prime e n?o deu certo",網站很難使用，不更新，總是出現問題，沒有任何功能。而且杯子在免費送貨方面出現了問題，我取消了它以嘗試 Prime，但沒有用,網站不好用
3aa67af6b9d59576d2a5f704a181c4d5,3,Bom,很好,無主題
4d56382b4abb1c2adacecf4c22ea1aee,3,"Solicitei um produto e me enviaram outro, foi devolvido conforme orienta??o do vendedor mas ate agora n?o fui ressarcida do valor pago, uma vez que a compra foi efetuada com cart?o de credito.",我索取了一件商品，他們給我寄了另一個商品，按照賣家的指示退回了，但直到現在我還沒有得到所支付的金額的報銷，因為購買是用信用卡進行的。,退費速率慢
1d24c337156d41b1bbcdceee67212aba,3,"Boa tarde , comprei produto para 110V , porem veio 220V. Gostaria de trocar o mesmo.",下午好，我買了一個110V的商品，但它是220V的。我也想換一樣的,商品規格錯誤
c741742b55621f96a1f03e6aad7c46b8,3,Realmente ? uma cortina blackout. Desde a data do pagamento ate o recebimento deu menos de 5 dias uteis.,這確實是一個遮光窗簾。從付款當天到收到貨只花了不到5個工作天。,運送速度快
42267fd4c4ed7b31fd5e4b51797ab931,3,O sabor solicitado n?o condiz com o produto que foi entregue,要求的口味與交付的商品不符,商品與廣告不符
4d23fb67cc256e78a316501f8ed2cdb1,3,Comprei dois cartuchos 60XL HP preto veio perfeito mas o colorido acusa vazio vou tenta solucionar o problema com o site.,我購買了兩個黑色 60XL HP 墨盒，它們非常完美，但彩色墨盒顯示已空。我會嘗試透過網站解決問題。,商品規格錯誤
16413f23561fc582f1d8950a03dd695b,3,"O produto que recebi ? um ""sacol?o"" de pl?stico sem forro algum... Pelo pre?o era o esperado por?m, se n?o tem forro, n?o deveria constar na descri??o do produto.",我收到的商品是一個沒有任何襯裡的塑膠「袋」...對於價格來說，它符合預期，但是，如果它沒有襯裡，則不應包含在商品說明中。,商品與廣告不符
be9a200280b9391660028c659857af3d,3,"O produto recebido n?o correspondeu ?s informa??es de descri??es do mesmo quando do ato da pesquisa antes da compra.
Produto ruim.","購買前進行研究時，收到的商品與描述資訊不符。
糟糕的商品。",商品與廣告不符
772d1fdeb559346a53435efac02ef805,3,"produto n?o atende a sua finalidade, pois n?o tem o conversor de hdmi para ch?.",該商品沒有達到其目的，因為它沒有 HDMI 到茶轉換器。,商品品質不佳
be35f2d510f93afe0f9c59353be9c66f,3,"Meu produto ainda n?o chegou e como era presente pra natal, tem at? s?bado dia 23/12 ou vou querer meu dinheiro de volta.",我的商品尚未到達，因為它是聖誕禮物，所以您必須在 12 月 23 日星期六之前收到，否則我會要求退款。,運送延遲
dff55d8790e05cc33de56ff46a602137,3,dos 2 produtos s? recebi 1,在 2 個商品中我只收到了 1 個,訂單缺件
a5b44e712dbb446969c196075364037d,3,COMPREI DUAS PULSERAS E CHEGOU APENAS UM,我買了兩條手鍊，但只到了一條,訂單缺件
12e77e97017f36d9283cc9f719a18aa1,3,O produto ? bom mas veio da cor errada.,商品很好，但顏色不對。,商品規格錯誤
8a13b94771322ead7d4bf5eb986eb843,3,Produtos tem cara de falsificado. N?o igual aos que tenho importados. Mais ? cheiroso.,商品看起來是假冒的。和我進口的不一樣。但聞起來很香。,商品是仿冒品
0826a3d39869bed34b66337c7a109680,3,Xxxdf,xxxdf,無主題
d6057688274ddb3b9f7d9fcf7ec9b286,3,"produto artesanal, eu mesmo deveria ter feito. nao era o mesmo da foto no site",手工商品，我應該自己做的。與網站上的照片不一樣,商品與廣告不符
448fe45d6a425cfec99b4751375beffe,3,O produto foi entregue em um prazo menor que o programado.,該商品的交付時間比預定時間短。,運送速度快
ef5bbea70fc8e3c47a1a7350ee288405,3,"Boa mochila mas achei s? um pouco pequena, mas muito bonita.",很好的背包，但我覺得它有點小，但非常好。,商品太小
6711c1de8fa9e1b08b612053654a6914,3,A impressora n?o veio com suas prote??es completas. Faltava aquela espuma s?lida para manter a impressora firme dentro da embalagem. E o cartucho preto estava seco. tive que comprar outro.,這台印表機沒有提供完整的保護。它缺乏固體泡沫來使印表機在包裝內保持牢固。黑色墨水匣已乾。我只好再買一個。,包裝沒有保護好
6062dd34a5b2f47ac9f4a912ffd9dbef,3,"Recomendo, com restri??es Para uso caseiro, pois o material aparenta ser fr?gil e n?o acho que suporte em festas grandes.",我推薦它，但有限制用於家庭使用，因為這種材料似乎很脆弱，我認為它不能容納大型聚會。,無法理解
2157db986bcb5fd8010acfdb05d7f979,3,N?o recebi em casa tive que busca nos Correios e veio com a cor diferente da que eu pedi,我在家裡沒有收到它，我不得不去郵局尋找它，它的顏色與我訂購的顏色不同。,商品規格錯誤
4c396561a6b04ef47e7825189e1ca75e,3,"gostei do prazo de entrega, do atendimento e do produto. nota 10",我喜歡交貨時間、服務和商品。註10,"喜歡商品, 運送快速"
9d2f0580ba36009a6b5786d70953be46,3,O prazo de entrega ? muito longo,交貨時間很長,運送延遲
0b203c48224f05538b45023809d2988f,3,S? gostaria de saber o dia correto da entrega .,我只想知道正確的交貨日期。,運送延遲
3bd21696bcc6ec4f7c233bb9145d5cc2,3,"Produto muito bom, recomendo.",非常好的商品，我推薦它。,商品不錯
94bdd5b80eba7939ced7a9696482cf63,3,muito boa,非常好,無主題
5f1ad1f41aacfdb6fdc98f8ff5e10bf6,3,recomendo ainda n?o usei mais recomendo,推薦一下，我還沒用過，推薦一下,無主題
54503553c165570e6954ef882de20d20,3,"Nas orienta??es sobre utiliza??o do produto n?o h? qualquer informa??o sobre abastecimento do g?s butano. Como ? feito, onde comprar o refil, etc ...
Descobri perguntando aos amigos fumantes...","在商品使用說明書中沒有關於供應丁烷氣的資訊。它是如何完成的，在哪裡購買補充裝等等...
我問了抽煙的朋友才知道...",商品說明書不完全
d9f2099bc32593e5c86fbc65a001cf33,3,S? acho que tem que ser mais f?cil de acompanhar o produto durante o transporte,我只是認為在運輸過程中需要更容易追蹤商品,需要更好地追蹤商品
f33180c0f438b3065d879002ed63950a,3,chegou sujo,到達時髒了,商品髒了
d6371e6f7abd7c2c1c6cacfc606802cc,3,Estou tentando ver se os parceiros da stark continuem com seus compromissos aos seus clientes. E pontualidade,我想看看史塔克的合作夥伴是否繼續履行對客戶的承諾。和準時,無法理解
5e87aa48889b294e335c561d6f765132,3,"Tamanho da capa A capa ficou enorme no colch?o de ber?o tamanho padr?o, n?o gostei",床罩尺寸 標準尺寸嬰兒床床墊的床罩很大，我不喜歡它,商品不錯
0a1d2ff157c05ebd5a5c3470070d033b,3,na verdade o produto chegou um dia ap?s a data prevista e n?o mim satisfez. mesmo assim agrade?o,事實上，商品比預期日期晚了一天到達，我並不滿意。不管怎樣謝謝你,運送延遲
b8db6d65a576f6b9837caaa4653355fc,3,"J? comprei nas lojas lannister e o produto chegou bem mas rapido, porem o que comprei chegou e por inquanto t? udo bem.",我已經從蘭尼斯特商店買過，商品很快就到了，但我買的東西到了，到目前為止還好。,運送快速
0e30e365a99555a4062c214b901f0001,3,"Empresa entregou meu pedido muito antes do prazo previsto, excelente, por?m infelizmente um dos produtos chegou faltando uma parte. Estou aguardando retorno da loja sobre o assunto.",公司提前交付了我的訂單，非常棒，但不幸的是其中一個商品到達時缺少零件。我正在等待商店對此事的回饋。,商品缺零件
65b9e4853b2d8fba311ecf103a48701d,3,"Bom Gostei, chegou bem rapido",很好我喜歡它，它很快就到了,商品不錯
280030d58762603c8499cbedd3018c40,3,Boa,很好,無主題
7129874a3122fc7ec4e69719a8ccb3a9,3,"At? o momento nada que desabone vamos ver quando for montar a cadeira,em rela??o a entrega deixou a desejar em rela??o ao prazo.",到目前為止，我們在組裝椅子時不會看到任何令人失望的事情。在交付方面，交付時間方面還有很多不足之處。,交付體驗不好
a82bdb93d19f3fd2dfc9c27140488965,3,A entrega ? muito demorada.,交貨非常慢。,運送延遲
18d759f63813bd811bd7dc14cf5fcaf1,3,"Faz um m?s que espero e ainda n?o chegou,preciso saber se vai chegar ou quero meu valor pago de volta!",我已經等了一個月了，但還沒到，我需要知道它是否會到，或者我想要退還我的金額！,運送延遲
f49bc0cac69634c1b6357e095c4bc3c9,3,"Tudo funcionando, mas percebi alguns arranh?es no corpo da m?quina. Nada que influencie o uso, mas pelo valor, fiquei frustrado com a loja.",一切正常，但我注意到機器機身上有一些刮痕。沒有什麼影響使用，但就價格而言，我對商店感到失望。,"商品有缺陷, 價格太貴"
77bded48323fc22ae0965a7daa19e988,4,Nota 9,評分 9 分,無主題
7a8f54c6b78bd67029e2aacb162cfde8,4,Excelente servi?o Entregue at? antes do prazo.,優質的服務提前交付。,運送快速
41169625beb2255f7230003614931654,4,**** nada a declarar por enquanto.,**** 目前沒有什麼需要申報的。,無主題
f47d913ee8d5a28dd550559a9b198cd0,4,Eu recomendo nota 10,我推薦10,推薦
9da5647a414a00776745632ca4d6d94f,4,Oltima qualidade Chegou bem antes do prazo,高品質 提前到達,運送快速
6f8755b21d0a528b4f8a0a31a666d8ac,4,Corresponde ao prometido!,依承諾生活！,無主題
4dc54e80d8fd5de071e969657bab4e90,4,"Muito bom Entrega r?pida produto ?timo .
Recomendo .","非常好快速交貨很棒的商品。
我推薦。","推薦, 運送快速"
eea96a06129e4c1f83e8becc9afb5756,4,O produto chegou em ?timas condi??es.,商品到達時狀況良好。,商品不錯
a6dc96740d7f82c65e69d3130bbed314,4,"Recomendo Produto de acordo com o anunciado. Entrega dentro do prazo. Aparenta ser bom, com o tempo vou descobrir.",我按照廣告推薦該商品。準時交貨。看起來不錯，等時間我就知道了。,運送準時
f79b8e3512ad15dd990a3cd2756b36c0,4,Super indico,我強烈推薦,推薦
bb4adccbf5dec1dc01a9fadb2fe3a6bf,4,super recomendo produto otimo,我強烈推薦它，很棒的商品,"推薦, 商品不錯"
f2706c2f10822562ef4d6da49cdcf0e1,4,sem restri??es,沒有限制,無主題
658faebfae253c2b3179b165c95cf41b,4,muinto bom o profuto,非常好的商品,商品不錯
f12ec97a0a13728871b1052231495d92,4,otimo vendedor,很棒的賣家,賣家不錯
306e12e73311cfeda246430071fd7c0a,4,Bom.,好的。,無主題
35166962b97146d4d1308d3446488973,4,"Produto atendeu bem, o seu prop?sito, funciona mesmo, muito bom.",商品很好地達到了它的目的，它確實有效，非常好。,商品不錯
7461a1cfbcd5a169f0106d4e2e071029,4,Recomendo Rapidez na entrega,我推薦快速交貨,運送快速
793dbf2cfd6e0b4534d0710d5198cb23,4,O produto ? otimo pena a entrega ser mto demorada .,商品很棒，但交貨時間很長。,運送延遲
d72935d9a330dfe7b96619c582721215,4,"Bom custo benef?cio Protege mto bem o console, excelente custo benef?cio",物有所值 保護主機很好，物超所值,商品物超所值
37c4111848e2210d47f4c7caddaaf8c5,4,?timos produtos...???? Produtos de qualidades ta aprovado...,很棒的商品...???? 優質商品認可...,商品不錯
c81587b00c49b6d652c300ccdc18ccb0,4,Fiquei satisfeita com a entrega mesmo chegando ap?s o natal. Foi um presente para adulto foi f?cil explicar o atraso. Quanto a efici?ncia do produto n?o sei dizer.,儘管聖誕節後才到達，但我對交貨感到滿意。這是給成年人的禮物，很容易解釋為什麼會延遲。至於商品的效率，我不好說。,運送延遲
9082bd25f6dda8c0121a50da2324109d,4,Empresa Confi?vel,值得信賴的公司,無主題
08a2dabbae6d839a00c312e63f12d066,4,"Bom dia!
O produto chegou corretamente, mas poderia ter vindo com embalagem de presente.","早安!
商品正確到達，但可能帶有禮品包裝。","商品正確, 有禮品包裝"
ebd8c36f73727c1d773bcc9ce716615b,4,"Gostei bastante Produto chegou no prazo, apresenta boa qualidade f?sica e design, superando as expectativas nesses aspectos. Ainda n?o est? em uso, portanto n?o consigo avaliar a sua robustez.",我真的很喜歡它 商品準時到達，具有良好的物理品質和設計，在這些方面超出了預期。它尚未使用，因此我無法評估其穩健性。,運送準時
c36a7249389c397a3e272d29b6f3ad6f,4,"Da forma descrita, chegou bem antes do prazo",正如所描述的，它比計劃提前到達,運送快速
8a8f7d4b4040a2efaea6b0b82ce5fdd9,4,Muito bom,非常好,無主題
f4f806c4a445e09c19e3f820a12fd8d5,4,"Produto entregue conforme anunciado.
Recomendo.","商品按廣告交付。
我推薦。",推薦
5ff20680e9f627547202009b74f2a3a1,4,Chegou depois do previsto. Mas o produto ? bom.,它比預期晚到了。但商品很好。,運送延遲
99c910f824dd459332143db8c3cdde19,4,O frete foi muito caro,運費非常貴,運費很貴
98951e862369a3c8d26eb19231b53183,4,rapida entrega,快速交貨,運送快速
cb9a7451f82718bf1808f04ba9cafbca,4,"Recomendo a loja Pre?o muito convidativo, entrega no prazo,produto bem embalado, mas deveria haver mais cuidado na embalagem, produto veio solto na caixa, poderia vir com protetores para evitar danos, que n?o houveram",我推薦這家商店 價格非常有吸引力，交貨準時，商品包裝完好，但包裝應該更加小心，商品在盒子裡鬆動，它可以配備保護裝置以避免損壞，但沒有,"商品價格便宜, 包裝不良"
3d6afaf967445c85613989819bab7d58,4,bom,很好,無主題
1d7535cd38a2d0f657d35e17b26ece5b,4,"Entrega super rapida Me surpreendeu a agilidade da entrega, super satisfeito e produto de boa qualidade. Recomendo",超快速的交貨我對交貨速度感到驚訝，超級滿意且優質的商品。我推薦,"運送快速, 商品不錯"
9ecb5b5cd4f100ceb5dfb059405cd76c,4,"estou usando o produto, por tanto somente futuramente poderei avaliar o mesmo e certificar se ? bom ou ruim, quando fizer efeito, pois trata se de um suplemento para memoria",我正在使用該商品，所以只有將來我才能評估它，確定它是好還是壞，什麼時候生效，因為它是記憶補充劑,無主題
7310529ce990100897306ce9874512b9,4,? bom mas n?o ? 100 % alum?nio n?o,很好，但不是 100% 鋁,商品品質不佳
e7b23b015000d93205923171b39862d9,4,entregas via transportadora muito demorada,透過快遞運送需要很長時間,運送延遲
90cfae6fc1efa4e0d4d4483f81ad75b1,4,"?timo Produto excelente, entrega r?pida",很棒的優質商品，交貨快捷,"商品不錯, 運送快速"
a6843675914cd7419092862c73ed0760,4,"otimo veio muito r?pido, recomendo",太好了，來得很快，我推薦它,運送快速
b71e65f59836995a802c53adbf1b0167,4,Excelente.,出色的。,無主題
0a0c72ed700c4154c9d9a9f2773c5f2a,4,"Para o beb? Meu beb? ainda n?o nasceu, mas o produto parece muito bom. Vem com um manual de como amarrar, deixando bem f?cil entendimento.",對於寶寶 我的寶寶還沒出生，但是商品看起來非常好。它附帶瞭如何打結的手冊，非常容易理解。,商品不錯
13901652bbe59caaef4c6c40b9ef5e86,4,"Demora para entregar o produto => comprei dia 06/03/2018 => recebi dia 09/04/2018. A loja foi correta pois entregou o produto, mas a demora foi muito grande.",交付商品需要時間 => 我於 03/06/2018 購買 => 我於 04/09/2018 收到。商店交付商品是正確的，但花了很長時間。,"商品正確, 運送延遲"
19fdf1809de99c9666ca4f290a0990be,4,Ficou perfeito e chegou antes do prazo.,它非常完美並且提前到達。,運送快速
6a018b5fe0a8321155284bd42bf0de1a,4,Produto com uma qualidade boa em rela??o ao pre?o!,與價格相關的優質商品！,商品性價比好
2e3c9a87917228a764779ce46e7a8e1f,4,"Ainda n?o utilizei o produto, mas a entrega foi dentro do prazo. ent?o, na verdade, essa avalia??o n?o ? do produto",我還沒有使用該商品，但交貨準時。所以，其實這篇評論並不是關於商品的,運送準時
1cd103c2f387996baba4064a51c0bc25,4,Produto comprado entregue dentro do prazo e sem nenhum contratempo.,購買的商品按時交付，沒有任何挫折。,運送準時
249201ab1bb9354c9e290f30bd64b808,4,"PEDIDO ENTREGUE ANTES DO ESPERADO, RECOMENDO.",我建議，訂單比預期提前交貨。,運送快速
890a2e88d0bdfd6323f8654da30e2d9b,4,Recebi e recomendo o produto.,我收到並推薦了該商品。,推薦
b4dc9f71e693c73f4f4f1de9f4f0dc0f,4,"Demora na entrega O produto chegou bem lacrado e em perfeito estado, mas houve demora na entrega.. Passou do prazo previsto.",交貨延遲 商品到達時密封良好且狀況良好，但交貨延遲。這超出了預期的最後期限。,"運送延遲, 商品不錯"
493f5df8e9895a19644f302ceb1ffa07,4,Produto entregue dentro do prazo com pre?o acess?vel e boa qualidade. Parab?ns Loja targaryen e lannister.com,商品按時交付，價格實惠，品質優良。恭喜坦格利安商店和lannister.com,"運送準時, 商品不錯"
a5e1ee70c3bd492598e734f22de51a63,4,Recebi antes do prazo adorei veio tudo correto,我在截止日期前收到了它，我喜歡它，一切都正確,"運送準時, 商品不錯"
25e3e2137c14c28ed53275209a25dcba,4,recomendo,推薦,推薦
035362de61083d1a66c533718aaa5687,4,"Recebi o produto, por?m tive que ir at? a ag?ncia do Correio em Bragan?a retirar, o que acabou n?o compensando,poismoro longe da ag?ncia e paguei o frete para o Correio me entregar em casa.",我收到了商品，但我必須去布拉幹薩的郵局領取，結果不值得，因為我住的地方離該機構很遠，並支付了郵局的郵資將其送到我家。,去郵局領取不方便
92b283529ea2371f98f5f3d5df990887,4,Venda profissional O servi?o de entrega foi r?pido e o pre?o sem abuso,專業售後 送貨速度快 價格不亂,運送快速
18fceeb1922d33e430a529e0d768f106,4,"Encomenda n?o entregue Bom dia , o produto n?o foi entregue e no rastreamento ainda colocaram que n?o tinha ningu?m em casa. O que ? uma mentira, porque ficou gente em casa o dia todo. Espero que seja entregue",訂單未交付早上好，商品未交付，追蹤仍顯示無人在家。這是一個謊言，因為人們整天都待在家裡。我希望它能交付,運送問題貨物送到了人沒有在家
d04c6293b10792389b9e366d1a0a0c1c,4,"lannister.COM ? CONFI?VEL. MINHAS EXPERI?NCIAS DE COMPRAS POR ESTE CANAL, TEM ME DEIXADO SATISFEITO. SEMPRE INDICO AOS CONHECIDOS.",lannister.COM 值得信賴。我透過這個管道的購物經驗讓我很滿意。我總是向我認識的人推薦。,推薦
0fdc324d7c4b8e1c2776c0afc6f7294d,4,Bom O produto teve um pequeno atraso mais chegou e muito bom eu recomendo!obg,很好，商品有點晚了，但到了，非常好，我推薦！謝謝,"運送延遲, 推薦"
b9210fbf5a6272afa1b4a639a01f591c,4,"A ?nica dica para a loja ? que otimizem o envio, comprei 3 frascos e cada um veio em uma caixa. o tamanho de uma caixa cabia os 3 frascos de vidro.

o produto ? ?timo.","商店唯一的建議是優化運輸，我買了 3 瓶，每瓶都裝在一個盒子裡。一個盒子的大小可以容納 3 個玻璃瓶。

該商品很棒。","運送問題, 商品不錯"
13b32543c0ecfe91502ea4d5a06a97ef,4,S? achei que o material do jogo fosse mais resistente. Mas ta bom.,我只是覺得遊戲材料更耐玩。但這很好。,商品不錯
bdbc93864bdba13f559a752a0ad94b79,4,solicitei devolu??o n?o obtive retorno at? o momento,我要求退款，但尚未收到回覆。,客服沒有解決問題
59975774b0d89e847d95946065a42f0c,4,super recomendo. produto de ?tima qualidade.,我強烈推薦它。優質的商品。,推薦
45494687f7ac8b30d7591f8368211482,4,"O tamanho G ta pequeno , ele ? G adulto ou infantil ?",G碼偏小，是成人的G還是兒童的G？,商品尺寸太小
105cfb86ed0e7b6585bed88154a757e3,4,Muito eficiente a empresa . E ?timo atendimento.,公司效率很高。和優質的服務。,效率好
5516d3df1f3d7be03e4c2f3192502f13,4,"capa de bicicleta a cor azul da capa ? bem esmaecida e na foto era bem viva, de resto, tudo ok,",自行車罩，罩的藍色很褪色，照片裡很亮，其他都還好，,商品品質不佳
a074e228967bff7ad7ccbb669e4fce8b,4,Ate momento produto funcionando,商品到目前為止正在運行,運送延遲
ff5d9880edbb9a7738fd2c6fa680ac82,4,"Produto Ainda n?o abri, pois ? presente e vai ser aberto na quinta-feira, se tiver algum problema com o produto avisarei.",商品我還沒有打開它，因為它是禮物，將在周四打開，如果商品有任何問題我會告訴你。,無主題
c1706ea3cdd4d759ea949318e523b5fa,4,foi entregue o produto em bom estado e no prazo.,商品按時交付，狀況良好。,運送準時
4c1dc2d6c6d86af0cb8be891d285067d,4,"Amo os produtos, mas precisava baixar os valores de frete. Muito caros.",我喜歡這些商品，但我需要降低運費。非常貴。,"商品不錯, 運費太貴"
8e7096b333c5faaaf3482a4cf0a1a9cf,4,Bom atendimento e chegou dentro do prazo,服務很好，準時到達,運送準時
dc2898319c71acb16719741174026b04,4,recomendo demorou um pouco mais deu certo e valeu a pena,我推薦它，雖然花了一點時間，但很有效，而且值得,推薦
fd61daadc51bb500b17aaab5f5a8befd,4,os p?s poderiam ser melhor acabados,腳可以更好地完成,無主題
05c535de2e324ee04e94d17c2d787d55,4,"Produto entregue antes do prazo, parab?ns baratheon!!",商品提前交付，恭喜拜拉席恩！！,運送快速
62ca8958765c0ee385d12af0c94f4745,4,Recomendo a loja e o produto,我推薦商店和商品,推薦
326bd1e6e65174c60078569d90192cbb,4,At? o momento n?o recebi o produto ( Oculos Lupa Cabe?a 8 Lentes 2 Leds Alto Brilho para Ourives.,到目前為止，我還沒有收到該商品（金匠頭放大鏡 8 個鏡片 2 個高亮度 LED。,沒有收到商品
82b906af6f373f7a1343b8c4fb6f17cc,4,?tima excelente produto,很棒的優秀商品,商品不錯
7aff80bf35df822907d79d26a8de7833,4,"N?o usei ainda mas o material parece ser bom, gostei!!",我還沒用過，但是材質看起來不錯，我喜歡！！,商品不錯
27482360ef0b67f50300db6618ec0770,4,Pre?o bom e compra f?cil,價格優惠，購買方便,價格優惠
1f0c5d31b49a18cc26e64301f5da849f,4,Entrega uma dia antes do previsto,交貨時間提前一天,運送快速
81d037f3c671f9525b78ca27359034c4,4,"O produto ? de boa qualidade, muito bem feito. Mas ? um pouco maior que o tamanho descrito, fica um pouco grande para 15,6. Sobra dos lados mas nada que n?o d? para usar",該商品品質好，做工精良。但比描述的尺寸大一點，對於15.6來說有點大。側面有很多剩餘的東西，但沒有什麼是你不能使用的,"商品不錯, 商品尺寸不太好"
cb864e5bb7299e87df2bf1eb66fddbcd,4,"?timo O produto chegou antes da data prevista, ? tudo correto.",太棒了，商品在預期日期之前到達，一切都正確。,運送準時
ef1746920275dfd537120937ace8a850,4,"recomendo otimo relogio,mas gostariade saber se tem como diminuir a luminosidade?",我推薦一款很棒的手錶，但我想知道是否有辦法降低亮度？,推薦
171b956ea6445b79f1805e5e961627ed,4,recomendo,推薦,推薦
73162537f20f939ece4185b2a1184697,4,Muito bom gostei do prudo e do prazo da loja. Parab?ns,非常好，很喜歡店家的細心和截止日期。恭喜你,店家客服很好
d553dd49c139b45edab52b862bed6e1a,4,"?timo o produto ? sensacional. Houve atraso na entrega, mas recebi aviso sobre isso. Recomendo tudo.",太棒了，該商品非常轟動。交貨有所延遲，但我收到了相關通知。我推薦一切。,"運送延遲, 客服有解決問題"
d434600236858f01344ef31591ada9e0,4,"Tudo certinho. O produto ? muito bom e boa qualidade, so um pouco menor do que eu esperava.",一切都很好。商品非常好，品質也很好，就是比我想像的小了一點。,"商品不錯, 商品尺寸不太好"
d4a58e30db88e3088f1872c5ffe57789,4,"otimo som ,mais a luz ? fraca .entregador mal educado",聲音很大，但光線很弱。粗魯的送貨員,送貨員態度不佳
94db4b547b7b1d77b90969d8922738f8,4,"Bom dia.
Na verdade queria o mesmo medicamento s? que com laranja amarga que j? havia tomado.","早安.
事實上，我想要同樣的藥，但含有我已經服用過的苦橙。",無法理解
9b3befcbcf41e8c3017ff0df7de79b8d,4,bom ok,好的好的,無主題
7b91a389b1959647b77e8f55a028545d,4,"recomendo Bonito, exatamente como a foto.",我推薦它很漂亮，跟照片一模一樣。,推薦
d975d31dea2a48e55dfe6ea4218d8b35,4,entrega dentro do prazo,準時交貨,運送準時
4c2843f3fb94fc525e80ca9e757ae5dc,4,Muito lindo meu pendente! Recomendo!,我的吊墜非常漂亮！我推薦！,商品不錯
dbe8862b40d03554bdeda03972cbbe72,4,Recebi os produtos,我收到了商品,無主題
827250b49c78f6f50c2ede907e903da6,4,"Recomendo A qualidade ainda n?o foi testada, mas em m?os o produto superou minhas expectativas.",我推薦 品質尚未經過測試，但手中的商品超出了我的預期。,商品不錯
6cb89f9dbe17feb1f9f52f6c466b2878,4,Recomendo!!! Recebi o produto em perfeitas condi??es e dentro do prazo.,我推薦！！我準時收到了狀態完美的商品。,推薦
4541fae4f8d8fca07e8f2b2ce0b8c3dc,4,"Boa tudo certo, dentro do esperado. Recomendo!",很好，一切都如預想的那樣。我推薦！,推薦
83fd11bf4165b019cad01e2c4f2db687,4,10 ?timo,10 太棒了,正面
2a05ab630e4b7b2ad1b71ae93f3a3a90,4,Paulo Eu paguei o frete e gostaria de ter recebido em casa como todos os produtos que ja comprei.,Paulo 我支付了運費，我希望像我已經購買的所有商品一樣在家中收到它。,正面
817ac770159ec269110a12f553d70628,4,"O produto foi roubado do ve?culo dos correios. O vendedor reenviou um novo produto.Ainda n?o recebi, por isso estou avaliando a atitude da loja em me contactar e apresentar uma solu??o.",該商品從郵車上被偷走。賣家對新商品不滿意。我還沒有收到，正在評估店家聯繫我並提出解決方案的態度。,沒有收到商品
5c9cd1077239ddf38d9c738236a8583b,4,eu recomendo t? aprovado gostei e platico,我推薦它，它被認可，我喜歡它，我喜歡它,"商品被偷走, 客服沒有解決問題"
e5690c7da809b0f122ed1718fe6ed4d1,4,"Entregue Produto entregue, avaliado e instalado! No prazo e perfeito.",交付 商品已交付、評估並安裝！準時且完美。,運送準時
2c46ec10fededbc4b9e266fad178be23,4,MUITO BOM BOA,非常好 好,正面
1e97444c4315434e4608be848eec5ae8,5,"Sou cliente baratheon, adorooooooo, e realmente recomendo",我是 Baratheon 的客戶，我喜歡它，我真的推薦它,推薦
9870323001f29c04b521101c35372d6a,5,Entregou antes do prazo.Produto de ?tima qualidade .Super recomendo,提前交付。優質的商品。強烈推薦,推薦
9bb5a33c23c959e79c4ba47e1bb44dd5,5,"Superou minhas expectativas. 
O produto chegou 1 dia depois que comprei, sendo que o prazo era de 9 dias","它超出了我的預期。
商品在我購買後 1 天到達，截止日期是 9 天",運送快速
55e75349772296ce03638d94f56a2551,5,10,10,無主題
bb78a379c482eccfe23fd08e6f5722fa,5,Muito bom,非常好,正面
39d782975ab244658bbeac2916ea582a,5,Dentro do esperado. Bom material.,正如預期的那樣。好東西。,正面
c02047a275c33618173a1adb358bc929,5,"Recebi o produto dentro do prazo, bem embalado e de ?tima qualidade.",我準時收到了商品，包裝完好，品質優良。,"運送準時, 商品不錯"
32f27deb1e730b3b504a4ab8ab055d8b,5,Excelente Muito bom parab?ns vcs s?o muito profissional,非常好非常好恭喜你非常專業,正面
6ddaadd0769f7a203b2a315e2922b5ac,5,Muito satisfeito,非常滿意,正面
17b3fbaa97866672e10b7794c58b76c1,5,"5 estrelas muito eficiente ,entrega feita 12 dias antes da data prevista",5星效率很高，比預計日期提早12天交貨,運送快速
c7ec53f04c3d448bd44ea97e9c86e078,5,"Chegou antes do prazo Recebi o produto, por?m ainda n?o montei. A entrega foi r?pida.",我提前到達，收到了商品，但還沒有組裝。交貨速度很快。,運送快速
47c4764acf36fe2ed47d3f73aa812ee5,5,"Boa loja Boa loja, produto entregue no prazo.",很好的商店 很好的商店，商品準時交貨。,"店家不錯, 運送準時"
fc7c223b4fd5dd72d7540c74c0b61557,5,"Chegou certo o produto, no prazo super recomendo ? bonito, funcional , pr?tico.",商品正確、準時到達，我強烈推薦它，它美觀、實用、實用。,"商品不錯, 運送準時"
27bb376bec6bca489f766c0f27e776e4,5,"Super r?pido,produto perfeita condi??o.",超快，商品狀況完美。,"運送快速, 商品不錯"
9e3bb4adc687592ec040b546c477d37a,5,"Muito bonito , de qualidade.",非常漂亮，品質好。,商品不錯
5af8d97a01d7ab0fb64acc0d9a722c20,5,"Recomendo, pois s?o eficazes.",我推薦它們，因為它們很有效。,商品不錯
62f12975e19d17f1bec7bdddee238688,5,Bem menor Do que eu esperava mas muito boa,比我預想的小很多，但是非常好,"商品比較小, 正面"
20261659d677d8fe3817f6bb9b6045fa,5,Superou minha expectativa!,它超出了我的預期！,正面
4dd320c7139a495228ca8f6848f5a91d,5,"Adorei o produto ....chegou antes do prazo .
Recomendo","我喜歡這個商品╴╴它提前到達了。
我推薦",推薦
930ecbdb1a76f5fe92d6a896d1f2e301,5,"super recomendo , produto entregue antes do prazo , em otimas condi?oes amei agora tenho duas araras",我強烈推薦它，商品提前交付，狀況良好，我喜歡它，我現在有兩隻金剛鸚鵡,"推薦, 運送快速"
314adfed9c9ebb83c3021c3b703daf0f,5,"Produto Recusado O produto chegou a ser entregue, por?m foi recusado, poisja havia cancelado por ter comprado o tamanho errado!",商品被拒絕 商品已交付，但被拒絕，因為它已經因購買尺寸錯誤而被取消！,商品被取消
a6f8e63866086fdc983ba219c08eb04e,5,Gosto muito de comprar pela loja on-line recebo tudo que pe?o.,我真的很喜歡透過網路商店購物，我想要的一切都能買到。,正面
a2d900ea5d419bbd24e657d740fb69f6,5,Muto bom tudo,一切都很好,正面
41cc4dca8ff052d9ce76684b0a5276a1,5,"Vendedor ?gil e prestativo, por?m entrega dos Correios uma M****... demorou quase 1 m?s pra vir de SP at? o RS. Uma Vergonha",敏捷且樂於助人的賣家，但郵局的送貨很糟糕╴╴從 SP 到 RS 花了將近 1 個月的時間。丟人現眼,運送延遲
89799b1c881bd0eb834de3dd5ce94090,5,"Gostei do produto, pois era o que tinha visualizado e n?o tive problemas.. espero continuar sendo cliente e sendo bem atendida..
Gosto da praticidade e da agilidade nas entregas e da qualidade dos ?p","我喜歡這個商品，因為它是我所看到的並且沒有任何問題..我希望繼續成為客戶並獲得良好的服務..
我喜歡交付的實用性和敏捷性以及商品的品質。",商品不錯
4ab54d004225265b8f967d3f51a6ad8b,5,recomendado Parab?ns pelo comprometimento e entrega r?pida!,推薦 恭喜您的承諾和快速交貨！,運送快速
96c8116ab16d46950aa6f08d9042a127,5,Recomendo! Muito bom! Recomendo a todos!,我推薦！非常好！我推薦給大家！,推薦
e79cb32fcd4452c2c88b3435297e01b3,5,Parab?ns a loja lannister pela confian?a e qualidade nas entregas!,祝賀蘭尼斯特商店的信任和交付品質！,正面
22809834a80d8349135519e2ba4b6fad,5,Recomendo para todos,我推薦給大家,推薦
8e08cabc3405d39c30b02b237ed59f67,5,Adorei chegou no tempo previsto obrigada,我很喜歡它，準時到達，謝謝,運送準時
949029a160d16604424f70bb3afeb42d,5,"Muito bom, excelente entrega, chegou antes do prazo previsto.",非常好，送貨非常好，提前到達。,運送快速
2b5f8e4ee49182f85de7efa1f0b5db0b,5,Recebi antes do prazo e feio conforme no an?ncio. Amei.,我按照廣告提前收到了它。我愛過。,運送快速
b403dcb1f767324e95f86a0fcbb4b7d0,5,"******* OBS: So fiquei na duvida, porque a embalagem nao ? branca, e chegou na cor cinza?",****** 注意：我只是想知道，因為包裝不是白色的，而且是灰色的？,包裝問題
9be1a4ca45de584472f896d8c527813b,5,"Um dos produtos chegou com atraso, mas fora isso sempre que pe?o chega tudo direitinho.",其中一種商品遲到了，但除此之外，每次我訂購時，一切都正確到達。,運送延遲
9555095dd9219bbdec22a868ec927858,5,excelente atendimento,優質的服務,正面
a2fcb5daf0458ef9a4fe9f801408e996,5,"Recebi meu produto certo e antes da data prevista, bem antes.??????????",我在預期日期之前正確收到了我的商品，而且早得多。??????????,運送快速
21525158b6768b64cd11109dadefbb05,5,otima,很棒,正面
c3e786a1d01515813421425a6ff24c82,5,", ,",", ,",無主題
edfe3819074857d2f26dc38bdea0a9e3,5,O produto chegou corretamente e dentro do prazo,商品正確準時到達,準時到達
87dbe7c5b9ea40c49eb2c92a5c8eb5cc,5,"10 PRODUTO LINDO, DE ?TIMA QUALIDADE.",10 美麗的商品，品質優良。,商品不錯
9c5fd8545e513897a409ac9d639d754f,5,"Adip?metro Sanny Recebi antes do prazo previsto, ? ?timo e vai me ajudar muito na pr?tica clinica. Recomendo!",Sanny脂肪計我提前收到了，它很棒，對我的臨床實踐有很大幫助。我推薦！,推薦
6f27680d0aa80a9f5ce3ef6972f1d131,5,"funcionou ok, mas... PROS: leve e facil de transportar. 
CONTRA: usar dois cabos usb. Se o notebook tiver somente 2 usb fica sem poder ligar mais nada, como um mouse sem fio por exemplo.","它工作正常，但是...優點：輕巧且易於運輸。
缺點：使用兩條 USB 連接線。如果筆記型電腦只有 2 個 USB 端口，您將無法連接任何其他設備，例如無線滑鼠。","商品不錯, 商品細節有問題"
b01bc412201932022e6242e076634a62,5,Bom filme,好電影,商品不錯
05219ef8d65444fbc05e8400bb55a7c3,5,Controle remoto Funciona perfeitamente,遙控功能完美,商品不錯
ed6b6af7d56b1160432ea95606077efd,5,Recebi antes do prazo. Gostei muito.,我在截止日期之前收到了它。我真的很喜歡。,運送快速
5717b8d63e534bfa900ed428e3626ab1,5,Pessoal super atenciosos.,超級細心的工作人員。,服務品質好
281c753d171e950f6a91dc41208766fe,5,Produto muito bom e chegou bem antes do prazo determinado ameii super recomendo,非常好的商品，在截止日期前就到達了，我喜歡它，我強烈推薦它,"商品不錯, 運送快速"
7dd41be728e67dbe34fadb14360fa937,5,"Super recomendo Produto lindo, entrega r?pida e segura.",我強烈推薦它。美麗的商品，快速安全的交貨。,"推薦, 運送快速"
e1e5ffbeefe42434ed7d519288f054d3,5,"Apenas uma coisa: Durante o transporte, n?o recebi o c?digo de rastreio, ent?o n?o sabia onde o produto estava. Fora isso, tudo perfeito!",只有一件事：在運輸過程中，我沒有收到追蹤代碼，所以我不知道商品在哪裡。除此之外，一切都很完美！,運送途中沒有追蹤
520c7e35d472a492b52297941e908795,5,excelente,很棒,正面
49877de22f1a1a72ddf9899c2fc1333f,5,Amei!!,非常喜歡！！,正面
d008598ef4388efaf9c344c2cc9f7a9b,5,"Super recomendo Produto chegou corretamente, foi entregue antes do prazo.",我強烈推薦它。商品正確到達，提前交付。,推薦
7f786ae0a99e0a5b5b11f33a1bb441a9,5,Veio tudo direitinho.,一切都很好。,正面
47c33a7d434a10b35907a00dffe922e4,5,Muito bom Podem comprar recomendo muito,非常好 可以購買 強烈推薦,推薦
4f94cd1c32401910c624f6203ac613e3,5,"Amei,chegou super r?pido, fiquei hiper satisfeita e o perfume que j? uso h? tempos,? divinoooo!!!",我喜歡它，它很快就到了，我非常滿意，我已經使用了一段時間的香水太棒了！,"商品不錯, 運送快速"
c58062cc5e089c2a336df7d313229a9e,5,Muito satisfeita.,非常滿意。,正面
4503b46c0d76b396b43d131bb515f726,5,super recomendo produto muito ?til,我強烈推薦這個非常有用的商品,推薦
1c292da369c7e335c2ff410187ce262e,5,?tima Entregou antes do prazo,很棒 提前交付,運送快速
f952682a1a28ff4c7f2474fa3141db49,5,"Boa loja, bons produtos, boa variedade, pontualidade na entrega, bons pre?os!",好店，好商品，品種好，交貨準時，價格優惠！,"商品不錯, 運送準時"
28129031a9ee1085d53b1bc985fce5de,5,"Recebi o meu pedido alguns dias da data prevista.
Chegou em boas condi??es.","我在預計日期前幾天收到了訂單。
它到達時狀況良好。",商品不錯
e91cb691f502b2182a12baa6871996a6,5,Adorei,我愛過,正面
82badd02f690b2bacf097274834a8e8f,5,Parab?ns foi entregue antes da data prevista,恭喜已在預定日期前送達,運送準時
8f86fd4b19cce38f91da80497e81c04c,5,Produto muito bom,非常好的商品,商品不錯
720ff16eb1247a524f0207c6abcea829,5,"Excelente Amei o produto... A entrega nunca vi t?o r?pido, comprei em um dia chegou no outro. Parab?ns para a transportadora targaryen e a lannister pelo excelente trabalho, atendimento e compromisso.",太棒了，我喜歡這個商品...交貨從未如此之快，我一天內就買了，第二天就到了。祝賀坦格利安航母和蘭尼斯特的出色工作、服務和承諾。,正面
499668e4bf4e61124bbdd77be344a899,5,a melhor loja de departamentos .,最好的百貨公司。,正面
8eb0b70ab47c002e3dd2cc0584d8b1a1,5,Entrega a tempo,準時交貨,運送準時
4355d3574f446a377df9f1e301795e06,5,"Lindo e moderno Gostei muito, minha ?nica ressalva negativa ? que n?o veio.manual de montagem, o que dificultou a instala??o.",美麗而現代。我真的很喜歡它，唯一的缺點是它沒有附帶組裝手冊，這使得安裝變得困難。,"商品不錯, 沒有說明書"
e54b189becd90700f4251b0ca9cd4053,5,"Chegou tudo certinho, j? at? estou usando! ;)",一切都到了，我已經在使用了！;),正面
ba7cc43d97c5e6153f353d76537a07e5,5,"produto lindo, qualidade e pre?o excelentes.
Entrega antes do prazo previsto.","美麗的商品，優良的品質和價格。
在預計截止日期之前交貨。","商品不錯, 價格優惠"
488606d60311c4145a3216dbc012640c,5,Muito lindo,很帥,正面
3f6d9482c57cdb5fc7012f7b9b5ed4c5,5,OTIMA,很棒,正面
fbc5d13d59e0650c6f1a128c51ab38aa,5,otimo,很棒,正面
c67233e8ee95310675c788e1df3cc8fc,5,?tima loja entrega certinha e no prazo antes do prometido ????????,很棒的商店在承諾之前及時準時交貨??????????,運送準時
275456bfb2e3d568225af035668661db,5,"Meu produto chegou muito mais r?pido do qu? o esperado. Uma vez que a previs?o era para o dia 08/05 e chegou dia 20/04. 
Ainda n?o o usei, mas em quest?o de entrega eu super recomendo.","我的商品到達速度比預期快得多。由於預計是 05/08，所以到了 04/20。
我還沒用過，但就送貨而言，我強烈推薦它。",運送快速
ce466dca2e8d3388cf3944a2a597a2f2,5,recebi a mercadoria de forma satisfat?ria.,我收到貨很滿意。,正面
4d7c0147ddac232be7629e5f38d6e11f,5,"Muito bom, comprei o produto , o prazo era extenso, porem , recebi muito antes do prazo final.",很好，我買了商品，截止日期很長，但是，我在截止日期之前很久就收到了。,運送快速
1c6d53c29493fc29107fc070feeab45f,5,Chegou at? antes da data prevista. Adorei!!!,它甚至在預定日期之前就到達了。我愛過！！,運送快速
731a10ee5de28010d689cabeec9b10ab,5,O produto chegou antes do prazo previsto.,商品在預期截止日期之前到達。,運送準時
499bbf4c80a2bfb703f60df742c3cb92,5,"Recebi o produto no prazo, em perfeitas condi??es.",我準時收到了商品，狀態完美。,運送準時
32aac5f93d7466476d2975a55b23501e,5,Comprei e o prazo prometido era de 15 dias ?teis.... chegou em 2 dias!! Muito satisfeita parab?ns!,我買了它，承諾的截止日期是 15 個工作天.... 2 天就到了！非常滿意恭喜！,運送快速
8ead7241120bae53583e173de1b9841c,5,recomendo,推薦,推薦
22c65f9744b65814079329666288a65c,5,Naara Eubrecomendo,納拉_尤布雷科曼多,無主題
f6b9c6ba22f882f9103cf8c24d941499,5,"Adorei o produto pena que chegou um pouco atrasada , mas recomendo a loja",我喜歡這個商品，抱歉來晚了一點，但我推薦這家商店,商品不錯
1a119f9612efeb8762d5c1baceda97e6,5,A entrega foi r?pida e o produto veio da forma correta.,交貨很快，商品正確到達。,運送快速
ac3b80fc82300eddb1240e625b415a95,5,Produto entregue em perfeito estado e antes do prazo.,商品完好無損並提前交付。,運送快速
add2ace7076ef6c8dff225c3fe204328,5,Produto correto e no prazo.,正確的商品並準時。,"商品不錯, 運送準時"
dbf5853d8727df651dc61e071c81dc31,5,Chegou corretamente e em tempo recorde!!! Parab?ns pelo trabalho.,它在創紀錄的時間內正確到達！祝賀你的工作。,運送快速
a8f8c4252cfe0e0e2c52e9f72274d64b,5,Chegou antes do prazo,在截止日期前到達,運送準時
205165be8675106bad0bd90afce13e79,5,"O produto chegou exatamente como o combinado, eu recomendo!",商品完全按照承諾到達，我推薦它！,"推薦, 運送準時"
cbdda387ac3c7e5f5007c07bd03f2a7d,5,"10 ?timo produto, excelente a qualidade.",10 偉大的商品，卓越的品質。,商品不錯
323591e11cb8e091f1ce551cae11c524,5,?tima ?tima,太棒了 太棒了,正面
599cccaede231d7b12fcf4117382c2a1,5,bom,很好,正面
82050304bb0369e801747b7cf00f38c3,5,"O produto veio na caixa com manual e garantia. A embalagem de transporte era adequada, sinalizada como fr?gil e veio com a Nota Fiscal. Perfeito.",商品包裝??盒內附有手冊和保固單。運輸包裝妥善，標示為易碎品，並附有發票。非常完美。,"沒有保固單手冊, 運送包裝好"
f0b329c38f9a842f40b22fe379c5e621,5,recomendo,推薦,推薦
2ca9052d2f833492f4a5dda1d92f21be,5,Entrega super r?pido e estou bem satisfeito com o produto. ..,交貨速度超快，我對商品非常滿意。..,運送快速
5d60a8a8898df2ee077a134f93d4b3e7,5,Muito rapido Excelente!!!,非常快 非常好！！,正面
943a97cf91be1385859cfb55b77428b4,5,Muito boas. Obrigado.,非常好。謝謝。,正面
b326f67288f003f81c50333c7647f723,5,. .,╴╴,無主題
75674bd25968d7b9303b48d9eb26b9f0,5,?timo,很棒,正面
cf245a849714879afda18971c7a87723,5,"?timo produto, mais ainda n?o testei.",很棒的商品，但我還沒測試過。,商品不錯