source_text,translated_text
Entrega rápida!,交貨快！
SUPER RECOMENDO,強烈推薦
Bom,好的
Entrega muito rápida,交貨非常快
ENTREGA DENTRO DO PRAZO,準時交貨
Recomendo,我推薦
recomendo,推薦
super recomendado,超推薦
Jogo de palavras cruzadas,填字遊戲
Falta de produto,缺乏產品
"muito bom , dez .",非常好，十個。
prazo,學期
Decepcionou um pouco,有點失望
O produto com defeito,不良品
Produto divergente,發散產品
produto não entregue,產品未交付
Ótimo,出色的
Recomendo.,我推薦。
Prazo não cumprido,未達截止日期
Muito satisfeita!,非常滿意！
Otimo,出色的
Excelente,出色的
Produto não entregue,產品未交付
Otimo!,出色的！
Ruim,壞的
10,10
Tudo perfeito,一切都很完美
Produto quebrado,破損產品
Eu recomendo,我推薦
Excelente!!,出色的！ ！
entrega rapida,快速交貨
ótima,出色的
Sim recomendo a todos,是的，我推薦給大家
Mercadoria errada,商品錯誤
super recomendo,我強烈推薦
não recomendo,我不推薦
Produto ainda não chegou,產品尚未到達
8,8
LINDO GORRO,美麗的無簷小便帽
produto no prazo,產品準時
"o produto parece ser bom,",產品看起來不錯，
Produto original,原創產品
Muito bom,非常好
Meu produtor n foi entreg,我的製作人未交付
Satisfeito,使滿意
excelente produto,優秀的產品
ruim,壞的
Atraso na entrega,交貨延遲
Excelente...,出色的...
Ótimo!,出色的！
Produto excelente!!!,優秀的產品！ ！ ！
muito bom,非常好
Simples,簡單的
Muito boa,非常好
Compra de produto,產品購買
Não é o esperado!!,不是預期的那樣！
Super recomendo,我強烈推薦
MUITO BOM,非常好
bom,好的
ENTREGA,送貨
Chegou antes do tempo,提前到達
excelente fornecedor,優秀供應商
ÓTIMO PRODUTO,很棒的產品
Satisfatório,滿意
Super recomendo.,我強烈推薦它。
Produto errado,錯誤的產品
Bom loja,好店
"Assim como uso, recomendo",當我使用它時，我推薦它
Pensei ser maior,我以為我更大了
Não chegou,沒有到達
Péssimo,糟糕的
Compra de relógio masculi,購買男士手錶
Parabens pela seriedade,恭喜你的認真
Ótima,出色的
Pontual,一次性的
Recebi antes do prazo,我在截止日期之前收到了
produto errado,錯誤的產品
Excelente aquisição,優秀的收購
Nem NF foi emitida!!,連NF都沒有發出來！ ！
Recomendo!,我推薦！
RECOMENDO,我推薦
Nota 10,註10
Qualidade.,品質.
Luvas,手套
************,**********
Produto em fase de teste,產品處於測試階段
Produto lindo!,漂亮的產品！
Regular,常規的
Muito boa qualidade,品質非常好
produto horrivel,可怕的產品
Tudo certo!,一切都很好！
Ok,好的
TOP,頂部
Excelente Loja,優秀店
Muito bom!!,非常好！ ！
Otima,出色的
Boa aquisição,良好的收購
PESSIMA,糟糕的
providências lannister!,蘭尼斯特措施！
Produto não chegou,產品未到達
Produto com defeito,不良品
CAPA DE COLCHÃO,床墊套
Perfeito!,完美的！
Shouwwww gosteiii muito,Showwwww我真的很喜歡它
a pensar recomendação,考慮推薦
Falta de comprometimento,缺乏承諾
Entrega rápida,交貨快捷
Entregue,發表
5,5
QUANTIDADE ERRADA,數量錯誤
satisfeito,使滿意
Muito lindo,很帥
Entrega muito rapida,交貨非常快
MARAVILHOSO!!!,精彩的！ ！ ！
Cor errada,顏色錯誤
otimo,出色的
Ótimo!!!,出色的！ ！ ！
Otima produto,很棒的產品
Satisfeita,使滿意
Otimo Produto,很棒的產品
Ótimo produto,很棒的產品
MT bom,MT 好
ótimo produto!,很棒的產品！
Sem produto em estoque,沒有庫存產品
Bom de verdade,真的很好
Super recomendo otima,我強烈推薦它
Chatice!,真糟糕！
Ótimo vendedor,很棒的賣家
muito bom material super,非常好的超級材料
Pessima,糟糕的
otimoo,偉大的
Foi tudo muito bom,一切都很好
Bom!,好的！
Muito boa!,非常好！
Atendeu minha expectatica,滿足我的期望
Muito Boa,非常好
ótimo lugar pra comprar,購買的好地方
Ofertado/Pago lannister,提供/付費蘭尼斯特
Aguardando desfecho.,等待結果。
Nao recebi,我沒有收到
Ótima loja!,很棒的商店！
"Super recomendo, show",我強烈推薦它，展示
Não recebi todos os produ,我沒有收到所有產品
Ótimos,偉大的
Controle remoto,遙控
Reclamação,抱怨
Gostei,我喜歡
Muito prática e moderna!,非常實用又現代！
produto bom,好產品
Reclamcao,抱怨
4,4
A luva não presta,手套沒啥用
Produto certo e rápido,正確且快速的產品
Maravilhoso ??,精彩的 ？ ？
Muito Bom,非常好
Top,頂部
Tudo certo,一切都很好
Bom.,好的。
Excelente produto,優秀的產品
Produto faltando,缺少產品
Quantidade errada,數量錯誤
Entrega rapida,交貨快捷
Péssima.,壞的。
Muito boom,非常繁榮
Positivo,積極的
Gratidão,感激
recomendado,受到推崇的
Super recomento,超推薦
Recomendo com ressalvas.,我推薦它並保留。
foi show sem problemas,這是一場沒有任何問題的演出
Tudo ok,一切都好
okok,奧科克
ótimo,出色的
Muito recomendado,非常推薦
Cancelamento não efetuado,未取消
Bom produto!!!,好產品！ ！ ！
"Bom, porem não otimo",不錯，但不是很好
Falta entregar,需要送貨
Pode melhorar,可以改進
recomentdo,我推薦
não recebi ainda,我還沒收到
Insatisfeita,不滿
lindooooo,美麗的
Recomendado,受到推崇的
Gosto muito dos produtos,我真的很喜歡這些產品
Produto excelente!!,優秀的產品！
Tesouras boas,好剪刀
tudo certo,一切都很好
Ótima opção,不錯的選擇
NÃO RECOMENDO,不推薦
MANDARAM O PRODUTO ERRADO,他們寄錯了產品
Ótima...,出色的...
Super rápido,超快
Boa,好的
ok,好的
"9,5",9.5
Maravilhosooo,精彩的
Elogio,稱讚
Adorei a loja.,我喜歡這家商店。
Uma negação,否認
Amei o produto,我喜歡這個產品
Perfeito!!,完美的！ ！
Foto não condiz,照片不符
Péssima loja,壞店
Bandeja,托盤
Quero devolver meu produt,我想退回我的產品
Zero,零
exelent,出色的
Perfume com defeito,有缺陷的香水
O produto foi en avariado,產品已損壞
Entrega,送貨
rack bike,自行車架
Entrega super rapida!,交貨超快！
XXXX,XXXX
Super satisfeito,超級滿意
Muito rápido,非常快
Pedido errado.,順序錯誤。
Não foi entregue,沒有交付
Demora na entrega,延遲交貨
mto bom,非常好
Entrega antes do prazo,截止日期前交貨
tudo certo com a compra,購買一切正常
Cumpre o objetivo,達到目標
Tudo correto,一切都正確
N recebi o produto,我沒有收到產品
Não recebi,我沒有收到
Esclarecimento,澄清
Preços bons,價格優惠
Vale a pena,這是值得的
Ponto positivo e negativo,正負點
Não recomendo,我不推薦
Demora,延遲
NOTA 10,註10
Ótima qualidade,品質優良
Produto não corresponde,產品不匹配
F,F
muito bem.,非常好。
PESSIMO,糟糕的
recomendo 100 por cento,我百分百推薦它
Jogo de panela,泛遊戲
Produto Perfeito,完美的產品
Bom produto,好產品
Faltando peças,缺少零件
"Fácil montagem, tem faro.",組裝方便，有鼻子。
péssimo,糟糕的
Caneta tinteiro crown,皇冠鋼筆
**** loja,**** 店鋪
entrega pontual,準時交貨
Super recomendado,超推薦
SIMPLES E RÁPIDO!,簡單又快速！
Produto entregue,產品交付
Não passou confiança,沒有給信心
Super rercomendo,我強烈推薦
Nãoque eu não recomende s,並不是說我不推薦它
Decepção,欺騙
NAO RECOMENDO,我不推薦
Prazo de entrega,交貨時間
Boas,好的
Genial !!!!,天才！ ！ ！ ！
Ainda não chegou',還沒到'
Avaliçao,評估
AMEIII,AMEIII
Entrega parceladas,分期交付
FALSIFICADO (targaryen),假貨（坦格利安）
PRODUTO NÃO ENTREGUE,產品未交付
Arrependimento,悔改
Produto veio com defeito,產品到達時有缺陷
entregou antes do prazo,在截止日期前交付
Excelência,卓越
OK,好的
Loja confiável,值得信賴的商店
Para o bebê,為了寶寶
Produto de boa qualidade,優質的產品
Adorei o porta algodão,我喜歡棉花架
Bom produto para enfeite.,裝飾用的好產品。
recomendo a loja,我推薦這家商店
gostei,我喜歡
Mto prático,很實用
- Luminária de Mesa pelic,- 鵜鶘檯燈
Propaganda enganosa,虛假廣告
Não tem manual de uso,沒有使用手冊
TUDO OK,一切都好
Suporte Projetor.,投影機支援。
Show,展示
MUITO SATISFATÓRIA,非常滿意
1000000,1000000
Muito bom o produto,非常好的產品
Maravilhoso,精彩的
LANERNA DIFERENTE,不同的車道
Entrega não concluída,交貨未完成
BOM,好的
Super Recomendo!!,我強烈推薦它！
O controle n funciona,控制不起作用
Lindo,美麗的
"Top,",頂部，
Recomrndo,我推薦
Loja excelente,優秀的商店
Super RECOMENDO,超推薦
Muito bom.,非常好。
Transportadora Merda,運營商狗屎
Produto bom,好產品
Rede azul,藍色網路
Recebi mas ainda não abri,我收到了，但還沒打開
avaliação do vendedor,賣家評級
Carregador LG com defeito,LG 充電器有缺陷
Falta um quadro,缺少一個框架
Péssimo! Produto errado,糟糕的！錯誤的產品
Nota 1000,註1000
Produto otimo,很棒的產品
demora e não entrega,延遲和不交貨
Bonito mas pequeno,可愛但很小
recomendo com otimismo,我樂觀地推薦它
Ótimo produto péssima ent,很棒的產品，很糟糕
otimo!,出色的！
Lindo😍😍😍😍,好美😍😍😍😍
hiper recomendo,強烈推薦
Chegou antes,提前到達
"Otimo,eu recomendo",太棒了，我推薦
tudo ok,一切都好
Produto com sabor trocado,風味改變的產品
Ótimo preço e qualidade,優惠的價格和品質
Não fiquei satisfeito,我不滿意
"Produto OTIMO, Recomendo",很棒的產品，我推薦它
Recebi a metade,我收到了一半
5 estrelas,5 顆星
Adorei o Relógio!,我喜歡時鐘！
Não foi entregue no prazo,沒有準時交付
100%,100%
Letra E de led,LED字母E
Chuveiro,淋浴
Chegou rapido,很快就到了
Rápida entrega.,交貨快。
nao recomendo,我不推薦
Sem comentários,暫無評論
prazo entrega,交貨時間
perfeito,完美的
eu recomendo esta loja .,我推薦這家店。
9,9
parabens,恭喜
frete,貨運
Comprei 2 produtos,我買了 2 個產品
Gostei muito do produto,我真的很喜歡這個產品
Solicitei o cancelamento,我要求取消
excelente,出色的
Parabéns a equipe!,恭喜團隊！
Produto sem.identificação,產品無標識
Mercadoria não entregue,貨物未交付
Super Recomendo,我強烈推薦
Top!,頂部！
Descrição deixou a deseja,描述還有待改進之處
Relógio errado,時鐘錯誤
Otimo Produto!!,很棒的產品！
O produto não corresponde,產品不對應
Cancelamento,消除
Não Recebi o produto.,我沒有收到產品。
"É O MÁXIMO, SUPER RECOMEN",這是最大的，超級推薦
Entrega Garantida,保證交付
Estou configurando nest,我正在配置巢
GUSTAVO SANTOS,古斯塔沃·桑托斯
mercadoria não entregue a,商品未交付至
Atrasou na entrega,延遲交貨
Produto Frágil,易碎品
Super Recomendo.,我強烈推薦它。
6,6
Esperava mais,我期待更多
Satisfeito com o produto!,對產品很滿意！
Maravilhosa,精彩的
Produto errado.,錯誤的產品。
"bom ,recomendo",好，我推薦
"Infelizmente,trava muito!",不幸的是，它崩潰了很多！
Muito rapido,非常快
353454t,353454t
"Excelente, recomendo",非常棒，我推薦
Parabéns,恭喜你
Produto não foi entregue,產品未交付
Satisfeito com atendiment,服務滿意
Tudo certo!!!!,一切都很好！ ！ ！ ！
Entrega de peças de infor,訊息片的傳遞
Praticidade,實用性
Não chegou ate minha casa,沒到我家
Avarias esteticas,外觀缺陷
nao recebi o produto,我沒有收到產品
Qualidade do produto,產品品質
Entrega super rapida,超快速交貨
Adorei,我愛過
Produto maravilhoso,很棒的產品
não satisfatória,不滿意
Gostei muito,我真的很喜歡
Não recebi o produto,我沒有收到產品
muito BOM,非常好
Produto entregue no prazo,產品準時交付
Péssimo sist. Entrega!,系統不好。送貨！
nao recebi produto,我沒有收到產品
muito boa,非常好
Recomendo muito bom .,我非常推薦它。
muito bom produto,非常好的產品
Alteração de sabor,口味變化
Pessimo atendimento,服務不好
Produto recomendável,推薦產品
aguardo retorno,我等待你的歸來
Entrega errada,出貨錯誤
Demora em fazer uma troca,延遲兌換
Cumpre o que promete,履行承諾
Inversor de energia,電源逆變器
cancelado,取消
Ótima.,出色的。
pessimo,糟糕的
Cartuchos falsos,假墨水匣
Cesto,籃子
otima,出色的
Recomendo a todos!!,我推薦給大家！ ！
Super recomendo!,我強烈推薦它！
Aprovado!,得到正式認可的！
Boa Compra. Recomendado,好買。受到推崇的
Ainda não montei,我還沒組裝好
Tudo otimo,一切都很棒
Muito ágil,非常敏捷
Pedido recebido corretame,訂單收到正確
Super Recomendado,超推薦
Correto,正確的
Excelente!,出色的！
produto ruim,不良產品
Produto regular a bom,常規產品到好產品
Não recomendado,不推薦
Excelente compra.,很棒的購買。
Confiável,可靠的
Ótimo Produto!,很棒的產品！
Sem problemas,沒問題
Recusa,拒絕
Tudo Certo!Satisfeita,一切都好！使滿意
Produto nao funciona,產品不起作用
Houve problemas,有問題
Recomendo mas não é 100%,我推薦它，但不是100%
Recomento,我推薦
Compla,孔普拉
Quase nota 10,幾乎是10
Nao entendi,我不明白
elogio,稱讚
Compromisso,承諾
Insatisfação,不滿意
Defeito,缺點
A NIGRO PRECISA SABER,尼格羅需要知道
Muito satisfeito,非常滿意
lixo,垃圾
Muito bom!!!!,非常好！ ！ ！ ！
nao e pontual,不準時
Recomendo muito bom,我非常推薦它
Perfeito,完美的
Capa de Celular J7 Prime,J7 Prime 手機殼
Tudo Certo!,一切都很好！
ótimo produto,很棒的產品
boa,好的
eu recomendo,我推薦
Recebi o produto avariado,我收到了損壞的產品
Entrega dentro do prazo .,在期限內交貨。
ALMOFADAS,坐墊
Case para tablet 7,平板電腦保護殼 7
Um bom produto...,一個好的產品...
Ruin,廢墟
Ainda não vi o produto,我還沒看到該產品
Produto bom.,好產品。
produto estranho,奇怪的產品
Super satisfeita.,超級滿意。
Xxc,xxc
Recomendo a loja,我推薦這家商店
Recebi pedido incompleto,我收到了不完整的訂單
Produto nao foi entrege,產品未交付
Vendedor Recomendavel,推薦賣家
Muito boa perfeita,非常好完美
Muito satisfeito !!!!,非常滿意！ ！ ！ ！
Queria saber o que fazer,我想知道該怎麼辦
Tamanho,尺寸
Produto ótimo,很棒的產品
Satisfação,滿意
nota 10,註10
Veio faltando o carregado,充電器不見了
Tudo como combinado,一切都按照約定
Muito Bom o produto,非常好的產品
Ótima cinta,很棒的錶帶
quero devolução,我想要退款
RELÓGIO FALSO,假表
Frete,貨運
Incompleto,不完整
"""*****",「*****
Me mandaram outro produto,他們寄了另一個產品
Eu super recomendo,我強烈推薦
Produto veio errado,產品出現錯誤
Boa compra,好買
super recomendp,超推薦
Muito satisfeita,非常滿意
0,0
O produto não foi entregu,產品未交付
Otimo atendimento,很棒的服務
Cortina perfeita,完美的窗簾
Parece estar tudo correto,一切似乎都是正確的
Entrega recebida,已收到貨
super recomendada,超推薦
qualidade ruim do produto,產品品質差
Produto de qualidade,優質產品
Bom custo x benefício,物超所值
não recebi um produto,我沒有收到產品
satisfeita,使滿意
TD certo,TD右
"Recebi, está incompleto",收到了，不完整
Tudo certo.,一切都很好。
otims,奧蒂姆斯
Produto recomendado,推薦產品
Muito bom .,非常好 。
produtos ruins,不良產品
NÃO RECOMENTO,不推薦
Tudo nos conformes!,一切都很好！
Entrega no prazo.,準時交貨。
Entrega de produtos,產品交付
Tudo dentro dos conformes,一切都合規
Loja muito boa,非常好的店
Touca,帽子
Produto excelente,優秀的產品
Ótimo custo beneficio,物超所值
Entregue no prazo,準時交貨
Ótima compra!,很棒的購買！
Tudo nos conformes,一切都井然有序
bom serviço,服務好
Jogo de cama,寢具套裝
OTIMO PRODUTO,很棒的產品
Nao recebi tudo,我沒有收到全部
Aguardando a entrega,等待發貨
ainda não entregou,尚未交付
Não presta bom atendiment,不提供良好的服務
Aprovado,得到正式認可的
Fui enganado,我被騙了
Produto com defeito!,有缺陷的產品！
Muito eficiente,非常有效率
Lustre,枝形吊燈
Muito bom!,非常好！
Não compro mais,我不會再買了
Amei!,我愛過！
Cumpriu com o pro,符合專業
Entrega parcial,部分交付
Rapida entrega,交貨快捷
recomendo.,我推薦。
OTIMO,出色的
PERFEITO,完美的
Pedido incompleto,訂單不完整
Bom parceiro,好夥伴
RUIM,壞的
bom produto,好產品
esperando e precisando...,等待並需要...
Atraso,延遲
Meu produto,我的產品
excelente! Recomendo,出色的！我推薦
"otimo, recomendo",太棒了，我推薦
Avaliação de Entrega,交付評估
05,05
Cheiro de satisfação,滿足的味道
Antes do prazo,截止日期之前
Exelente,出色的
Loja correta,正確的商店
Produto bem inferior,非常劣質的產品
muito bom!,非常好！
Muito bom e rápido.,非常好而且快。
Anúncio ambíguo dá errado,模稜兩可的廣告出了問題
produto excelente,優秀的產品
Excelente compra,優秀的購買
recomendo a loja e produt,我推薦商店和產品
Não Recomendo,我不推薦
Compra,買
prateleira continental,陸棚
Produto pequeno,小產品
xxxxxxxxxxx,xxxxxxxxx
Muito satisfeito.,非常滿意。
muito satisfeita,非常滿意
Pessimamente atendido,服務很差
Entrega incompleta,交貨不完整
Super recomendaddo,超推薦
Encomenda não entregue,訂單未交付
produto insatisfatorio,不滿意的產品
Faluana receber um produt,Faluana 收到產品
Perfume é FALSO,香水是假的
"Não Recomendo""!!!!!",我不推薦」！！！！
Horrível,可怕
Ótimo custo x benefício,物超所值
Não é a melhor marca,不是最好的品牌
Tranquilo,安靜的
Nome incompleto,名稱不完整
melhor que a espectativa,比預期好
Adaptador de 12 v p/ 110v,12v 適配器轉 110v
recebi o produto na data,我準時收到了產品
EXCELENTE,出色的
A satisfação,滿意度
Quero fazer devoluçao,我想退貨
Produto chegou quebrado.,產品到達時已損壞。
Nota10,註10
bom....4,好....4
PRODUTO INCORRETO,產品不正確
Phoda!,福達！
Acabamento Ruim,表面處理不佳
3,3
Diferente,不同的
Falta mais compromisso,不再有承諾
Empresa confiável,值得信賴的公司
Falha na entrega,出貨失敗
lannister.com,蘭尼斯特網站
okkkkk,好啦
Não recebi meu produto,我沒有收到我的產品
Chegou antes do esperado,比預期早到達
muito possitivo,非常積極
Erro de produto,產品錯誤
Otimol,奧普莫爾
REcomendo,推薦
Não recebi o produto.,我沒有收到產品。
Luminaria sobrepor led 18,重疊式LED 18燈具
Entrega Parcial.,部分交付。
SUPER RECOMENDADO,超推薦
targaryen APROVADA!,坦格利安批准！
Ainda não recebi,我還沒收到
Muito ruim,非常糟糕
Atendimento e entrega Dez,服務與交付 12 月
òtima qualidade,品質優良
Boa noite bom produto,晚上好好產品
Cabeceira linda!,漂亮的床頭板！
Modelo do relógio,手錶型號
Produto dentro do esperad,產品符合預期
Muito bom e rapido,非常好又快
Pruto muito frágil.,非常脆弱的李子。
FOI RÁPIDO A ENTREGA,交貨很快
Regular.,常規的。
entrega atrasada,延遲交貨
Compra bem sucedida!,購買成功！
O produto não funciona,產品不起作用
Excelente parceiro,優秀合作夥伴
Tamanho maior,尺寸更大
Recebimento nota 10,收到10級
LINDA PULSEIRA,美麗的手鍊
Produto Ok,產品OK
Satisfação da compra,購買滿意度
Rapidez e eficiencia,速度和效率
Ótimo custo benefício,物超所值
Sim recomendo a loja,是的，我推薦這家商店
Produto avariado,不良品
Rápido na entrega,交貨快
composição diferente,不同的成分
Ótimo serviço,很棒的服務
Sensacionalmente Recomend,轟動推薦
Uma merda,一個狗屎
demora na entrega,延遲交貨
Mt bom,非常好
Insegurança,不安全感
Produto veio defeito,產品到達時有缺陷
Ruim. Veio o rosa e pedi,壞的。粉紅色的來了，我問
Muito bom !,非常好 ！
Super recomendo!!!,我強烈推薦它！
Eles são excelentes!!,他們太棒了！
Colimador/ajustador de mi,Mi準直器/調節器
7,7
Nao recebi certo,我沒有正確收到
Má qualidade,品質差
Amei,我愛過
Boa Loja,好店
"Horrível, uma fraude!!!!",太可怕了，騙人的！ ！ ！ ！
Meu produto foi devolvido,我的產品被退回
Excelente produto.,優秀的產品。
rapido e correto,快速且正確
Cadê meu produto,我的產品在哪裡
Excelente.,出色的。
lannister show!@,蘭尼斯特秀！ @
LM 327,LM 327
Recomendo à todos,我推薦給大家
M boa,米好
Boa loja,好店
SUPER INDICO,超級靛藍
O produto não veio,產品沒來
Tecido fino,精美面料
Produto inferior,劣質產品
Não chegou o produto,產品未到達
Ainda tenho dúvidas,我仍然有疑問
Recebimento,收據
Bem atendida pela loja,店裡服務很好
Papaleguas,帕帕萊瓜斯
Terceirizada perfeita,完善的外包
Modelo diferente.,不同型號。
comprei 2 itens e recebi,我購買了 2 件商品並收到了
Conforme anúncio,按照廣告
Produto falsificado,仿冒品
Ótima Empresa,偉大的公司
recomendaria,會推薦
o produto foi entregue,產品已交付
não recebi o produto,我沒有收到產品
Espetacular,壯觀
Super recomendo !,我強烈推薦它！
ÓTIMO,出色的
Legal,合法的
exijo as devidas providen,我要求採取必要措施
condiz com o anunciado,與廣告內容相符
nao foi entregue,未交付
eu me arrependo da compra,我後悔購買了
Eficiente e qualidade,高效優質
Só recebi a nota fiscal,我只收到發票
O espelho fica embaçado,鏡子起霧了
MEGA RECOMENDO,超推薦
Relógio Lindo!,漂亮的手錶！
MUITO DECEPCIONADA,非常失望
Amei!!,我愛過！ ！
Parabéns a toda equip,恭喜整個團隊
Entrega demorada,延遲交貨
não. chegou,不。它到達了
Meus parabéns,我的祝賀
Meu produto voltou,我的產品被退回
Recomendo sim,是的，我推薦
Supar recomendo 5 estrel,超推薦5星
Super satisfeita,超級滿意
Produto veio diferente,產品不同
Recomendaria mas com resa,我會推薦它，但要謹慎
Ótima compra,很棒的購買
Produto não veio 250 ml,產品未到達 250 毫升
Total desrespeito,完全不尊重
O produto veio quebrado,產品到達時已損壞
Problemas com entrega,交貨問題
Enganação,欺騙
Amei ...entrega rapida.,我喜歡它...交貨快捷。
custo x benefício,成本×效益
Fornecedor ótimo,很棒的供應商
Satisfatória,滿意
Pessimo,糟糕的
Devolução de produto,產品退貨
Nao entregRam o produto,他們沒有交付產品
Adesivos amassados,皺巴巴的貼紙
9 neste produto,9 本產品
Cartucho original,原廠墨盒
excelente produto!,優秀的產品！
Insatisfaçao,不滿意
Faça leve,保持光線充足
obd2 imcompatível,obd2不相容
Ventilador Excelente...10,優秀的粉絲...10
Não gostei,我不喜歡它
Erro no modelo,模型錯誤
Produto Ruim,不良產品
Loja Americana É Culpada,美國文化有罪
farol de led,LED頭燈
Gostei Muito Do Vinagre,我真的很喜歡醋
Termômetro de forno,烤箱溫度計
ATENDE ÀS EXPECTATIVAS,符合期望
Avaliando,評估中
Plenamente satisfeito.,完全滿意。
Tudo tranquilo,一切平靜
"Péssimo, não recomendo",太糟糕了，我不推薦
Medio,平均的
Muito bim,非常bim
Positiva,積極的
Muito linda....,很漂亮....
Super recomendo a todos,我強烈推薦給大家
Médio,平均的
Material de otima qualida,優質材料
RUIN,廢墟
Recebi o produto antes do,我之前收到過產品
Naara,奈良
Vendedor,賣方
"sim, recomendo, no prazo.",是的，我推薦它，準時。
positiva,積極的
00,00
cumpre o q promete,兌現承諾
Recomendadíssimo,強烈推薦
pessímo,糟糕的
Perfeito.,完美的。
pefeito,完美的
Lucileudo Firmino sousa,盧塞萊多·菲爾米諾·索薩
Nao recebi o produto,我沒有收到產品
super Recomendado,超推薦
Atenção!,注意力！
boa loja,好店
Muito atraso na entrega,交貨非常晚
Atendeu as expectativas,達到預期
Entrega e Atendimento,送貨及服務
cumpre o prometido,履行承諾
sem profissionalismo,沒有專業精神
Panos de copa,杯布
Confiança,相信
Foto,照片
Dez,十
Atenção,注意力
Assim que tem que ser,所以它必須是
razoável,合理的
Òtimo produto!,很棒的產品！
Sensacional,聳人聽聞
Mercadoria ok,貨還可以
talvez,也許
Pedido veio quebrado,訂單被破壞
Entrega do produto,產品交付
erro na entrega,交貨錯誤
entrega boa,交貨良好
Entrega perfeita,完美交付
Com defeito,有缺陷的
recomento,推薦
2,2
Ótimos produto e vendedor,很棒的產品和賣家
Recomendo concertesa,我推薦演唱會
Excelente negociação,出色的談判
Cliente satisfeito.,滿意的客戶。
SUPER RÁPIDO ATÉ ASSUSTEI,超級快我甚至害怕
Nada de produto,沒有產品
Entrega 🚚,送貨🚚
"sim, recomendo ***",是的，我推薦***
Entrega no prazo,準時交貨
Produto entregue errado,產品交付錯誤
eu recomendo .,我推薦。
Razoável,合理的
Não,不
Qualidade,品質
Porta documento,資料夾
Recebi apenas 1 unidade,我只收到 1 件
Fenômeno,現象
Ótimo e prazo rapido,偉大而快速的截止日期
Achei muito frágio..,我發現它非常脆弱...
Decepcionada com a compra,對購買感到失望
Show de bola,球秀
Termômetro portátil,隨身溫度計
Veio faltando PEÇAS!!!!!,來了缺少零件！ ！ ！ ！
remcomendo,我推薦
produto proximo de vencer,產品即將到期
Nao recomendo mais,我不再推薦它了
lannister e ótima!,蘭尼斯特太棒了！
Ainda não recebi o produt,我還沒收到產品
RECOMENDADO,受到推崇的
Insatisfeito,不滿
"Super recomendo, Ótimo",我強烈推薦它，很棒
"Super recomendo, sem dúvi",毫無疑問，我強烈推薦它
recomendo sim,我推薦是的
as cores não corresponde,顏色不匹配
Excelente loja,優秀的商店
VEIO COM DEFEITO,它有缺陷
Não cumpriu o prazo,沒有遵守截止日期
Garantia total,全程保證
Ótima empresa,偉大的公司
O,這
A cor é diferente,顏色不一樣
Cumpre o que promete.,兌現您的承諾。
produto ainda não chegou,產品尚未到達
De ótima qualidade!!!,品質很好！ ！ ！
Nao chegou,沒有到達
Básico e Rápido,基本且快速
Ótima adorei,太棒了我喜歡它
NÃO CHEGOU AINDA,尚未到達
Vc paga e não entregam,你付錢，他們不送貨
Entrega Rápida,快速交貨
Recebi o produto errado,我收到了錯誤的產品
Não tenho como avaliar,我無法評價
PRODUTO,產品
Demora dms,DM 延遲
Muito Bom Ta De Parabens,非常好 恭喜
Veio incompleto,來得不完整
Precisei retirar,我不得不刪除
Falta produtos,缺少產品
Recomendo!!,我推薦！ ！
problemas na entrega,交貨問題
Excelente!!!,出色的！ ！ ！
Vale a pena!,這是值得的！
Recebi incompleto,我收到的資訊不完整
Uma das melhores lojas,最好的商店之一
Entrega de produto,產品交付
Muitíssimo satisfeito!!!,非常滿意！ ！ ！
pena que so pode uma cor,可惜只能有一種顏色
Eu recomendo.,我推薦。
Supeer recomendo...,超推薦...
Quero o dinheiro de volta,我想要回錢
Pedi de 1/2 e veio 3/4,我點了 1/2，結果到了 3/4
cortador de garrafas vidr,玻璃瓶切割機
Desconfie duplamente,雙重可疑
Produto nao entregue,產品未交付
Não chegou no prazo,沒有準時到達
Atenção sobre a entrega,出貨注意事項
Já conheço a empresa,我已經了解這家公司了
Linda Manta,漂亮的毯子
material mt bom,非常好的材料
Produto diferente da foto,產品與照片不同
Quase ótimo,幾乎很棒
Avaliação do vendedor,賣家評級
recebi ok,我收到了 好的
O produto veio bem antes,該產品很早就來了
Gostei.,我喜歡。
super,極佳的
Bom material no geral,整體材質不錯
Réplica,複製品
Produto top,頂級產品
Ok tudo certo recomendo !,好吧，一切都很好，我推薦它！
ótimos produtos,很棒的產品
Até veio antes do prazo.,它甚至在截止日期之前到來。
Entrega Incompleta,交付不完整
PÉSSIMO FORNECEDOR,糟糕的供應商
Bom d+!!!,好d+！ ！ ！
Top.,頂部。
Ótimo muito bom mesmo!!!,太好了，真的很好！ ！ ！
Cortina de qualidade,優質窗簾
Ótima comra,非常值得購買
Excelente 👍🏽,太棒了👍🏽
muito bom!!,非常好！ ！
sensacional.,聳人聽聞。
Recomendo Muito,我強烈推薦
produto de péssima qualid,產品品質差
Cabo flat retrátil H Bust,H 胸圍伸縮扁平電纜
Veio outra voltagem,又一個電壓來了
Super recomendo!!!!!,我強烈推薦它！ ！ ！ ！
chegou antes do prazo,在截止日期之前到達
Produto veio amassado,產品皺巴巴的
Mercadoria,商品
Produto foi entregue erra,產品交付錯誤
Pessimo produto,不良產品
Paulo,保羅
Rapidez,速度
Bom negócio,很划算
Zenildo,澤尼爾多
entrega meio confusa,交付有些混亂
Muito bom!!!,非常好！ ！ ！
Empresa não confiável.,不靠譜的公司。
Nota dez,注意事項十
FALAR C/ATENDENTE NO SAC,與 SAC 的服務員交談
Nota 10.,註10。
Adorei!,我愛過！
Péssima qualidade,品質差
Pedido 02-671663252,訂購電話02-671663252
super satisfeito.,超級滿意。
Pano de prato,洗碗布
Excelentes!,出色的！
Confiavel 10,可靠10
recomendo !!!!!,我推薦它！ ！ ！ ！
Perfeito em tdooo,一切都很完美
Melhor do que a encomenda,比訂購的更好
Eficiencia,效率
voltagem errada,電壓錯誤
Lindíssimas,美麗的
compra controle remoto,買遙控器
Indignada,憤怒
Nao recomendo,我不推薦
Decepcionada,失望的
Otimo vendedor,很棒的賣家
negativa,消極的
Rede maravilhosa,精彩網路
super maximo recomendo,超棒我推薦
Pedido chegou incompleto,訂單到達不完整
Não é original,這不是原創的
ótima!,出色的！
Excelente compra!,很棒的購買！
Entrega correta,正確交付
Rede de dormir,吊床
entrava do produto,產品錄入
Veio produto errado,錯誤的產品來了
Produto ok,產品還可以
Excelente Fornecedor,優秀供應商
"Bom, muito bom.",好，非常好。
PROPAGANDA ENGANOSA,誤導性廣告
Comprou chegou,買的到了
Comprei e não recebi,我買了但沒有收到
Bom Produto recomendo,我推薦的好產品
Produto Top,頂級產品
Falso,錯誤的
supriu as expectativas,達到預期
Falta de informação,缺乏資訊
Minha compra chegou pela,我購買的商品到達時間為
Eu preciso q troque,我需要改變它
Ótimo ?,出色的 ？
Bom sim,好，是的
Cumpre com o prazo.,遵守最後期限。
suuuuper recomendo,超推薦
Bom para ter,很高興擁有
Transação excelente,成交優秀
NÃO RECOMENDO!!!!,我不推薦！ ！ ！ ！
Péssimo atendimento.,糟糕的服務。
"Como sempre, muito bom.",一如既往，非常好。
Bom atendimento,服務好
Produto não recebido,未收到產品
Balancim 100,搖桿100
"Recomendo a loja, sempre!",我一直推薦這家店！
Ótima Loja,很棒的商店
tudo ok!,一切都好！
otima super recomendo,很棒超級推薦
Preciso de retorno,我需要退貨
Primeira compra,首次購買
Sim,是的
Bolsa de manicure,美甲包
Compra 5 estrelas.,買5星。
Lindo relógio,漂亮的手錶
"Bom Vendedor, recomendo",很好的賣家，我推薦
Chegou antes do prazo,在截止日期前到達
excellente,出色的
trocaram a serie da bonec,他們改變了娃娃系列
Produto chegou incompleto,產品到達時不完整
Cadeira não chegou,椅子沒到
Ótimo Produto,很棒的產品
Muito,非常
...,……
Estou aguardando.,我在等待。
Chegou hoje,今天到達
qualidade discutivel,品質有爭議
Foto enganosa,誤導性照片
Super,極佳的
Recebi só 1 de 3 itens,我只收到 3 件商品中的 1 件
PRODUTO DE BOA QUALIDADE,優質的產品
Adorei meu produto!,我喜歡我的產品！
Quatro estrelas,四星
compra,買
5 estrela bom,5星不錯
Facil troca,輕鬆兌換
regular,常規的
Meu produto veio errado,我的產品出了問題
zero vou ao procom,零我要去procom
Tenho receios,我有恐懼
Produto quebrado!!,破損產品！ ！
recomerndo,我推薦
Produto conforme anunciad,產品如廣告所示
Mop,拖把
atendente as necessidades,滿足需求
Cumpriu as expectativas,滿足期望
Aguardando produto,等待產品
EXCELENTE COMPRA,非常好的購買
Não compre com essa loja,不要從這家商店購買
Head Set Xbox one,耳機 Xbox 一
com resalva,有預約
Adesivos mal feitos,貼紙製作不良
Muito Ruim,非常糟糕
Produto muito bom.,非常好的產品。
Nota fiscal,發票
A película não serviu.,這部電影不適合。
Veio outro produto,又一個產品來了
Amei minha compra,我喜歡我的購買
Chegou bem antes do prazo,遠遠提前到達
Recomendo a todos,我推薦給大家
Produto.nao chegou,產品未到達
2 pedidos e só 1 veio,2 個訂單，僅 1 個到達
Oferta top,頂級優惠
.,。
Uma porcaria,一個廢話
Compraria de novo,我會再次購買
Estou no aguardo,我在等
Não entregue,未交付
Produto Recusado,被拒絕的產品
Otimo!!,出色的！ ！
BOA,好的
Recebi um produto com def,我收到了一個帶有 def 的產品
Otimo produtos,很棒的產品
Produto bom! Frete Ruim,好產品！運輸不良
"Recomendo, tudo ótimo!",我推薦它，一切都很棒！
Satisfeito com o produto.,對產品感到滿意。
Chegou muito rápido!,它來得很快！
1 produto não entregue,1 件產品未交付
Devolução,返回
Regua fora de escala,尺子不按比例
insatisfeita,不滿
Embalagem,包裝
Bonito,美麗的
Quantidade incorreta,數量不正確
Produto pirata!,盜版產品！
Entrega descordenada,交付不協調
O cartucho não é original,墨盒不是原廠的
Blend nosso de cada dia,我們的日常混合
Carregador com defeito,充電器不良
Não funciona,不起作用
Carteira de couro marrom,棕色皮革皮夾
ótimo!,出色的！
Horrivel,可怕
beleza,美麗
Adoreiii,我喜歡它
Péssima compra,糟糕的購買
Preciso de uma solução,我需要一個解決方案
Ameiii,阿梅三世
Muito Bom!,非常好！
Rápido e simples,快速簡單
Por enquanto,目前
cancelamento,消除
Produto veio incompleto.,產品到達時不完整。
Produto de alta qualidade,高品質產品
Recomendo a todos.,我推薦給大家。
Amassado e incompleto,皺巴巴且不完整
Que demora para chegar,需要多長時間才能到達
Relógio falso,假表
crítica,批評
muito satisfeito =],非常滿意=]
Super recomendo!!,我強烈推薦它！
Capa carteira,錢包套
Aerógrafo,噴槍
Rapidez e seriedade,速度和嚴肅性
Recomendo Sim,推薦 是
Produto duvidoso,可疑產品
descaso com o cliente,漠視顧客
Péssima,糟糕的
ME ENTREGARAM APENAS 01,他們只送了我01
Excelente vendedor,優秀賣家
Dúvidas...,疑問...
Tudo ok!,一切都好！
Ótimo loja recomendo,我推薦的很棒的商店
Não recebi meu pedido,我沒有收到訂單
PRODUTO DIFERENTE,不同的產品
Como ser profissional,如何做到專業
bom de mais,太好了
sim recomendO,是的，我推薦
Buena,布埃納
Normalidade,常態
Pequeno,小的
Não funcionou,沒用
Têm que melhorar,他們必須改進
relogio,鐘
Produto diferente,不同的產品
ESTOU MUITO SATISFEITO,我很滿意
Satisfacao,滿意
PRODUTO FALSO,仿冒品
Avaliação,評估
SUPER RECOPMENDADO,超推薦
Ssrisfeita,斯里斯菲塔
PRODUTO FALTANDO PEÇAS.,產品缺少零件。
Nao recebir o produto,未收到產品
Muito bom recomendo,非常好我推薦
Credibilidade,信譽度
bOM,好的
tudo perfeito,一切都很完美
produto show,產品展示
Nota 0,評分 0
Otima compra,很棒的購買
Decepcionado,失望的
Não vou avaliar o que não,我不會評價不評價的
Produto não confere,產品不適合
Só veio uma cortina,只來了一個簾子
Meu pedido,我的訂單
Não recebi ainda,我還沒收到
"Muito bom, recomendo!",非常好，推薦！
Quero cancelar a compra,我想取消購買
exelente,出色的
Friso lateral onix,瑪瑙側飾
Entrega complicada,交付複雜
produto não veio completo,產品未完成
Tudo certo ;),一切都很好;)
Recebi produto com defeit,我收到了有缺陷的產品
nao foi o esperado,這不是預期的結果
comprei um e veio outro,我買了一個，又來了一個
Recomendação,推薦
Está faltando o carregado,加載的那個不見了
Recebi apenas 1 pacote,我只收到 1 個包裹
Não entregou no tempo .,沒有準時交貨。
falta de produto,缺乏產品
Meu pedido ainda não foi,我的訂單尚未收到
Não recomendaria,不會推薦
Relógio casio,卡西歐手錶
Ótimo produto!,很棒的產品！
Nota Dez,註十
Não chegou meu produto,我的產品沒有到達
Não recebi o produto!,我沒有收到產品！
Toop,圖普
Produto veio trocado,產品已更換
Execelente vendedor,優秀賣家
Travesseiro ortopédico,矯正枕
Prazo,學期
Entrega atrasada,延遲交貨
Atraso do Pedido,訂單延遲
profissa,專業的
Ótimos produtos...😍👍,很棒的產品...😍👍
potes herméticos,密封罐
Motoca,摩托車
Estou aguardando,我在等待
Só limpeza leve,僅輕度清潔
baixa qualidade,低品質
Cartuchos HP,惠普墨水匣
Faltou informação,缺少訊息
Produto entregue danifica,產品交付損壞
Suporte para instrumentos,儀器支援
Comprei dois e recebi um,我買了兩個並收到了一個
entrega rapdo,快速交貨
produtos incompletos,不完整的產品
Insatisfeitíssima,非常不滿意
Função controle,控制功能
falta do manual,缺手冊
Ótimo atendimento,很棒的服務
Falta de compromisso na e,缺乏承諾
Mediana,中位數
Muito rapido a entrega,交貨非常快
Produto diferente do que,產品不同於
B2W malandra,B2W 騙子
NÃO entregue,未交付
Tamanho do Produto,產品尺寸
loja desorganizada,雜亂無章的商店
muito bonito,很漂亮
RECOMENDÁVEL,值得推薦
100% original,100%原裝
Agora sim,現在是的
Paciência,耐心
Produto parece ser simila,產品看起來很相似
Muito b produto,非常好的產品
Compra Realizada,購買製造
Capa sofá,沙發套
Estou muito satisfeita.,我很滿意。
Produto veio quebrado,產品損壞
Não recebi no prazo.,我沒有按時收到。
Carteira perfeita,完美的錢包
Entrega de apenas uma cap,僅交付一瓶蓋
O produto é de qualidade,產品品質優良
Chegou rápido e correto,快速且準確地到達
Desta compra não gostei.,我不喜歡這次購買。
5 estrela,5星
Recomendo com certeza,我絕對推薦
Extintor incêndio carro a,汽車滅火器
EXCELENTE PRODUTO,優秀的產品
entrega eficiente....,高效配送....
Pontualidade,準時
Dentro da estatística,內部統計
Produto OK,產品OK
Veio faltando,失蹤了
Atendimento Péssimo,糟糕的服務
Remédio,補救
O Produto foi Roubado,產品被盜
Qualidade e entrega ótima,優良的品質和交貨期
Protudo diferente da foto,一切都與照片不同
Ótima loja,很棒的商店
atendimento ruim,服務很差
mediana,中位數
recomendo!,我推薦！
NORMAL,普通的
Produto veio aberto,產品已開啟
Não entrega,不出貨
Entrega super rápida,超快速交貨
Cuidado com a imagem,小心影像
EXCELENTE...,出色的...
1,1
Rápido e eficiente,快速高效
Rapidez e qualidade,速度和質量
Não recebi corretamente,我沒有正確收到
top,頂部
TUDO CERTO,一切都很好
O produto ê importado da China e não possui nenhum manual em português. Deixou a desejar.,該產品是從中國進口的，沒有任何葡萄牙語說明書。它還有一些不足之處。
nunca recomendaria meu produto não chegou passou o prazo e a empresa não da uma satisfação.,我絕對不會推薦我的產品，它在截止日期後沒有到達，公司也不滿意。
Produto entregue lacrado e em perfeito estado.,產品密封交貨且狀況良好。
Recomendo este vendedor.,我推薦這個賣家。
recomendo a loja targaryen e o baratheon. ótima parceria.,我推薦坦格利安和拜拉席恩商店。偉大的合作夥伴關係。
"Já solicitei a troca do produto, por defeito, informação diferente do que veio, avaria...",由於缺陷、資訊與產品附帶的資訊不同、故障......，我已經要求更換產品。
"Fiz o pedido de 2 pulseiras, porém só uma delas chegou. A de pedra vulcânica a outra pulseira não chegou.
Gostaria de saber se enviaram em pacotes diferentes?","我訂購了 2 個手鐲，但只到了其中一個。另一條火山石手鍊還沒到。
我想知道他們是否寄了不同的包裹？"
O produto veio com defeito . Amassado.,產品到達時有缺陷。揉捏的。
A entrega era para até dia 26/03. Até hoje ainda está no preparo para entrega.,交貨期截止至 3 月 26 日。直到今天，它仍在準備交付中。
"comprei 2 caixas do xtramaster,só mandaram 1,talvez tenha confundido é o que eu espero que tenha acontecido e enviei a outra caixa. Estou aguardando",我買了 2 個 xtramaster 盒子，他們只寄了 1 個，也許我很困惑，這就是我希望發生的事情，我寄了另一個盒子。我在等待
Muito bom amei a omeleteira antiaderente,非常好，我喜歡不沾煎蛋機
"Até o dia de hoje (24/03/18), não recebi o produto.",截至今天（03/24/18），我還沒有收到產品。
"Não instalei ainda o produto. Portando, não posso fazer a avaliação. Só a entrega.",我還沒有安裝該產品。因此，我無法做出評價。只是送貨。
"Um produto veio, mas o segundo não veio não estava na caixa",一件產品來了，但第二件沒有來，它不在盒子裡
A entrega é muito demorada.,交貨非常慢。
"Recebi o produto super direitinho e estava funcionando super bem! Porém, o led agora não funciona mais :(",我很快就收到了產品，而且效果很好！然而，LED 现在不再工作:(
"Estou muito FRUSTRADO e preocupado, com a ""parceira targaryen"" q ainda não entregou meu pedido. E até o momento não recebi men se quer uma explicação",我非常沮喪並擔心尚未交付我的訂單的「坦格利安合作夥伴」。到目前為止，我還沒有收到任何想要解釋的訊息。
"O produto chegou no prazo correto e funcionou perfeitamente, além disso veio com 4 pilhas.",產品準時到達，工作完美，還配有 4 節電池。
Gostaria de agradecer pois o produto veio em perfeito estado e sem contar com o prazo de entrega. Efetuei a compra no dia 31 de Maio o prazo de entrega era de 22 dias porem e o recebi no dia 06 de Jun,我要感謝您，因為產品到達時狀況良好，且未計算交貨時間。我是5月31號購買的，但是出貨時間是22天，6月6號就收到了。
Entreguei antes do prazo recomendo o produto.,我提前交付了，我推薦該產品。
Recebi o produto antes do prazo de entrega e em perfeitas condições.,我在交貨日期之前收到了產品，並且狀況良好。
fiz a compra mas quando vi que a data prevista para a entrega seria pra 23 de agosto me desaminei mas nos comentarios as pessoas falavam que chegava rapido e chegou mesmo.ja to pensando na proxima.,我購買了，但當我看到預計交貨日期是 8 月 23 日時，我很沮喪，但在評論中人們說它會很快到達，而且確實如此。我已經在考慮下一件了。
"Produto entregue muito antes do prazo, perfeito recomendo a todos , sempre comprei nas lannister. Com sempre chegou antes do prazo",產品提前交付，完美，我推薦給大家，我一直從蘭尼斯特購買。它總是在截止日期之前到達
"Gostei do atendimento e também da rapidez da entrega,tambem gostei das mercadorias.muito obrigada",我喜歡這項服務和交貨速度，我也喜歡這些貨物。非常感謝
produto é bom pelo menos até o momento não tenho o que reclamar só o correio que demora pra entregar,產品不錯，至少到目前為止，我沒有什麼好抱怨的，就是快遞時間長了點。
Recebemos somente o bebê conforto. O carrinho não veio junto.,我們只得到嬰兒的安慰。嬰兒車沒有附贈。
RECEBI O PRODUTO AVARIADO E ATÉ O MOMENTO NÃO FOI TROCADO,我收到的產品已損壞，今天尚未更換
"O produto chegou com defeito, má qualidade. Uma boia com valor alto que ao encher ficou torta, depois de uns 10 min cheia abriu a costura. Quero devolver, como faço?",產品到達時有缺陷，品質差。價值很高的浮子，充氣時是歪的，大約10分鐘滿後，接縫就打開了。我想退貨，該怎麼辦？
Gostei muito da eficiência da entrega,我真的很喜歡交付效率
Chegou bem antes do prazo e conforme o anuncio. Muito bom atendimento!,它比預定時間提早到達，正如廣告所宣傳的那樣。服務非常好！
"Produto conforme descrito, prazo e preço justos",所描述的產品、公平的截止日期和價格
Chegou certinho do jeito que eu precisava. Satisfeito!,它正是按照我需要的方式到達的。使滿意！
Não foi o que eu esperava.,這不是我所期望的。
Um site seguro e um atendimento perfeito.,安全的網站和完善的服務。
Comprei uma escova tem mais de mês.Nunca Postaram.,我一個多月前買了一把刷子。他們從未發布過。
Recomendo está loja.,我推薦這家店。
Conprei um de 220v e quando chegou era 110v,我買了220v的，到貨時是110v的
Cancelei o produto a mais de 25 dias e lannister continuou tratando meu pedido como entrega após varias reclamações enfim fui atendida por alguém q realmente sabe trabalhar... Alexandre nota 10,我在超過 25 天前取消了產品，蘭尼斯特在多次投訴後繼續將我的訂單視為交付，最後我得到了真正懂得如何工作的人的照顧... 亞歷山大評分 10
Demora na entrega.,延遲交貨。
"São dois pedidos, na mesma loja. Mas so chegou um.",同一個商店有兩個訂單。但只有一個人到達。
O produto estava quebrado.,產品壞了。
"O produto, é exatamente como esperava.perfeito.",該產品完全符合預期，完美。
"Muito bom. Super recomendado, recebi bem antes do prazo e o produto ótimo. Parabéns.",非常好。超級推薦，我提前收到了，產品很棒。恭喜。
otima loja para se comprar tem todos os produtos q o internauta procura com precos otimos e promocoes exelentes gosto muito de ser um cliente da lannister e o pedido q fiz no momento nao vou querer,很棒的商店，裡面有網路使用者正在尋找的所有產品，價格實惠，促銷活動也很棒，我真的很喜歡成為蘭尼斯特的客戶，而且我現在下的訂單我不想要
Produto de Boa Qualidade.,優質的產品。
"A voltagem veio errada, e demorou de mais pra chegar.Inclusive fiz hj a logística reversa. 
Espero que o inflado certo não demore a chegar.","電壓不對，時間太長才到。我今天還做了逆向物流。 
我希望合適的充氣機很快就能到達。"
"Não recebi o produto, já enviei vários e-mail sem resposta..quero meu dinheiro de volta",我沒有收到產品，我已經發送了幾封電子郵件但沒有回复...我想要退款
Minha primeira compra to satisfeito muito bom,我的第一次購買我很滿意
Top super pontual..,頂超準時..
A entrega rápido e produto muito bom.,交貨快，產品非常好。
"Apesar de dentro do prazo, achei a entrega bastante demorada.",儘管準時，但我發現交貨速度相當慢。
"O produto foi entregue sim, inclusive antes do prazo. Veio exatamente o que escolhi, mas o produto veio com falha, parecendo até que já tinha sido usado. Deveriam ter mais cuidado e embalar melhor.",即使在截止日期之前，產品也已交付。正是我選擇的，但該產品有缺陷，看起來已經被使用過。他們應該更加小心並收拾得更好。
"Muito bonito o produto, fiquei satisfeito.",產品非常漂亮，我很滿意。
"O que faltou foi ter enviado o manual em português pois está todo em inglês, por isso não posso dar 5 estrelas pois até para testar vai ser difícil!!",缺少的是發送葡萄牙語手冊，因為它都是英文的，所以我不能給它 5 顆星，因為即使測試它也會很困難！
Creio que o atraso ocorreu devido à greve dos correios,我相信延誤是因為郵政罷工造成的。
Produto excelente e muuuuita agilidade na entrega.Vou comprar mais 2!,優秀的產品和非常快的交貨。我要再買2個！
produto muito bom e chegou no prazo.,非常好的產品並且準時到達。
Mostrou c grande quando chegou pequenas de mas 'fragia',當它到達時顯示大c，但很小但“fragia”
"Primeiramente meus parabéns a loja targaryen que entregou o produto em menos de uma semana e em perfeito estado, produtos acima do esperado, muito bom mesmo, super recomendo!!!!!",首先恭喜坦格利安店不到一週就送來了產品，而且完好無損，產品超出預期，真的很好，強烈推薦！ ！ ！ ！
"recebi dentro do prazo previsto, muito bom",我在預期時間內收到了，非常好
So uma peça que veio rachado mas tudo bem rs,這只是一塊到達時破裂的，但沒關係，哈哈
chegou antes da data obrigada.,在截止日期之前到達。
recebi tudo corretamente,我正確地收到了一切
"Fora do prazo combinado.... Não compro mais nesta empresa, e nem indicarei para terceiros...",在約定的期限之後...我將不再從這家公司購買，也不會推薦給第三方...
O SAC é uma porcaria,SAC就是垃圾
Funcionou perfeito,效果很完美
Chegou como o prometido.,它如期到達。
xxxxxxxxxxxx,xxxxxxxxxxxx
Recebi apenas um dos produtos do pedido. Faltou a fita de rack.,我只收到訂單中的一件產品。架上的膠帶不見了。
"gostaria de ter ficado sabendo oq aconteceu com o pedido...fiz o pag, me enviaram o prazo e a encomenda não foi concluída mesmo com o prazo de entrega, e tbm não me deram retorno",我想知道訂單發生了什麼...我付款了，他們給我發送了截止日期，即使到了交貨截止日期，訂單也沒有完成，而且他們也沒有給我回复
sem maiores problemas,沒有任何大問題
"Otimo produto, entregue dentro do prazo.",很棒的產品，準時交貨。
"Segundo cancelamento do mesmo item no site lannister.com. Fiz duas compras em lojas diferentes, as duas canceladas, faz quase 3 meses que estou aguardando o produto. E demora demais para avisar.",lannister.com 上的同一商品第二次被取消。我在不同的商店購買了兩次，都被取消了，我已經等了將近三個月的產品了。而且通知時間太長。
Entregou dentro do prazo....,準時交付....
Chegou até antes da data! Adorei tudo inteiro em perfeito estadom..obrigada!,它甚至在約會之前就到達了！我喜歡一切都完好無損的......謝謝！
"Adorei minha compra, estou muito satisafeita.",我喜歡我的購買，我很滿意。
"Produto conforme descrito, entrega superou a expectativa muito antes do prometido, parabéns!!!",產品與描述一致，交貨超出預期，比承諾的早得多​​，恭喜！
tudo ok !,一切都好！
Não houve a entrega de tds os profutos,未交付全部利潤
"Produto de boa qualidade, muito bonito, muito bem acabado e com excelente preço.",產品品質好，非常漂亮，做工非常好，而且價格優惠。
Produto bonito e funcional. Entrega bem antes do prometido,美觀又實用的產品。交貨時間比承諾的早得多
e ótima loja ok,和很棒的商店還可以
Material fragil e com cheiro ruim,易碎且有異味的材料
Não recebi o produto até hoje !!!,直到今天我還沒有收到產品！
"Mochila linda! E a entrega veio bem antes do prazo.
Adorei","漂亮的背包！而且交貨比計劃提前了很多。
我愛過"
"muito bom produto, pra ser melhor deveria ter manual do produto pelo o básico de informações",非常好的產品，如果有基本資訊的產品手冊就更好了
Chego muito rápido perfeito eu recomendo,我很快就到了，完美，我推薦它
tudo certo e no prazo,一切順利且準時
"tentei usar a opção de devolver produto no site das lannister e não da certo, fica dando erro, entrei em contato com o vendedor e estou aguardando para fazer a troca do meu produto",我嘗試使用蘭尼斯特網站上的退貨選項，但不起作用，一直報錯，我聯繫了賣家，正在等待換貨
Paguei o frete e o meu protudo não foi entregueb,我支付了運費，但我的產品沒有交付。
Recomendo para todos que eu conheço !! Ótima loja virtual !! Vocês estão de parabéns!!,我推薦給我認識的所有人！ ！很棒的網上商店！ ！恭喜你！ ！
"Recomendo sim essa loja, veio td corretamente até td que comprei aqui, pois a concorrente de vcs pisaram na bola e não compro mais nela...",我確實推薦這家商店，一切都正確，甚至是我在這裡買的所有東西，因為你的競爭對手失敗了，我不會再從他們那裡購買......
Bom atendimento diante do que foi solicitado,滿足要求的良好服務
O produto chegou corretamente. Pude acompanhar a entrega pelo rastreio do pedido. Deu tudo certo.,產品正確到達。我能夠使用訂單追蹤來追蹤交貨情況。一切都很順利。
"Entrega rápida, produto razoável recomendo!!!",交貨快捷，產品合理，我推薦！
"Lojista enviou o produto na própria embalagem, virada do avesso - apresentação muito grosseira. Eu ia dar de presente e... não tive como fazê-lo! Tampa levemente amassada.",零售商將產品裝在自己的包裝中，並將其翻過來 - 非常粗糙的展示。我本來想把它當作禮物送給別人，但是……我做不到！蓋子輕微凹陷。
Recebido conforme esperado.,收到預期的結果。
Amei o produto e chegou bem antes do prazo.,我喜歡這個產品，它比計劃提前到了。
Entrega perfeita! Produto maravilhoso,完美交付！很棒的產品
O produto foi entregue errado. Não recebi o produto que comprei.,產品交付錯誤。我沒有收到我購買的產品。
"Produto bom, mas faltam vídeos de demonstração dos produtos",產品不錯，但缺少產品演示視頻
Foi bem rápida a entrega,交貨非常快
"Apesar da demora de entrega para minha região, é muito seguro comprar neste site.",儘管運送到我所在的地區有延遲，但從這個網站購買是非常安全的。
"Eu recebi até o momento somente 2 pendentes. Sendo que eu comprei 3. Estou aguardando, pois ainda está no prazo. Espero receber! Obrigada",到目前為止我只收到了 2 件待處理的物品。因為我買了 3 個，所以我在等待，因為它仍然按計劃進行。我希望能收到！謝謝
Comprei dois lustres e so recebi um,我買了兩盞吊燈，但只收到一盞
"Produto de pessima qualidade!!!!
Nao se encaixa na categoria ?capacho?, espessura fina, material horrivel! PESSIMO em todos os sentidos!
NAO foi isso que comprei!!!!","產品品質差！ ！ ！ ！
不屬於「門墊」類別，厚度薄，材質糟糕！各方面都很糟糕！
這不是我買的！ ！ ！ ！"
"Muito satisfeita, obrigado",非常滿意，謝謝
Eu paguei o frete e gostaria de ter recebido em casa como todos os produtos que ja comprei.,我支付了運費，我希望像我已經購買的所有產品一樣在家中收到它。
"Loja com ótimo atendimento e produto lindo, de ótima qualidade. Recomendo.",商店提供優質的服務和精美、高品質的產品。我推薦。
"Produto não é original como anunciado,e sim compatível,já pedi a devolução.",產品不是廣告中所說的原廠產品，但相容，我已經要求退貨。
"Gostei muito fabuloso , porém tenho uma dúvida pois a pá de mexer de teflon deu uma enrugada não sei se é normal gostaria de saber",我真的很喜歡它，但我有一個問題，因為特氟龍攪拌槳起皺了，我不知道這是否正常，我想知道
Eu recomendo essa loja.?,我推薦這家店。 ？
Chego no prazo amei . Obrigada !!!,我準時到達，我很喜歡。謝謝 ！ ！ ！
Entrega antecipada e produto bem guardado.,提前交貨並儲存良好的產品。
Para minha cama box conjugado o tamanho foi perfeito e o produto de muita qualidade.,對於我的組合箱床來說，尺寸非常完美，而且產品品質很高。
"produto conforme anunciado, entrega super rapida",產品如廣告所示，超快速交貨
So não gostei de pagar o frete e ter q ir retira o produdo na agencia do correios porq os produtos nao foram entregue na minha residência so essa chateação.,我只是不喜歡支付運費並必須在郵局領取產品，因為產品沒有送到我家，這就是所有的麻煩。
Deveria melhorar o prazo. Demora muito tempo para entregar a mercadoria. O produto permaneceu alguns dias parado e já podia ter sido encaminhado.,應改進截止日期。交貨需要很長時間。該產品閒置了幾天，可能已經發貨了。
"Não recebi meu produto, veio um kit de pincéis com nota fiscal de outra pessoa. E até agora não tive um retorno.",我沒有收到我的產品，刷子套件附帶了其他人的發票。到目前為止我還沒有收到回覆。
"Fiz minha compra no dia 08/05 e a previsao de entrega era para 
31/05 mas chegou bem antes dia 22/05 e a qualidade é excelente, para quem quer uma mala grande e espaçosa essa é a melhor opção!","我於 05/08 購買，預計交貨時間為
31/05，但它在 22/05 到達得更早，質量非常好，對於想要大而寬敞的行李箱的人來說，這是最好的選擇！"
"Falta peça no produto, estou aguardando a troaca da mercadoria.",產品有零件缺失，我正在等待換貨。
"Loja de extrema confiança, produto original de qualidade, entrega garantida, ótimo preço, estão de parabéns!!!",非常值得信賴的商店，原廠優質產品，保證交貨，價格優惠，恭喜！ ！ ！
"Relógio muito bom, mais bonito pessoalmente!",非常好的手錶，本人更漂亮！
Muita demora para a entrega.,交貨時間太長。
"Fiz um bom negocio em comprar em um site con
fiável.","我從一個網站買東西很划算
可靠。"
"o produto chegou antes do prazo o que posso dizer e que as lannister e uma loja que se preocupa com o seu consumidor, e quando eu precisar compra novamente irei comprar so nas lannister. obrigado.",產品提前到了，我只能說蘭尼斯特是一家很關心消費者的商店，當我需要再次購買時我只會從蘭尼斯特購買。謝謝。
Eu recomendo aos meus amigos porque fui bem atendido na compra e na entrega tudo 0k,我向我的朋友推薦它，因為我在購買和交付所有 0k 物品的過程中都得到了很好的服務
Minha opinião é que a empresa deveria informar todos os rastreamentos . uma vez que fiz 1 pedido com 03 unidades . sendo que recebi só o primeiro rastreamento que continha 01 unidade. entrei em pânico,我的意見是公司應該報告所有追蹤情況。因為我下了 03 單位的訂單。我只收到第一個包含 01 單位的追蹤號碼。我驚慌失措
"Muito bom e extremamente útil, recomendo!",非常好，非常有用，推薦！
"O PRODUTO CONSTA COMO ENTREGUE NO DIA 16-08, MAS HOJE DIA 20-08, O PRODUTO AINDA NÃO FOI ENTREGUE.",產品註明於 16-08 交付，但今天 20-08，產品尚未交付。
"Lindo e chegou dentro do tempo previsto... o lustre é lindo, amei e super recomendo",很漂亮，在預期的時間內到達...枝形吊燈很漂亮，我喜歡它，我強烈推薦它
Ótimo produto! Recomendo,很棒的產品！我推薦
Produto de boa qualidade e entrega antes do prazo excelente!!!,優質的產品和準時的交貨！
"Pela segunda vez não recebi o produto comprado na loja lannister.com.

1ª - Um livro ""Aves Brasileiras.
2ª Remédio ""Moringa Aleífera.

Solicito providências, caso contrário, tomarei as medidas c","我第二次沒有收到從 lannister.com 商店購買的產品。

第一名 - 一本書“巴西鳥類。
第二種療法「辣木。

我請求採取行動，否則我將採取適當措施"
Não tinha mais a cor que eu tinha comprado e a moça entrou em contato comigo para perguntar se poderia enviar de outra cor. Muito atenciosa. Recomendo.,我購買的顏色不再有貨，女孩聯繫我詢問是否可以發送其他顏色。非常細心。我推薦。
Prefiro opinar após receber o produto,我更願意在收到產品後發表我的意見
Gostei bastante das minhas toalhas são boas,我真的很喜歡我的毛巾，它們很好
Recebi antes do prazo muito bom.,我在截止日期前收到了，非常好。
"Entrega super rápida, Parabéns",送貨超快，恭喜
Otimo produto so demorou chegar por causa da greve dos caminhoneiros mas os produtos sao otimos,很棒的產品，由於卡車司機罷工，只是花了一段時間才到達，但產品很棒
Ainda nao chegou,還沒到
"Muito bom, chegou bem antes do prazo",非常好，提前到達
"Realizei a compra e o pgto no msm dia e ele foi confirmado em 1 dia. Levou semanas para a emissão da nota fiscal. A nota foi emitida, mas até hj o produto não foi p transporte. Ou seja, nunca nem vi!",我當天購買並付款，1天內就得到確認。開立發票花了幾週。票據已經發出，但直到今天該產品還沒有運輸。換句話說，我根本沒見過！
"Ainda não recebi o produto foi comprado desde fevereiro, o que houve com a entrega? Vai chegar ainda?",我還沒有收到產品，它是二月購買的，發貨怎麼樣了？它還會到達嗎？
"produto entregue no prazo, conforme a descrição, só achei as peças um pouco frágil",產品按時交付，如描述的那樣，我只是發現這些部件有點脆弱
FONTE DE QUALIDADE.,優質來源。
"A mangueira é boa! Leve, e com opção de ajuste assim sendo ajuda na economia de água. Aprovada!",軟管很好！它重量輕，並且具有調節選項，有助於節省水。得到正式認可的！
Produto simples e bonito,簡單又美觀的產品
PENA QUE VEIO FALTANDO UMA PARTE DA MAQUIAGEM.,很抱歉有些化妝品遺失了。
Recebi o produto dentro do prazo em perfeitas condições!,我準時收到了狀態完美的產品！
O meu pedido veio muito rápido.,我的訂單來得很快。
"um simples produto, encontrado em qualquer esquina, já se passaram 30 dias e não foi entregue",一個簡單的產品，隨處可見，30天過去了，還沒出貨
"O produto veio faltando,estou aguardando resolver isso ainda,",產品遺失，我仍在等待解決這個問題，
Comprei o produto há 40 dias e ainda não foi entregue.,我 40 天前購買了該產品，但尚未發貨。
"O quadro é lindo, de boa qualidade. Chegou muito bem embalado, em perfeito estado. Parabéns à lannister.com e a loja parceira (targaryen).",畫很漂亮，品質很好。它到達時包裝完好，狀況完美。恭喜lannister.com 和合作夥伴商店（targaryen）。
"A pintura da placa é de péssima qualidade. Após manuseio para instalação, as bordas começaram a descascar. A impressão é borrada, sem nitidez, não corresponde à foto de apresentação. Não recomendo.",標誌上的油漆品質很差。安裝處理後，邊緣開始剝落。列印內容模糊、不清晰，與簡報照片不符。我不推薦它。
amei a colcha,我喜歡那被子
não utilizei o produto ainda,我還沒有使用過該產品
"Entrega antes do prazo marcado!
Muito satisfeito.","在預定期限前交貨！
非常滿意。"
"Cancelei o pedido e o mesmo não foi estornado. 
Obs: Já fazem 3 meses","我取消了訂單並且沒有退款。 
註：已經3個月了"
produto não funciona bem,產品效果不佳
Tudo certo e chegou rapidinho,一切都很好而且很快就到了
"produto de qualidade, entrega rápida, recomendo à todos.",優質的產品，交貨快捷，我推薦給大家。
"Gostei, produto de boa qualidade",我喜歡它，產品品質很好
"Parece bom, preciso usar para avaliar melhor",看起來不錯，要用一下才能評價比較好
adorei! super resistente e bonito o tapete! Recomendo,我愛過！地毯超耐用又漂亮！我推薦
Ótimo produto excelente site,很棒的產品很棒的網站
"Não vou recomendar a loja 😡 Porque eu comprei dois produtos e só recibi um. 
Entrei no site e o outro vcs cancelaram.","我不會推薦這家商店😡因為我買了兩種產品，只收到了一種。 
我去了那個網站，另一個你取消了。"
"As mamadeiras Philips Avent são ótimas, fortes e resistentes. Recomendo a todos os papais e mamães com seus filhos! Produto entregue antes so prazo e em perfeito estado!",飛利浦新安怡嬰兒奶瓶卓越、堅固且耐用。我推薦給所有帶著孩子的爸爸媽媽們！產品提前交付且狀況良好！
"A embalagem parece original, mas logo após a instalação a própria impressora informa que o suprimento NÃO É HP. No cartucho falta indicação da cor e o nome HP vem numa etiqueta de papel e não pintada.",包裝看起來是原廠的，但安裝後不久，印表機本身就告知該耗材不是惠普。墨盒沒有顏色指示，HP 名稱出現在紙質標籤上，但未塗漆。
"O produto foi o que pedi e entregue no prazo, porém veio com avarias na tampa traseira, mas a embalagem estava em perfeito estado.",該產品是我訂購並按時交付的，但後蓋有損壞，但包裝完好無損。
"Coqueteleira Top, produto com ótimo preço, entregue bem antes do prazo, recomendo!",頂級雞尾酒調酒器，產品價格實惠，提前交貨，我推薦它！
Era o que prescisava,這就是我所需要的
Eu ja tinha comprado um mas era maior esse que veio agora e bem menor do que o anterior,我已經買了一件，但現在到的那件比以前的大了很多，而且小了很多。
"Chegou muito antes do previsto, comprar pelo site é rápido, confiável e prático.",到貨比預期早得多，透過網站購買快速、可靠且實用。
Foi entregue super rápido e não tive nenhum problema com o produto,它交付得非常快，我對產品沒有任何問題。
"Estou acostumada a comprar produtos pelo baratheon. Super confiável, transparência, qualidade e agilidade. Super recomendo.",我習慣透過拜拉席恩購買產品。超可靠、透明、優質和敏捷。我強烈推薦它。
Produto chegou certinho e antes do prazo previsto!,產品及時提前到達！
"Muito boa , entregue dentro do.prazo!",非常好，準時送達！
Não recebi o produto liquid koolbloom,我沒有收到液體 koolbloom 產品
produto conforme anunciado entrega muito rapida,產品如廣告所示交貨非常快
Uma rede macia e grande. Adorei. Recomendo!!,又軟又大的吊床。我愛過。我推薦！ ！
Gostei muito da rapidez na entrega,我真的很喜歡交貨速度
Muitooo bom o produto...gostei,該產品非常好...我喜歡它
Adoro o perfume,我喜歡香水
"Eu recomendo , ótima compra",我推薦它，很棒的購買
"Eu amei o produto , super indico",我喜歡這個產品，我強烈推薦它
Recebi outro produto que não o que eu havia pedido.,我收到了與我訂購的產品不同的另一種產品。
Gostaria de saber o que aconteceu o prazo que me deram foi até dia 19 e nada ainda.,我想知道發生了什麼事，他們給我的截止日期是19號，但仍然沒有任何進展。
"O produto é replica de material frágil, paguei 125 fora quase 30 de frete por uma réplica, enquato na loja um e 250,e arrependi, se soubesse nunca compraria aq, não recomendado, horrível não gostei.",該產品是易碎材料製成的複製品，我為複製品支付了近 30 運費中的 125，而商店中的一個是 250，我後悔了，如果我知道我永遠不會購買它，不推薦，可怕，我不喜歡它。
"Gostei muito da mercadoria 
Parabéns","我真的很喜歡這些商品
恭喜你"
simplesmente ótima,簡直太棒了
baratheon melhor shop de compras,拜拉席恩最佳購物店
o produto veio pela metade e veio outro produto,產品到達了半成品，另一個產品到達了
Bom entregou no domingo,週日出貨很好
E ainda não querem fazer o cancelamento,他們仍然不想取消
"Olá, faltou a bolsa transparente para guardar os blocos, que aparece nas fotos no site da loja lannister. Veio tudo solto numa caixa de papelão. Aguardo retorno",您好，蘭尼斯特商店網站照片中出現的用於存放方塊的透明袋子丟失了。所有東西都散裝在一個紙箱裡。我等待你的歸來
"Produto bom. Se for realmente o que diz, trata-se de um excelente custo benefício.

Entrega feita surpreendentemente rápida.","好產品。如果真的像它所說的那樣，那麼它的性價比非常高。

交貨速度出奇地快。"
"comprei um produto e recebi outro
quero devolver","我購買了一個產品並收到了另一個產品
我想回來"
Entrega OK em tempo OK.,準時交貨。
Comnprei 03 transformadores de 100w da marca BAK modelo BK2121 e o que chegou em minha residência foi 03 transformadores de 50w de uma outra marca e modelo. Estou muito insatisfeito com a stark.,我買了比克品牌型號BK2121的03 100w變壓器，到家的是另一個品牌和型號的03 50w變壓器。我對史塔克很不滿意。
"A entrega foi no prazo, porem a caixa onde veio a mochila estava rasgada e as fitas descoladas, por sorte não danificou a mochila.",交貨準時，但背包的盒子被撕裂，絲帶也脫落了，幸運的是沒有損壞背包。
Foi ótimo comprar com vocês especialmente pelas informações recebidas constantemente em meu e-mail.,與您一起購物真是太棒了，尤其是因為我的電子郵件中不斷收到訊息。
lannister nota 10 !!!!,蘭尼斯特評分10！ ！ ！
"Gostei e funciona bem!
A entrega foi rápida.","我喜歡它並且效果很好！
交貨速度很快。"
"Produto veio correto, porém a cor veio trocado.",產品到達時正確，但顏色改變了。
recebi metade do produto .,我收到了一半的產品。
Excelente. Entrega antes do prazo.,出色的。提前交貨。
"sempre compro neste site 
entrega antes do previsto
nunca tive problema
recomendo","我總是從這個網站購買
提前交貨
我從來沒有遇到過問題
推薦"
"Adorei! Entregue no prazo determinado, em ótimo estado. Maravilhoso!",我愛過！準時交付，狀況良好。精彩的！
"Tudo perfeito, produto veio corretamente e sem atrasos",一切都很完美，產品正確到達，沒有延誤
Recebi somente uma unidade e paguei duas.,我只收到一個單位並支付了兩個單位。
INCLUSIVE QUERO O DINHEIRO DE VOLTA,我甚至想要回我的錢
Estou no aguardo da entrega da mercadoria que ainda não recebi.,我正在等待尚未收到的貨物的發貨。
"Parabéns ,o produto tira rico da empresa targaryen chegou normalmente, mas um segundo produto que também comprei não chegou até o momento na minha residência ,uma máquina de corta cabelo também adquirida.",恭喜，坦格利安公司的tira rico產品正常到貨了，但我也買的第二個產品還沒到達我家，還買了一個理髮器。
"Produto preto, reembalado na caixa de um branco. Muito amassado no fundo em um modo que qlr um perceberia, não estabiliza. Caixa em perfeito estado, foi amassado antes de ser entregue aos correios.",黑色產品，重新包裝在白色盒子中。底部非常凹陷，沒有人會注意到，它不穩定。盒子狀況良好，在送到郵局之前被壓碎。
BOM O PRODUTO,好產品
Produto muito bom porém não ganhou 5 estrelas porque veio com uma pequena falha de fabricação. Mas no geral é um produto muito bom...,非常好的產品，但它沒有獲得 5 顆星，因為它有一個小的製造缺陷。但總的來說，這是一個非常好的產品...
"Produto de boa qualidade, entregue no prazo combinado. A lannister está d parabéns",優質的產品，在約定的時間內交付。恭喜蘭尼斯特
"A entrega está demorada (20 dias), comprei 2 produtos e mandaram separado, só recebi 1 deles até agora. Não consigo saber quando irei e se irei receber meu Whey pq os Correios já deram baixa no código",交貨時間很長（20天），我買了2個產品，他們分開寄了，到目前為止我只收到了其中1個。我不知道我什麼時候去以及是否會收到我的乳清，因為郵局已經取消了代碼
"A mesinha veio muito bem embalada, em perfeitas condições. Dentro do prazo, tudo correto.",桌子包裝得很好，狀況完美。在期限內，一切正確。
Ótimo 👍🏼,太棒了👍🏼
nota 1000 !!!!!,評分1000！ ！ ！ ！
"Entrega rápida, produto de qualidade, tudo lindo como esperado",快速交貨，優質產品，一切都符合預期
"Produto recebido é o correto, mas teve significativo atraso na entrega.",收到的產品是正確的，但交貨明顯延遲。
"Excelente produto, bonito e sofisticado.",優秀的產品，美麗而精緻。
COMPREI A TAMPA PARA O COOKTOP CONSUL E EM NENHUM MOMENTO DIZIA QUE NÃO TINHA O PRODUTO. NO DEPOIS A PRIMEIRA PARCELA PAGA É QUE FIQUEI SABENDO DA NOVIDADE.,我為 COOKTOP CONSUL 買了蓋子，但它從來沒有說我沒有該產品。我是在支付第一期付款後才知道這個消息的。
topp,托普
De acordo com o anunciado. Recomendo!,正如廣告所宣傳的。我推薦！
"Para recomendar preciso ter 99% de certeza. Não recebi o produto até hoje. Vocês não sanaram meu problema. Atendimento confuso a resposta de vocês a minha solicitação não foi precisa, e até hoje nada.",為了推薦它，我需要有 99% 的把握。直到今天我才收到產品。你沒有解決我的問題。服務令人困惑，您對我的請求的答覆不準確，並且到今天為止什麼都沒有。
"Á Logística targaryen é ótima, á dificuldade em Itatiba é o serviço PÉSSIMO DOS CORREIOS.",坦格利安的物流很棒，伊塔蒂巴的困難在於糟糕的郵局服務。
"Na foto parecia cinza, porém eu queria preta mas comprei mesmo assim por que o valor estava ótimo. Chegou preta como eu gostaria. Amei!!!",照片中它看起來是灰色的，但我想要黑色，但我還是買了它，因為價值很高。它到達了我想要的黑色。我愛過！ ！ ！
Alem de ter um prazo de 1 mes para a entrega ainda não entregou até agora. Não dão informaçoes ou se comunicam com o cliente. Alem de anunciar sem ter o produto em estoque.,除了有1個月的交貨期限外，目前還沒有交付。他們不提供資訊或與客戶溝通。除了廣告之外，產品沒有庫存。
O material é de qualidade.,該材料是優質的。
Produto faz o que promete.,產品兌現其承諾。
Produto entregue em tempo hábil..,產品交付及時..
Comprei pensando q o material fosse mais resistente mas não.,我購買它時認為這種材料會更耐用，但事實並非如此。
Realizei a compra de um secador na voltagem de 220v. Recebi um na voltagem de 127v.No momento da troca n havia disponível no 220.Por este motivo quero meu dinheiro de volta.,我買了一個220v電壓的烘乾機。我收到了一個電壓為127v的。在交換時，沒有 220 可用。出於這個原因，我想要回我的錢。
Empresa de confiança.,值得信賴的公司。
Trabalho de qualidade,優質工作
"Comprei tres aparelhos LG, conforme pedido a NF está com 3 produtos e só recebi 2, no mesmo dia entrei em contato e até o momento não obtive nenhuma resposta.",我照要求買了三台LG設備，NF有3個產品，我只收到了2個，當天我聯絡了他們，到目前為止我還沒有收到任何回應。
Produto entregue no prazo. Recomendo,產品準時交貨。我推薦
"Não recebi um produto, o porta-chaves, apenas os quadros.",我沒有收到產品、鑰匙圈，只是收到了畫作。
Ótimo produto! Entrega rápida,很棒的產品！交貨快捷
"Porém o Correios abriram a caixa ou por algum peso em cima acabou abrindo a ,mas foi tranquilo e tudo como no anúncio de venda ! Apenas a loja caprichar mas na embalagem",然而，郵局打開了盒子，或者由於頂部有重量，最終打開了它，但沒關係，一切都按照銷售廣告！只有商店關心，但在包裝上
"Comprei começo do mês passado.Passou quase 1 mês sem o produto chegar e nem chegou,tanto q cancelei.E ate no cancelamento a loja esta demorando mt pra fazer o estorno. Quero meu dinheiro de volta logo",我是上月初買的。快一個月過去了，產品還沒到，甚至還沒到，以至於我取消了它。而且即使取消，商店也需要很長時間才能退款。我希望能盡快拿回我的錢
Site péssimo,糟糕的網站
"O produto foi entregue corretamente, e dentro do prazo. Gostei da mochila. Achei o produto simples, porém bonito. É uma mochila ótima para o meu dia a dia.",產品已正確、準時交貨。我喜歡這個背包。我認為這個產品很簡單但很漂亮。這是一款非常適合我日常生活的背包。
"Produto entregue faltando peça. Já entrei em contato, foram dois e-mails através dos e-mails as lannister. Estou aguardando uma solução. Até agora nada.",產品交付時缺少零件。我已經聯繫過，蘭尼斯特電子郵件有兩封電子郵件。我正在等待解決方案。到目前為止什麼也沒有。
o anuncio era de GN mas o poduto disponivel era GLP. Tive que trocar junto a loja. A comunicaçao deu certo mas houve percalços. Em especial que a loja que vendeu e diferente da que aparece no site.,該廣告是針對天然氣的，但可用的產品是液化石油氣。我只好去商店換。溝通很順利，但也遇到了挫折。特別是，出售它的商店與網站上顯示的商店不同。
Gostei foi do jeito que estava na foto,我喜歡它在照片中的樣子
"Foi bem rápido a entrega, fiquei muito satisfeita.",交貨非常快，我非常滿意。
"Muito bom, produto conforme anunciado, entrega antes do prazo.",非常好，產品如廣告所示，提前交貨。
Gostei do serviço,我喜歡這項服務
"Comprei 3 jogos e so vieram 2 
E agora peco dinheiro ? 
Paguei e quero meu produto","我買了3個遊戲，但只來了2個
現在我要錢？ 
我付款了，我想要我的產品"
"gostei do produto, bastante funcional.",我喜歡這個產品，非常實用。
Produto chegou antes do prazo previsto,產品在預計截止日期前到達
Entrega rápida e ótimo produto,快速的交貨和優質的產品
produto veio quebrado e mas de uma semana estou tentando resolver e ninguem fala nada . um absurdo pois paguei por ele inteiro e nao pela metade .,產品到達時已損壞，我已經嘗試解決問題一周了，但沒有人說什麼。這很荒謬，因為我付了全額費用，而不是一半。
"Era pra ser um presente de aniversário, porém ñ foi cumprida a data da entrega.",本來應該是生日禮物，但交貨日期未到。
"Boa tarde !
Bom recebi um produto mas não sei nem para que serve. Era para ser uma navalhete de barbear mas não é, não estou satisfeito com o que eu recebi.","午安 !
好吧，我收到了一個產品，但我什至不知道它的用途。它應該是一把直剃刀，但事實並非如此，我對收到的東西不滿意。"
Foi entregue a cortina infantil tá faltando a cortina da sala,兒童窗簾已送達，客廳窗簾不見了
"Produto chegou, adorei, porém a entrega poderia ser mais célere. Quando estava comprando, dizia um prazo na tradicional, quando encerrei a compra, o prazo se estendeu.",產品到了，我很喜歡，但交貨速度本來可以更快。當我購買時，它以傳統方式說有截止日期，當我完成購買時，截止日期被延長。
Não recebi o produto e paguei. Muita sujeira.,我沒有收到產品並付款。很多污垢。
"O produto chegou quebrado, a caixa estava como se tivesse sido aberta diversas vezes!",產品到達時已損壞，盒子看起來好像被打開過幾次！
Eu não tive motivos para reclamar. Sempre me trataram com presteza.,我沒有理由抱怨。他們總是及時治療我。
"utilizo o site das amaericanas a muitos anos, sempre tive um bom retorno, as vezes demora,mas os produtos chegam sempre embalados. mas dessa vez não recebi, por isso a avaliação negativa.",我已經使用 Amaericanas 網站很多年了，總是得到很好的回應，有時需要一段時間，但產品總是包裝好的送達。但這次我沒有收到，所以我給了負評。
Pessima loja. Passou do.prazo não consigo falar com ninguém,糟糕的商店。已經過了截止日期，我無法和任何人交談
"É UMA VERGONHA, SE O PEDIDO FOI PREPARADO PARA ENVIO DIA 23/04/2018, ATÉ AGORA NADA.
VOCÊS VÃO ENTREGAR O PEDIDO OU NÃO!
FAVOR ME AVISAR PARA CANCELAR A COMPRA.","如果訂單已準備好在 2018 年 4 月 23 日發貨，但到現在還沒有發貨，那就太遺憾了。
您是否會交付訂單！
請讓我知道取消購買。"
produto recebido porem não gostei do sabor e testura do mesmo,產品已收到，但我不喜歡它的味道和質地
Eu gostei do produto entre.,我喜歡兩者之間的產品。
O produto veio como o combinado e no prazo certo,產品按承諾準時到達
Bom dia o único problema que eu tiver que busca o produto no correio só isso já é 3 vezes com vocês.,早安，我遇到的唯一問題是在郵件中尋找產品，這是我與您共 3 次遇到的問題。
"óculos lindo, chegou em perfeito estado. Mas não foi entregue dentro do prazo.",漂亮的眼鏡，到達時狀態完美。但它沒有按時交付。
A capa veio com as tiras abaixo do local indicado na foto.,封面上的帶子位於照片所示位置下方。
"O produto não foi entregue, fiz uma reclamação e nem responderam.",產品沒有交付，我投訴了，他們甚至沒有回應。
Prazo bom. Exatamente como ve vê na foto.,好的截止日期。正如您在照片中看到的那樣。
LOJA CONFIAVEL,可靠的商店
"produto mal acabado,deixa muito a desejar,qualidade do tecido ruim",成品品質差，還有很多不足之處，布料品質差
"ainda não tive tempo de abrir a caixa com a cadeira (verificação da perfeição do produto), Acredito que está tudo bem.",我還來不及打開椅子的盒子（檢查產品的完美程度），我相信一切都很好。
"Os fones vieram jogados e as caixinhas em cada embalagem individual, nao gostei do produto ,achei de baixa qualidade.",耳機被丟棄，每個盒子都單獨包裝，我不喜歡這個產品，我認為它質量低劣。
linda carteira do jeito que queria,漂亮的錢包正是我想要的
"Pedido chegou incompleto, abri um chamado e disseram resolver em 48 horas, porém ja ultrapassou o prazo",訂單未完成，我開了票，他們說會在 48 小時內解決，但已經超過了截止日期。
Tem mais de um mês que fiz o pedido e ainda não recebi!,下單已經一個多月了，還沒收到！
O controle remoto e uma replica que se compra em qualquer esquina nao traz o nem o nome da marca cce me sinto enganado!,遙控器是街角都能買到的仿品，連品牌名都沒有，感覺被騙了！
"Um absurdo, não foi entregue",荒謬的是，它沒有交付
"O produto é bom, porem é vendido como se fosse da Sony (original) mas na verdade não é original e sim uma réplica.",產品很好，但是賣得好像是索尼（原裝）的，但實際上它不是原裝的，而是複製品。
"Além de não ter sido frente grátis, teve um prazo muito longo de entreg, quase um mês",除了不是免費前台之外，出貨時間也很長，差不多一個月了
A,這
"Ainda não testei, porém o site da HP confirmou a originalidade.",我還沒有測試過，但惠普網站證實了它的原創性。
"MUITO BOM, JÁ USEI E DEU CERTO O PRODUTO",非常好，我已經使用過並且產品有效
"Chegou rápido, até antes da data.",它很快就到了，甚至在約會之前就到了。
"acho uma safadeza o jeito que vcs trabalham.
comprei a mercadoria e ate agora não recebi","我認為你的工作方式很頑皮。
我買了商品但還沒收到"
Comprei o cesto para roupa e o mesmo está em desnível.,我買了洗衣籃，不平整。
"Até agora não recebi meu produto, mais já comprei antes e chegou certinho... Espero receber meu produto em breve...",到目前為止我還沒有收到我的產品，但我之前已經買過它並且安全到達...我希望很快收到我的產品...
"Produto entregue no prazo, dentro das especificações, conforme o anúncio.",產品按時交付，符合規格，如廣告所示。
Muito boa loja. Produto dentro do esperado.,非常好的商店。產品符合預期。
Recebi antes do prazo e feio conforme no anúncio. Amei.,我按照廣告提前收到了它。我愛過。
Fui muito bem atendida e estou satisfeita com minha aquisição. O site de compra mais uma vez me enviou o produto dentro do prazo que eu necessitava receber meu produto.,我收到了非常好的服務，我對我的購買感到滿意。購買網站再次在我收到產品所需的期限內向我發送了產品。
NÃO RECEBI O PRODUTO!!!!!,我沒有收到產品！ ！ ！ ！
"Não recebi o produto, quero estornar a compra e receber o que paguei de volta.",我沒有收到產品，我想退款並收到我所支付的款項。
Muito boa!!,非常好！ ！
"tive que retirar no correio, não avisaram que eu teria que me deslocar para retirar, não entregaram em casa.",我必須去郵局取，他們沒有告訴我我必須去取，他們沒有把它送到我家。
Entrega bem antes do prazo e produto impecável!,提前交貨，產品無可挑剔！
"Recebi o protetor de celular maior que a tela, ainda não recebi a capa protetora",我收到了比螢幕大的手機保護膜，我還沒有收到保護套
"Sempre que vou comprar algo procuro primeiro na lannister, pois NUNCA tive nenhum problema, meu produto estava previsto para ser entregue dia 19/12 e chegou dia 05.",每當我買東西時，我都會先在蘭尼斯特尋找它，因為我從來沒有遇到任何問題，我的產品原定於 12/19 交付，並於 5 日到達。
"sempre comprei no baratheon, recebi sempre os produtos antes do prazo, agora comprei alguns produtos e estou recebendo parcialmente,do pedido falta duas cuzcuzeira...",我總是在拜拉席恩購買，我總是在截止日期之前收到產品，現在我買了一些產品，並且部分收到了，訂單中缺少兩個蒸粗麥粉......
recebi um email dizendo q não seria possivel entregar o produto pois não tinha estoque do mesmo. Estou aguardando o credito para comprar em outra loja,我收到一封電子郵件，說由於沒有庫存，因此無法交付該產品。我正在等待積分在另一家商店購買
Minha compra chegou bem antes do esperado e em perfeitas condições.,我購買的商品比預期更早到達，狀況良好。
"Até momento, não recebi informações de produto.",到目前為止，我還沒有收到產品資訊。
competentes e ágil,有能力且敏捷
Tudo ocorrido conforme esperado. Produto entregue e bem antes do prazo!,一切都如預料的那樣發生了。產品提前交付！
"A loja cumpriu com o combinado, eu recomendo.",店家滿足了約定，推薦。
Não entregaram então não tenho como avaliar o produto.,他們沒有交付，所以我無法評估該產品。
"Correu tudo normalmente. Mercadoria chegou no prazo, bem embalada. Sem nenhum oribjems",一切都很正常。商品準時到達，包裝完好。沒有任何淵源
No anuncio diz outra cor,廣告上說的是另一種顏色
Entrega rápida antes do prazo,快速交貨，提前完成
pontual no prazo de entrega,準時交貨時間
Ainda aguardando a entrega do produto,仍在等待產品交付
MUITO RÁPIDA A ENTREGA E ÓTIMO PRODUTO,非常快速的交貨和優質的產品
Gostei. Achei um pouco frágil.,我喜歡。我發現它有點脆弱。
"Estou extremamente chateada com a compra, pois até agora não tenho notícias de onde andam os produtos. O prazo de entrega já extrapolou e nada. Quero que tomem providências urgentes.",我對這次購買感到非常沮喪，因為到目前為止我還沒有關於產品在哪裡的消息。交貨時間已經超過了，什麼都沒有。我希望你採取緊急行動。
preço ótimo e entrega rápida,優惠的價格和快速的交貨
Super rápida a entrega. Gostei!!,交貨速度超快。我喜歡！ ！
"Organização, rapidez, competência, tudo de Bom! Parabéns!",組織、速度、能力，一切順利！恭喜！
Muito bom. Recomendo,非常好。我推薦
"Ela é bem delicada acho que não vou poder lavar kkkkkk, mais pelo valor pago valeu, o modelo que eu procurava ficou bonita na minha cama",它非常精緻，我想我不能洗它，哈哈，但是對於所付的價格來說，它是值得的，我正在尋找的模型放在我的床上看起來很漂亮
"PRODUTO CHEGOU EM PERFEITAS CONDIÇÕES DE USO, O PRAZO DE ENTREGA TAMBÉM FOI SATISFATORIO.",產品到達時處於完美的可用狀態，交貨時間也令人滿意。
Foi entregue bem rápido.,它很快就交付了。
"Adorei a entrega e o produto
Entregou antes do prazo e produto chegou do jeito esperado, embaladinho.. parabéns","我喜歡送貨和產品
提前交付，產品如預期到達，包裝好。恭喜"
Descosturou logo que abri o pacote,我一打開包裝就散了
"Prazo de entrega para o dia 22/08, porém ate o momento não me entregaram o produto",交貨截止日期為 22/08，但迄今為止他們還沒有將產品交付給我
É a primeira vez que não me entregam um produto. Fora isso nunca tive problemas com o site. Agora só espero meu dinheiro de volta.,這是他們第一次沒有向我交付產品。除此之外，我在該網站上從未遇到任何問題。現在我只等我的錢回來。
muito bom. gostei.,非常好。我喜歡。
"Recebi um produto que não comprei. Comprei um macaco de pelúcia e recebi um urso. O problema é que preciso do macaco de pelúcia com urgência, para desenvolver um trabalho na escola. Transtorno!!! Quer",我收到了一件我沒有購買的產品。我買了一隻毛絨猴子並收到了一隻熊。問題是我迫切需要這隻毛絨猴子，以便在學校做一個專案。紊亂！ ！ ！他想要
O produto não chegou ainda,產品尚未到達
Qualidade e Rapidez!!!!!!!!!!!!!!!!!!!!!!!!!!!,品質和速度！ ！ ！ ！ ！ ！ ！ ！ ！ ！ ！ ！ ！ ！ ！ ！ ！ ！ ！ ！ ！ ！ ！ ！
"Parabéns para loja, o produto chegou bem embalado, antecipadamente, recomendo",恭喜店家，產品到貨了，包裝完好，提前推薦一下
O produto já chegou em casa um pouco demorado,產品到家有點晚了
"Produto dentro do esperado 
Estampas diversas e bonitas 
Ainda não testei para ver se enxuga bem.","產品符合預期
多樣化且精美的印花
我還沒有測試過它是否乾燥得很好。"
Os produtos chegaram e nós adoramos eles.,產品到了，我們很喜歡。
produto muito bom otimo recomendo,非常好的產品，我推薦它
Adorei combinou com minha sala.,我很喜歡它，它和我的客廳很相配。
Até agora não recebi meu produto,到目前為止我還沒有收到我的產品
"Comprei o produto,a entrega dentro do esperado,o produto em perfeito estado!!
Eu recomendo!!!!
Muito bom pode confiar!!","我購買了該產品，交貨如期，產品狀況完美！
我推薦！ ！ ！ ！
非常好，值得信賴！ ！"
"Amei....perfeito, igual ao site, cores, desenho.",我喜歡它......完美，就像網站、顏色、設計一樣。
Bem.legal os canudos,嗯……不錯的吸管
"Entrega rápida, produto com ótimo funcionamento.",交貨快，產品效果很好。
"Excelente produto, entrega antes do esperado",優秀的產品，交貨早於預期
Considero o valor do frete e o prazo de entrega um pouco altos. Gostaria que cobrassem frete mais barato e entregassem mais rápido. Mas cumpriram o prazo prometido e entregaram os produtos corretos,我認為運輸成本和交貨時間有點高。我希望他们能收取更便宜的运费并更快地交付。但他们按照承诺的期限交付了正确的产品
Produto Travou. Não destrava. 6 dias da compra e agora amanhã é feriado... Como devolver?,產品崩潰。不解鎖。購買後 6 天，現在明天是假期...我該如何退貨？
Entregue antes do prazo 10 dias. Recomendo demais. E o produto veio exatamente o que comprei.,於截止日期前10天交付。我強烈推薦它。該產品正是我買的。
Esta loja é muito boa nota 1000,這家店很好評分1000
"A capa vendida não é igual à apresentada na foto... Tudo diferente... Furação, textura, acabamento, forma/design...
É lamentável como a turma aqui nesse país gosta de passar a perna...","出售的封面與照片中顯示的不一樣...一切都不一樣...鑽孔、紋理、表面處理、形狀/設計...
可惜這個國家的人都這麼喜歡作弊…"
"Comprei 2 mosqueteiros e me cobraram 2 fretes..... não achei justo isso, mas tá bom.....",我買了2個火槍手，他們收了我2個運費…我覺得這不公平，但沒關係…
"Relógio lindo, apenas menor que o esperado.
Mas veio tudo certinho, na caixa com garantia etc. Comprei pela mega Mix.","手錶很漂亮，但比想的還要小。
但一切都很好，在盒子裡有保固等。我從 Mega Mix 買的。"
"Muito bom , super amei !!!",非常好，非常喜歡！ ！ ！
Amei o produto. Entrega antes do prazo determinado.,我喜歡這個產品。在指定期限前交貨。
"amei, do jeito que eu esperava, super rapido na entrega, adorei adorei",我喜歡它，正如我所期望的那樣，交貨超快，我喜歡它，我喜歡它
"Não gostei da qualidade do produto, muito frágil. Sem contar que tive vários problemas com a entrega. O prazo era de 14 dias e chegou quase um mês depois é ninguém me atualizava sobre o atraso.",我不喜歡該產品的質量，它非常脆弱。更不用說我在交付方面遇到了一些問題。截止日期是 14 天，幾乎一個月後才到達，但沒有人向我通報延遲情況。
Eu não tenho como avaliar o produto porque não chegou na minha residência ainda eu espero uma posição da loja sobre os correios quero cancelar a compra estorno do cartão,我無法評估該產品，因為它還沒有到達我家。我仍在等待商店關於郵局的回覆。我想取消購買，退還卡費
Maravilhosa cortina!!!!,很棒的窗簾！ ！ ！
"Eu comprei um produto e me enviaram outro, comprei capa e película para o redmi note 4X, e mandaram para o redmi note 4, que é incompatível.
Indignação, com a falta de compromisso.","我買了一個產品，他們又給我發了另一個，我買了紅米 Note 4X 的封面和貼膜，他們給紅米 Note 4 發了，這是不相容的。
憤怒，缺乏承諾。"
Recomendo são bem pontual,我建議他們非常準時
"Foi rápido, antes do esperado, estou muito feliz com a compra, parabéns à todos.",速度很快，比預期的早，我對購買感到非常滿意，恭喜大家。
"O produto chegou em uma semana mais ou menos, bem embalando e lacrado, muito bonito. Estou feliz com o serviço.",產品在一周左右到達，包裝完好，密封良好，非常漂亮。我對這項服務很滿意。
"Fiquei ate surpreso me enviaram um brinde, gostei mesmo foi minha primeira compra na loja, farei novas.",我甚至很驚訝他們給我送了一份禮物，我真的很喜歡它，這是我第一次在商店購買，我會做新的。
Muito bom... Empresa séria,非常好...認真的公司
Eu compraria denovo,我會再次購買
"Eu comprei uma prancha profissional anti frizz 230 bivolte, e a que chegou foi foi a CP9 profissional e ela nao está dizendo que é anti-friz, fora que eu não gostei do alisamento dela.",我買了一個專業的防毛躁230雙伏直髮器，到貨的是專業的CP9，它沒有說它是防毛躁的，除了我不喜歡它的直發功能。
Loja mal organizada,商店組織混亂
Produto não tem clareza na informação.,產品資訊缺乏清晰度。
Chegou no prazo adequado.,它在適當的時間內到達。
"Me informaram que ocorreu um problema na entrega, e até agora não entraram em contato comigo para esclarecer o que houve.
Até agora não recebi o produto.","他們告訴我交貨有問題，到目前為止他們還沒有聯繫我澄清發生了什麼事。
到目前為止我還沒有收到產品。"
Qualidade do produto inferior ao desejado!,產品品質低於預期！
O produto não veio uma uma caixa. Como sempre compro de revendedora não sei se é assim mesmo. Mas vou testar o produto para ver se realmente é original. Pois há falsificações frequentes deste produto.,該產品沒有裝在盒子裡。因為我總是從經銷商那裡購買，所以我不知道是否是這樣。但我會測試該產品，看看它是否真的是原廠的。由於該產品經常出現假冒產品。
Gostei e recomendo !!!,我喜歡它並且推薦它！
"O PRODUTO VEIO COM O TAMANHO ESCRITO ERRADO DO QUE FOI PEDIDO, POREM SERVIU.
COMPREI PARA SAMSUMG 10,1 E VEIO SAMSUMG 7,5","該產品的尺寸與訂購時的尺寸不符，但它合適。
我購買的是 SAMSUMG 10.1，現在是 SAMSUMG 7.5"
"Poderia vir com as borrachas que amortecem na parte de baixo, mas tranquilo. Produto atende tão bem quanto um original de fábrica",它可能配有橡膠墊來緩衝底部，但沒問題。產品與原廠產品一樣好用
Só atrasou por causa dos correios,只是因為郵局所以耽誤了
"O livro chegou bem antes do prazo estipulado, veio bem embalado e o conteúdo é excelente. Fiquei muito satisfeita!",這本書在規定的截止日期前就到達了，包裝很好，內容也很棒。我很滿意！
"esperava pelo preço que o produto fosse melhor.
o material é de baixa qualidade e a tampa fica meio solta. não gostei pelo preço absurdo. nao vale a pena.","我預計產品的價格會更好。
材質品質低劣，蓋子有點鬆。我不喜歡它，因為它的價格荒謬。這是不值得的。"
A embalagem do produto não veio devidamente lacrada . Não tenho certeza se é original,產品包裝​​未正確密封。我不確定它是否是原創的
"O produto é bom, mas peca um pouco na dificuldade de olhar a hora.",產品不錯，但是查看時間有點困難。
"Interponde entrega foi bem grande e mesmo assim nanotecnologia o produto.
Estou acompanhando e ainda nem chegou no Rio.","Interpone 的釋出量相當大，但即便如此，該產品仍屬於奈米技術。
我正在跟踪，它甚至還沒有到達裡約。"
"Comprei 2 conforme pedido. Recebi apenas 1. Inclusive a nota fiscal é só de 1. Já foi enviado um e-mail pra stark sobre o fato, aguardando retorno.",我照要求買了2個。我只收到 1 個。連發票也只是 1 張。已經向 Stark 發送了一封電子郵件說明這一事實，正在等待回复。
Recomendo este produto.,我推薦這個產品。
"A equipe esta de parabéns ,preços bom, entrega rápida produto de qualidade .
Recomendo e aprovo.","恭喜團隊，價格優惠，交貨快捷，產品優質。
我推薦並認可。"
entrega muitooooo demoradaa. não recomendo.,交貨非常慢。我不推薦它。
"Pessimo! Comprei 3 rolos de papel de parede de um mesmo modelo, só chegou 1 na caixa, sem Nota Fiscal e a embalagem do papel está com o lacre violado e sem etiqueta de identificação do produto!",糟糕的！我買了3卷同型號的壁紙，只有一捲到箱，沒有發票，紙質包裝封條破損，沒有產品識別標籤！
"Ótimo produto, se vc quiser presentear o seu pequeno e não quer gastar muito recomendo.",很棒的產品，如果您想給您的小寶貝送一份禮物，又不想花很多錢，我推薦它。
O produto é bom e a entrega foi rápida,產品很好，交貨很快
Produto lindo.maior do que eu imaginei.mto satisfeita,漂亮的產品。比我想像的還要大。非常滿意
Quadros lindos e de boa qualidade.,美麗且品質好的圖片。
Este produto era o que eu esperava,這個產品正是我所期望的
Apesar da maleta ser menor do que imaginei; fiquei satisfeita! Recomendo produto!,雖然行李箱比我想像的還要小；我很滿意！我推薦該產品！
"Entrega do produto antes do prazo, muito bom",在截止日期前交付產品，非常好
"Produto entregue antes do prazo, como sempre, adoro comprar aqui.",產品提前交付，一如既往，我喜歡在這裡購物。
A chaleira aquece a água rápido... muito boa..a única coisa é que ela diz que apita mas nunca apitou...mas isso não tem problema pq dá p escutar quando está fervendo a água... recomendo!!!,水壺加熱水很快...非常好...唯一的是它說它會吹口哨，但它從來沒有吹過...但這沒問題，因為當水沸騰時你可以聽到它...我推薦它！
"Material entregue em um pacote de papel kraft,recebi a mercadoria com o pacote todo aberto e rasgado.Este tipo de empacotamento nao é recomendado pelos correios.",材料採用牛皮紙包裝交付，我收到的商品包裝完全打開並撕破。郵局不推薦這種類型的包裝。
Depois de mais de 25 dias constatei pelo site que a entrega do produto estava cancelado sem nenhuma explicação do motivo até porque o produto já estava pago. E tive dificuldade para saber o acontecido,超過25天后，我在網站上發現產品的交付已被取消，且沒有任何解釋，特別是因為產品已經付款。我很難知道發生了什麼事。
"O quadro que comprei junto com o relógio não chegou.
O relógio foi entregue sem o quadro.
No aguardo,","我和手錶一起買的畫沒有到達。
手錶交付時沒有框架。
我等不及了，"
Produto ótimo recomendo,我推薦的好產品
Excelente chegou no prazo.,優秀準時到達。
Loja péssima meu produto nunca chegava nem saiu do status aguardando nota fiscal até que desisti da compra e até agora não recebi a informação de ressarcimento,糟糕的商店，我的產品從未到達，也沒有保持等待發票的狀態，直到我放棄購買，直到現在我還沒有收到退款訊息
"Tapete muito fofinho, recomendo!!",非常可愛的地毯，推薦！ ！
Produto entregue antes do prazo e perfeito,產品提前交付且完美
Faltaram duas embalagens,兩個包裹不見了
"Estou precisando do meu produto, pois ja chegou meu berço, preciso o quanto antes.",我需要我的產品，因為我的嬰兒床已經到了，我需要盡快。
"Recebi o produto antes do prazo e com um defeito ocasionado pelo transporte. Contudo, o fornecedor foi super atencioso enviando um novo produto que chegou super rápido.",我提前收到了產品，但由於運輸造成了缺陷。然而，供應商非常細心，送來的新產品非常快。
Entrega Super rápido,超快速交貨
"Não indico pra ninguem, já venceu o prazo e não me deram nenhuma satisfação",我不向任何人推薦它，它已經過期了，他們沒有給我任何滿意的感覺。
"O produto chegou antes do prazo e em perfeitas condições.
Obrigado","產品提前到達且狀況良好。
謝謝"
"O produto chegou como esperado, excelente.",產品如期到達，非常好。
Muito satisfeito com o atendimento,對服務非常滿意
"Não vieram todos os itens, faltou a maleta plastica, o punho auxiliar e limitador de profundidade...e veio sem proteção, chegou a cx tod amassada fiz a reclamação ontem pelo site site, não receberam?",並非所有物品都到達了，塑膠盒、輔助手柄和深度限制器都丟失了……而且它沒有得到保護，到達時盒子完全凹陷了。我昨天透過網站投訴了，他們沒有收到嗎？
"Produto chegou antes do prazo previsto...
E em perfeitas condições!!!!","產品在預計日期之前到達...
且狀況完美！ ！ ！ ！"
Recomendo o produto e vendedor. Tudo ok na compra,我推薦商品和賣家。購買一切正常
"Excelente,chegou 16 dias antes do previsto",非常好，提前 16 天到達
"Produto entregue conforme anuncio, porém com vários defeitos ( quebrado, trincado, peça solta ), e até momento não tive retorno para a devolução ou troca do produto..",產品按廣告交付，但存在一些缺陷（破損、破裂、零件鬆動），而且迄今為止我尚未收到退貨或換貨的回應。
Ainda aguardando o produto,還在等待產品
Parabéns!!!! Chegou antes mesmo do prazo mencionado. Fiquei muito contente. Obrigado!,恭喜！ ！ ！ ！它甚至在提到的截止日期之前就到達了。我很高興。謝謝！
Produto bom. Recomendo.,好產品。我推薦。
Não recebi meu produto e ainda não respondem meus contatos. Horrível essa loja,我還沒有收到我的產品，他們仍然沒有回覆我的聯絡人。這家店太可怕了
Não recebi a mercadoria ainda!! Vou aguardar e depois pedir o ressarcimento.,我還沒收到貨！ ！我會等待，然後要求退款。
Ainda tenho esperança de receber o produto. Aparentemente o problema foi no Correio.,我仍然希望收到產品。顯然問題出在郵局。
"Gostei bastante do produto, pretendo comprar outros no mesmo padrão! 😍 😍",我真的很喜歡這個產品，我打算購買其他相同款式的！ 😍😍
"nao recebi o produto suporte de cone, recebi um totalmente errado todo quebrado . quero a devolucao do meu dinheiro",我沒有收到錐體支撐產品，我收到了錯誤的產品，完全損壞了。我想要回我的錢
Não gostei ! Comprei gato por lebre,我不喜歡它！我買了一頭豬在戳
Ainda nao usei o produto...mas o atendimento foi otimo!!!,我還沒用過這個產品...但是服務很棒！
"São muitos enrolados para fazer a entrega do produto, até agora não recebi o produto.",運送產品很麻煩，到目前為止我還沒有收到產品。
A carabina e muito boa. A maça de mira da carabina e q e ruim. A luneta também e pecima.,步槍非常好。步槍的瞄準鏡很差。邊框也很差。
"O produto não foi enviado, porque eu errei ao digitar o número da minha casa",由於我輸入門牌號碼時出錯，產品未發送
COMPREI DUAS UNIDADES DO PRODUTO E APENAS UMA UNIDADE CHEGOU EM MINHA RESIDÊNCIA. QUERO SABER O QUE ACONTECEU POIS ENTRO EM CONTATO COM A EMPRESA SEM RETORNO,我購買了兩件該產品，但只有一件到達我家。我想知道發生了什麼，因為我聯繫了該公司但沒有回复
"Chegou um pouco amassada, mas nada de mais, e chegou antes do prazo.",它到達時有點皺，但沒什麼大不了的，而且提前到達了。
Foi a pior compra pela internet que fiz até hoje. O pedido foi entregue pela metade. A nota fiscal saiu errada. Estou insatisfeito. Agora é contatar a empresa pra ver se vão mandar o restante.,這是我迄今為止最糟糕的網上購物。訂單已交付一半。發票錯了。我很不滿意。現在是時候聯繫該公司，看看他們是否會發送其餘的了。
"Muito bonito e bem embalado, chegou antes do prazo. Amei",非常漂亮，包裝也很好，提前到達。我愛過
ótima ferramenta para serviços caseiros,家庭作業的好工具
"A Empresa responsável já está enviando o 
produto correto. 
Foram muito atenciosos","負責公司已經發送
正確的產品。 
他們非常細心"
Está cada vez mas ruim,情況變得越來越糟
"Passou do prazo de entrega, demorou.",已經過了交貨日期，花了很長時間。
Atendimento normal,服務正常
"Depois de quase um mês tendo pago a mercadoria, recebo um e-mail da lannister dizendo que a targaryen não tem esse produto disponível. empresa ainda não se posicionou nem fez contato para resolver.",在支付商品近一個月後，我收到蘭尼斯特的一封電子郵件，說坦格利安家族沒有這個產品。該公司尚未採取立場或聯繫來解決該問題。
"este produto que eu comprei, é uma propaganda enganoza, pois o suporte não suporta o peso do cellular.
fica caindo no chão do carro.
gostaria de saber como fico com está situação.
Antonio","我購買的這款產品是誤導性廣告，因為支架無法支撐手機的重量。
掉到汽車地板上。
我想知道我對這種情況有何感受。
安東尼"
O. Produto. Alias. Minha. Pulseira. Pandora. Lindaaaaaaa. Igual. Eu. Vi. Cor. Muito. Linda. Ótima. Gualidade. Legal👍,O、產品。的確。我的。手鐲。潘朵拉。琳達啊啊啊啊。平等的。我看到了。顏色。很多。美麗的。出色的。品質.酷👍
Cumpre Oq promete,兌現你的承諾
MOTOR VENTILADOR NÃO É ORIGINAL. O ANUNCIO AFIRMA QUE É ORIGINAL.,風扇馬達不是原廠的。該廣告聲稱它是原創的。
Parece que vamos ter que trocar o produto. A boia veio furada.,看来我们必须改变产品了。浮標被刺破了。
Parabéns td certinho,恭喜你，好吧
"O produto é pequeno, porém de boa qualidade, e muito lindo!",產品雖小，但品質很好，而且非常漂亮！
"Ainda não recebi o produto. 
Já paguei a primeira parcela do cartão.","我還沒有收到產品。 
我已經支付了卡上的第一期付款。"
O produto chegou antes do prazo previsto.,產品在預期截止日期之前到達。
"Houve atraso na entrega do produto, porém os correios estavam com problemas.",產品遞送出現延誤，但郵局遇到了問題。
"Amei a cortina superou minhas expectativas, muito linda, excelente material..",我喜歡這個窗簾，它超出了我的預期，非常漂亮，材質極佳。
"Entrega muita rápida, muito antes do prazo, show!!! Produtos em perfeito estado!",交貨非常快，比計劃提前了，太棒了！產品狀況完美！
Produto entregue antes da data.,產品在日期之前交付。
"Pra mim,é o melhor Site de compras.",對我來說，這是最好的購物網站。
"entrega antes do prazo estabelecido, satisfeita. Parabéns a lannister. Com.",在規定的期限前交貨，滿意。恭喜蘭尼斯特。和。
Um produto que satisfaz a necessidade de quem quer um relógio funcionando conforme os padrões da categoria.,該產品可滿足那些想要一款符合該類別標準的手錶的人們的需求。
Não recebi a mercadoria correta.Comprei 2(duas ) UNIDADES e SÓ CHEGOU 1(uma) unidade.,我沒有收到正確的商品。我購買了 2（兩）件，但只到貨了 1（一）件。
"Só não gostei do prazo para entrega, já ate precisei de outro produto, não comprei por causa disso.",我只是不喜歡交貨時間，我甚至需要另一種產品，因此我沒有購買。
Produto de péssima qualidade,產品品質差
Falta ser entregue o suporte para os pés. Só chegou as vasilhas,腳部支撐仍有待交付。只有貨櫃到達
Embora foi entregue no prazo (um dia depois)seria bom que a entrega fosse mais rapida e que acompanhace uma folha com a lista para que o produto serve. Obrigado,雖然它按時交付（一天後），但如果交付更快並且包含一張包含產品用途清單的表，那就太好了。謝謝
Produto otimo so demorou chegar...,很棒的產品，只是花了一段時間才到達...
"recebi apenas a bota, as taças não foram entregues.",我只收到了靴子，眼鏡沒有送到。
O relógio está com defeito onde efetuo a troca do mesmo ou seu reparo.,手錶有缺陷，我需要更換或修理。
"Amei , muito lindo, grande, prático pra fechar.. Não tenho o que reclamar. Se encaixou perfeitamente no que eu esperava. 
A entrega foi rápida, 2 semanas antes do prazo. 
Super satisfeita. Recomen","我喜歡它，非常漂亮，很大，很實用……我沒有什麼好抱怨的。它完全符合我的預期。 
交貨速度很快，比原計劃提前了兩週。 
超級滿意。推薦"
Recomendo a todos que procuram um produto de qualidade e rapidez na entrega. É show !,我向所有尋求優質產品和快速交貨的人推薦它。這是一場表演！
"Produto lindo e muito bom, ótima qualidade",美麗且非常好的產品，品質優良
sem comentario,沒有意見
"O cartão que recebi é falso.
Começou com a cor do cartão que não era a mesma da foto site. o celular e Pc não reconheceram o cartão. por fim, descobri que a sigla do prodt. É para uma capacidade meno","我收到的卡是假的。
首先是卡片的顏色與網站上的照片不一樣。手機和電腦無法辨識該卡。最後，我發現了該產品的縮寫。這是為了較小的容量"
"O produto não foi entregue totalmente, Cobraram 4 embalagens e só entregaram duas. Valor cobrado no cartão 4x61,13",產品沒有全部交付，他們收取了 4 個包裹的費用，但只交付了兩個。儲值卡金額 4x61.13
"Ocorreu tudo perfeito , entregue antes da data...",一切都很順利，提前交付了......
Entrega super rápido e estou bem satisfeito com o produto. ..,交貨速度超快，我對產品非常滿意。 ..
Bom é confiável,好的才是可靠的
"A cadeira chegou fora do prazo e ainda por cima veio com inúmeros defeitos, tecido do encosto rasgado, base de proteção das rodas rasgadas, roda travando, fora aos inúmeros arranhados espalhados.",椅子抵達較晚，除此之外，它還有許多缺陷，靠背織物撕裂，輪子保護底座撕裂，輪子卡住，還有許多分散的划痕。
as aves responderam muito bem com o produto.,鳥類對此產品反應非常好。
"ENTREGA MUITO DEMORADA, PESSIMA",交貨很晚，太糟糕了
"Nossa muito linda só que eu pedi nossa senhora Aparecida e veio de Fátima,mais muito linda amei.",哇，非常漂亮，但我要了聖母阿帕雷西達，它來自法蒂瑪，但非常漂亮，我喜歡它。
Comprei 2 unidades do produto e só recebi 1,我購買了 2 件產品，但只收到了 1 件
satisfeita com a compra e responsabilidade da empresa,對公司的購買和責任感到滿意
Produto entregue bem antes do prazo. Super recomendo!!!,產品提前交付。我強烈推薦它！
"O produto veio correto, no prazo certo, tudo certo, recomendo a todos.",產品正確、準時到達，一切都很好，我推薦給大家。
"Essa cortina não veio com as demais:Cortina Voil Branca 8,00x2,80 Forro Microfibra Ilhós Cromado Branco",這款窗簾不與其他窗簾一起提供： 白色 Voil 窗簾 8.00x2.80 超細纖維襯裡 鍍鉻孔眼 白色
"Entrega rápida, produto correto. A stark está de parabéns!",交貨快捷，產品正確。斯塔克值得祝賀！
Falta parte do produto,部分產品缺失
A película veio completamente destruida.,這部電影徹底毀了。
Já efetuei várias compras pela internet e a lannister é muito confiável.,我已經在網路上買過幾次了，蘭尼斯特非常可靠。
Sempre satisfeito,一直很滿意
Adorei muito o meu relogio,我真的很喜歡我的手錶
"Gostei muito veio muito,entrega rápida e o produto do feitinho que vi no sait.",我真的很喜歡它，來了很多，交貨很快，產品和我在網站上看到的一樣好。
nao foi o que eu esperava,這不是我所期望的
"Compra fácil e entrega rápida, só o frete que acho que deveria ter um valor mais baixo",購買方便，交貨快捷，我認為運費應該更低
Ótimo produto recomendo chegou bem antes do prazo,很棒的產品，我建議它提前到達
Não recebi informação sobre o produto que parecia estar perdido no transporte.,我沒有收到有關似乎在運輸過程中丟失的產品的資訊。
"entraga rapida, minha mãe adorou o presente",送貨很快，媽媽很喜歡這份禮物
"Vcs poderiam verificar melhor o produto antes de sair pois já demora uns dias e ainda vem errado, então verificar melhor a saída do produto.",您是否可以在離開前更好地檢查產品，因為需要幾天的時間，但仍然錯誤到達，因此請在離開時檢查產品。
"O produto anunciado era café e recebi preto, porém eu queria a preta mesmo.",廣告上的產品是咖啡，我收到的是黑色的，但我真的想要黑色的。
entrega feita antes do prazo estabelecido,在規定的截止日期之前交付
"Adorei este produto veio certinho e muito fácil de montar...
Obrigada.....","我喜歡這個產品，它非常完美並且非常容易組裝...
謝謝你......"
Recebi antes do prazo estabelecido o lustre é lindo,我在截止日期前收到了，吊燈很漂亮
A empresa vende sem ter o produto para entregar.,該公司在沒有產品交付的情況下進行銷售。
Produto de ótima custo benefício! Porem a loja vendeu sem ter em ostoque e demorou mais de 30 dias para entrar em contato para fazer a troca por um produto disponível,性價比很高的產品！但店家無貨就賣了，等了30多天才聯絡上換貨。
Desejo a troça do meu produto o mesmo veio em tamanhos diferentes,我想更換我的產品，因為它有不同尺寸
"O prazo de entrega do produto já venceu e não tenho retorno do fornecedor, e não consigo mais rastrea-lo.",產品的交貨時間已經過去，我還沒有收到供應商的回复，我無法再追蹤它。
Esse adesivo rasgou todo quando tentei colar na parede. Uma frustração. Super difícil de remover do papel e quando consegui ele rasgou e amassou. Resultado: foi para o lixo. Meu dinheiro jogado fora!,當我試著把它貼在牆上時，這張貼紙被撕掉了。一種挫敗感。從紙上撕下來非常困難，當我這樣做時，它又撕又皺。结果：它被扔进了垃圾桶。我的錢都浪費了！
"Entregou o produto no prazo, bom preço.",按時交付產品，價格優惠。
"Satisfeito com a capinha, chegou antes do prazo. Espero que dure bastante tempo, pois ela é de couro né.",對案子很滿意，提早到達。我希望它能持續很長時間，因為它是皮革製成的。
"Ótima estão de parabéns.Obrigada a tds. Muito eficiente, parabéns.",太好了，恭喜。謝謝大家。效率很高，恭喜。
muito bom a entrega foi otima na data certa .,非常好的交貨，在正確的日期。
Sem opinião,沒有意見
"A UNICA RECLAMAÇÃO COM baratheon É DE QUE CADA PRODUTO É COBRADO FRETE INDIVIDUAL, COMPREI 4 PRODUTO NA MESMA COMPRA, PAGUEI 4 FRETE, ISSO NÃO É BOM.",對baratheon唯一的抱怨是每個產品都要收取單獨的運費，我在同一次購買中購買了4個產品，我支付了4個運費，這不好。
Muito bom o atendimento.,服務非常好。
nunca tive reclamacao da shooptime. apenas esta compra que efetuei agora e nao me avisaram que estava no correio.,我從來沒有抱怨過購物時間。只是我現在購買的這件東西，他們沒有告訴我它已經在郵件中了。
Já foi protocolizada junto ao stark pedido de cancelamento da compra. Estou aguardando resposta do responsável.,已向史塔克提出取消購買的請求。我正在等待負責人的答覆。
"Produto com avaria, funcionou por um minuto e depois na liga mais.",產品故障，工作了一分鐘，然後再次開啟。
"amo comprar nas lojas americas, só que as vezes os produtos são mesmo valor que na loja",我喜歡在美國商店購物，但有時產品的價格與商店相同
O tempo já expirou e não recebi o produto!,時間已經過了，我還沒有收到產品！
Comprei e meu pedido foi enviado antes do vencimento obrigado.,我購買了並且我的訂單已在到期日期之前發送，謝謝。
Depois de 16 minutos no telefone ser aguardado para reclamar do meu problema que veio com defeito uma capa de celular que não encaixa direito no aparelho simplesmente atenderam e desligaram.,在打電話等待投訴我的問題（我的手機套與設備不合適）後，他們花了 16 分鐘才接聽並掛斷電話。
Muito excelente,非常優秀
"Atraso na entrega sem dar satisfação ao cliente, que com certeza escolheu o produto com cuidado e com as melhores expectativas. Falta de consideração.",交貨延遲，客戶無法滿意，客戶當然帶著最好的期望仔細選擇了產品。缺乏考慮。
"Não recebi o produto, aguardo uma solução.",我沒有收到產品，正在等待解決方案。
"meu produto veio com defeito,devolvi conforme informado.postado no correio conforme indicado.e até hoje não recebi nenhuma notificação da empresa quanto a devolução e análise para ter meuressarcimento",我的產品到達時有缺陷，我按通知退回。依指示在郵件中發布。到目前為止，我還沒有收到該公司關於退貨和分析以獲得退款的任何通知
Pedi a luva 12 oz e me enviaram 14 Oz. E paguei um frete caro.,我訂購了 12 盎司的手套，他們寄了 14 盎司給我。而且我付了昂貴的運費。
"O produto não foi entregue. Comprei outros produtos junto com esse, os outros foram entregue ainda em dezembro e esse até o momento não foi entregue.",產品未交付。我和這個一起買了其他產品，其他的都是12月出貨的，這個還沒出貨。
ótimo produdto,很棒的產品
"Recebi o produto errado,pedi gotas e veio comprimido",我收到了錯誤的產品，我訂購了滴劑，但它是片劑
"O perfume veio bem acondicionado em papel bolha, sem a menor chance de ser danificado. Excelente serviço prestado. Recomendo!",香水用泡沫紙包裝得很好，沒有絲毫損壞的可能性。提供優質的服務。我推薦！
"bom dia, queria ver sobre a entrega do meu suporte de tv.",早安，我想看看我的電視櫃的交付情況。
O produto veio diferente da imagem,產品與圖片不同
"Recebi antes do prazo 
Adorei","我在截止日期之前收到了
我喜歡它"
"O Produto veio correto, porém com defeito. As lentes menores estão trincadas.",產品到達時正確無誤，但有缺陷。較小的鏡片已破裂。
"muito bem atendido, produto entregue antes do prazo, valeu!.",服務非常好，產品提前交付，謝謝！
Eu comprei vários produtos e até agora tenho recebido td certinho até antes do prazo.,我買了幾種產品，到目前為止我已經在截止日期前收到了所有東西。
"Foi grande a minha surpresa quando recebi o produto comprado dois dias após ter efetuado o pedido. Estou muito satisfeita com a entrega e qto ao produto tbm. Mesmo sendo Black Friday, chegou rápido.",當我下訂單兩天後收到我購買的產品時，我感到非常驚訝。我對交貨和產品也非常滿意。儘管是黑色星期五，但它來得很快。
"Quando Comprei o prazo era um e depois de comprar aumentou em uns 20 dias, recebi antes, porém o vendedor nunca atualizava as informações no site.",我買的時候截止日期是1天，買了之後增加了20天左右，提前收到了，但是賣家一直沒有更新網站上的信息。
"relógio não tem caixa ? veio muito bem embalado, mas sem caixa ?",手錶沒有盒子嗎？包裝很好，但是沒有盒子？
Só não consegui se tem infra vermelho,我只是不知道它是否有紅外線
Ótimo prazo de entrega!,交貨時間很好！
"é muito bom comprar com lannister , pela pontualidades de vcs.",在蘭尼斯特買東西真是太棒了，因為你很準時。
Não obtive nenhum retorno até a presente data qnto a entrega do meu pedido. Não estão cumprindo com o proposto. Não recomendo.,到目前為止，我尚未收到有關訂單交付的任何回應。他們沒有遵守提議的內容。我不推薦它。
Apaixonado,熱情的
Só não achei justo ter que pagar dois fretes pra mesmo local porque comprei dois produtos.,我只是認為因為我買了兩種產品而必須支付兩次到同一個地方的運費是不公平的。
Recebi no prazo certo. Foi super rápido.,我準時收到了。速度超快。
"Mercadoria muito boa 

É a entrega rápida","非常好的商品

交貨速度很快"
Necessário informar se a entrega será pelos Correios.,如果是郵寄的話，需要告知。
"Relógio lindoooo como todos da Euro.
Sempre satisfeita tbm com as compras que realizo no site da lannister. Recomendo mesmo!!","像所有歐洲手錶一樣漂亮的手錶。
我對在蘭尼斯特網站上購買的商品始終感到滿意。我真的很推薦它！"
"Nao me entregaram a pulseira (bracelete), somente a carteira!! Os 2 sendo feitos num único pedido",他們沒有給我手鐲，只給了我錢包！ 2 個是在一個訂單中製作的
Entrega duper rapida .recomendo..,交貨速度超快。我推薦它..
"A venda não se encerra no ato do pagamento. Após este momento não temos mais nenhum contato po parte da loja, é como se o cliente não existisse.",付款時銷售並未結束。從這一刻起，我們就不再與商店有任何联系，就好像顧客不存在一樣。
"Produto de ótima qualidade, entrega realizada no prazo, recomendo!!!",優質的產品，準時交貨，我推薦它！
Otimo produto. Entrega rapida negociação plena,很棒的產品。快速交貨全面協商
"Até o momento não recebi o produto Protetor De Colchão Para Berço - Algodão Impermeável, já fiz a reclamação desde o dia 18/06 e ainda não obtive retorno. Irei cancelar o pedido e estornar a compra hj",到目前為止我還沒有收到嬰兒床床墊保護套 - 防水棉產品，我從 06/18 就已經投訴了，但還沒有收到回應。我今天将取消订单并退款
produto conforme o solicitado,產品依要求
"Comprei esperando um produto original e com selo do inmetro. Recebi 3 bonecos que são claramente falsificados, com embalagens amassadas e sem selo do Inmetro.",我買了它，期望是帶有 inmetro 密封的原始產品。我收到了 3 個明顯是假貨的娃娃，包裝皺巴巴的，沒有 Inmetro 封條。
A mascara era para chegar dia 24 de agosto de 2018 e até agora nada. Mandei um e-mail e me pediram 48 horas para uma resposta. O tempo de entrega já é longo e ainda atrasa. Descaso total.,睫毛膏原定於 2018 年 8 月 24 日到貨，但到目前為止還沒有任何消息。我發送了一封電子郵件，他們要求我在 48 小時內回覆。交貨時間已經很長了，而且仍然有延誤。完全無視。
"Foi bom, a entrega aconteceu dentro do prazo, porem o produto vem de Recife/PE e da um medo enorme de extraviar pelo caminho.",很好，交貨準時，但產品來自累西腓/PE，人們非常擔心它會在途中丟失。
"O produto chegou. Porem a embalagem estava aberta e em um dos braços da cadeira o encaixa do parafuso estava quebrado . Fora isso, o prazo de entrega foi bom.",產品到了。然而，包裝已打開，椅子其中一個扶手上的螺絲配件已斷裂。除此之外，交貨時間很好。
"Fiz o pedido na segunda e o prazo era de 10 dias e no dia chegou, super rápido e o produto é o que eu queria!! Td perfeito, recomendo a tds!",我星期一下了訂單，截止日期是10天，當天就到了，超級快，產品就是我想要的！ ！一切都很完美，推薦給大家！
"Muito bom sim, mas nada mais que a obrigação fazer tudo direito pagamos pra isso mesmo se fosse de qualquer jeito não teria lógica pagar pelo serviço",很好，是的，但無非就是把每件事都做好的義務，我們為此付出了代價，即使無論如何都完成了，為服務付費是沒有意義的
Produto de Péssima qualidade!,產品品質差！
"produto entrega na data, mas veio errado, aguardando a solução",產品按時交付，但到達錯誤，等待解決方案
Foi para o correio,去了信箱
Entrega rápida ... antes do prazo final,快速交貨...在截止日期前
"Realmente eu queria ter um guarda-chuva invertido porque é diferente. Mas desde que ele estivesse funcionando e abrindo, e não com cabo solto",我真的很想要一把倒立的雨傘，因為它很不一樣。但只要它可以工作並打開，並且電纜沒有鬆動
Td ótimo.,那太棒了。
"Não instalei o pneu ainda, mas parece ser de otima qualidade, super recomendo esta loja",我還沒安裝輪胎，但看起來品質很好，我強烈推薦這家店
Pedido entregue sem restrições.,訂單交貨無限制。
Amei o produto. Super recomendo.,我喜歡這個產品。我強烈推薦它。
"Bom dia não recebi o produto correto, no site selecionei um produto e venho outro.",早安，我沒有收到正確的產品，在網站上我選擇了一種產品，但又收到了另一種產品。
Produto de muito boa qualidade!,產品品質非常好！
"Produto bom,mas achei que o Edredon fosse bem mais grosso",不錯的產品，但我覺得羽絨被厚得多
Sempre comprei nesta loja. Recomendo com certeza.,我一直都是從這家店買的。我絕對推薦它。
"Sao dois pistoes, conforme emitido na nota, porem recebi apenas um.",正如紙條中所發出的，有兩個活塞，但我只收到了一個。
Comprei 3 unidades do produto vieram 2 unidades que não corresponde com o que comprei. Devido a minha opinião é negativa com relação a esse vendedor pois não não cumpriu com o prometido na venda.,我購買了 3 件產品，其中 2 件與我購買的不符。由於我對這位賣家的負面看法，因為他沒有履行銷售中的承諾。
compra sem embaraço e atropelos . Recomendo a tds.,購買無憂無慮。我推薦給大家。
"O produto tem uma péssima qualidade, foi enviado sem nenhuma embalagem desente e não foi entregue num curto prazo",該產品品質較差，發貨時沒有任何包裝，並且在短時間內沒有交付。
bom parceiro,好夥伴
"Eu comprei 2 produtos, vocês cancelaram 1 sem me avisar",我購買了 2 件產品，您在沒有通知我的情況下取消了 1 件
HOUVE UMA PENA DIFERENÇA DE DATA DE ENTREGA MAIS NO GERAL EU RECOMENDO,抱歉，交貨日期有所不同，但總的來說我建議
"Sempre compro e a entrega é rápida, antes do prazo estipulado.",我總是在規定的截止日期之前購買並且交貨很快。
Recebi informação sobre a situação do meu pedido até o recebimento. Chegou no prazo e o produto é o que eu especifiquei.,在收到訂單之前，我會收到有關訂單狀態的資訊。它準時到達，產品就是我指定的。
"Não recebi o produto, já faz 21 dias que comprei, agora apareceu na compra que o pedido foi cancelado, mas não cancelei nada e já paguei a primeira parcela. Exijo respeito até porque é um brinquedo",我沒有收到產品，購買已經21天了，現在購買時顯示訂單已取消，但我沒有取消任何東西，而且我已經支付了第一期付款。即使它是玩具我也要求尊重
"Ainda não pode avaliar o produto. Estou aguardando a Matriz e os botões, também comprados no site das Lojas lannister.
Estou estranhando o fato da nota fiscal desses produtos não ter sido emitida.","您還不能評價該產品。我正在等待矩陣和按鈕，也是在蘭尼斯特商店網站上購買的。
令我驚訝的是，這些產品的發票尚未開立。"
Tudo recebido como combinado.,一切都按約定收到。
Espero mais de 3 meses para dizer não que tinha o produto!,我等了3個多月才說沒有我有這個產品！
Muito bonita e funcional. Mas infelizmente veio com um arranhão.,非常漂亮又實用。但不幸的是它有刮痕。
"Nao recebi o produto que pedi, o que veio foi um pouco de creme em um pote de plastico",我沒有收到訂購的產品，收到的是塑膠罐裡的一些奶油
Encomendei o kit bolsa maternidade para meu filho (a). E o produto foi entregue antes do prazo. Além do que veio o produto que eu pedi e lindo e bem embalado. Amei comprar pelo baratheon.,我為我兒子訂購了孕婦包套件。且產品提前交付。另外，我訂購的產品很漂亮，包裝也很好。我喜歡透過拜拉席恩購買。
Anunciou um produto entregou diferente,以不同的方式宣傳產品
RECOMENDO LOJA E PRODUTO,我推薦商店和產品
Os correios estão demorando muito para entregar as encomendas.,郵局需要很長時間才能交付訂單。
chegou antes do tempo muito bom....porém o frete é ridículo ter de pagar por um produto deste tamanho!!!,它在非常好的時間之前到達...但是必須為這種尺寸的產品支付運費實在是太荒謬了！
"Fui no correio buscar meu produto, só derem um produto, ,é outro disseram que não estava lá, fui buscar hoje é disseram que mandaram de volta, fui no prazo, quero frete de volta, pois vou na justica.",我去郵局拿我的產品，他們只給了我一種產品，又給了我另一種，他們說不存在，我今天去拿，他們說他們把它寄回來了，我準時去了，我想寄回來，因為我要去法庭。
Produto conforme descrição,產品如所述
O produto entregue é diferente do anunciado já que no próprio anúncio não dizia que seria de plástico então quero a troca ou no meu dinheiro de volta.,交付的產品與廣告中的產品不同，因為廣告本身沒有說它是塑膠製成的，所以我想要換貨或退款。
Cancelei a compra por não ter recebido o produto,我取消了購買，因為我沒有收到產品
"Comprei um tapete , o mesmo foi entregue em outro, modelo.
Pedi a troca, não fui atendida.
Cancelei a compra e até o momento não recebi o dinheiro de volta. Um descaso.","我買了一塊地毯，但交付的是另一種型號。
我要求換貨，沒有得到答案。
我取消了購買，到目前為止我還沒有收到退款。疏忽。"
"A loja eu recomendo, porque já fiz várias compras e nunca tive nenhum problema, nem antes, nem durante e nem depois da compra. Já o produto, ainda não sei... Tenho que usar antes para saber se vale.",我推薦這家商店，因為我已經購買過幾次並且從未遇到任何問題，無論是在購買之前、期間還是之後。至於產品，我還不知道……我得先用過才知道值不值得。
chegou teclado mouse o CPU mas o computador nao,鍵盤滑鼠和CPU到了，但電腦沒有
tudo ok baratheon show de bola,一切都好 拜拉席恩舞會表演
"Muito bom o atendimento e o prazo de entrega, melhor que a caloteira Américanas,com",非常好的服務和交貨時間，比美國的好，
Chegou antes do prazo e tudo certo conforme o anúncio.,它提前到達，一切都像廣告上說的那樣。
"O produto chegou antes do prazo, exatamente o que pedi os entregadores muito gentis.",產品提前到達，正是我所要求的，送貨司機非常友善。
"sempre compro no site das lannister mais de 10 anos e nunca tive problemas. Porem essa ultima compra foi frustante, o produto estava apresentando uma cor mas veio com a tonalidade bem diferente",十多年來我一直在蘭尼斯特網站上購物，從來沒有遇到任何問題。然而，最後一次購買令人沮喪，該產品顯示一種顏色，但色調卻截然不同。
"Produto chegou bem embalado, chegou no prazo e por isso recomendo",產品包裝​​完好，準時到達，因此我推薦它
"O produto chegou com a caixa amaçada... Como se tivessem colocado algo em cima dela. No entanto, sem avarias, mas negligência com o produto.",產品送達時盒子已損壞...好像上面放了一些東西。然而，並非故障，而是產品疏忽。
Faltou a ventosa e resistência.,吸盤和電阻缺失。
Paguei por 2 kits e só recebi 1. O que houve?,我付了 2 個套件，但只收到了 1 個。發生了什麼事？
"Chegou tudo certo, dentro do prazo",一切順利，準時到達
Recebi antes do prazo. Satisfeita.,我在截止日期之前收到了它。使滿意。
"Comprei e paguei por uma cadeira giratória com braço e recebi uma cadeira sem braço! Quero devolver o produto, não supre a minha necessidade",我購買並支付了一張有扶手的轉椅，卻收到了一張沒有扶手的椅子！我想退貨，它不符合我的需求
sem problemas!,沒問題！
"recebi o produto no prazo, tudo correto, sem problema algum",我按時收到產品，一切正確，沒有問題
Entrega muito demorada e ainda houve atraso!,送貨速度非常慢，而且還有延遲！
Eu não recebi a chupeta,我沒有收到奶嘴
Já passou 3 dias e o produto não foi entregue.,已經3天了，產品還沒出貨。
Demorou um pouco mais chegou antes do praço,花了一點時間才到達廣場前
Não comprei esse produto e nem e o numero do meu cartão. Aguardo retorno,我沒有購買該產品，它甚至沒有我的卡號。我等待你的歸來
"foi entregue apenas metade do pedido, ou seja, 2 conjuntos de xicaras ao inces de 4... ja fiz a reclamação no site do baratheon e ate agira NAO ME DERAM RETORNO...PEÇO UMA POSIÇÃO OU TOMAREI AS MEDIDAS",訂單只交付了一半，即2套杯子，價格為4...我已經在拜拉席恩網站上投訴了，甚至表現出他們沒有給我退貨...我要求職位，否則我將採取措施
Recomendo está loja pois atendeu as minhas expectativas. Muito obrigado,我推薦這家店，因為它符合我的期望。非常感謝
O produto é de qualidade e me deixo muito satisfeito.,產品品質很好，我很滿意。
"Sempre compro aqui, porque todo o processo é muito rápido",我總是在這裡買，因為整個過程非常快。
Produto de otima qualidade e bem embalado,產品品質優良，包裝完好
"Tanto na compra, quanto na entrega 
tudo certo . obrigado .","無論是在購買還是交貨過程中
一切都好。謝謝 。"
legal. tudo certo. entrega rapida,合法的。一切都很好。快速交貨
"A gaiola de contenção é muito profissional, é perfeita, sem defeitos de fabricação, proteção total para a recuperação de um animal de estimação. Recomendo com nota 10 !!",收容籠非常專業，非常完美，沒有製造缺陷，為寵物的康復提供全面保護。我推薦它的評分為10！
ta demorando a entrega nao resebi minha compra ainda,送貨需要一段時間，我還沒有收到我購買的商品
Eu e minha noiva adoramos!! Grande e lindo!,我和我的未婚妻很喜歡它！又大又漂亮！
"Gostei do produto, de acordo com o que eu esperava, muito bom, o prazo de entrega nem se fala, dentro do tempo.",我很喜歡這個產品，符合我的預期，非常好，交貨時間更不用說，準時。
"O produto chegou no prazo e foi o que comprei, excelente compra",產品準時到達，是我購買的，非常好的購買
"Demora na emissão da nota levou mais de semana pra isso, demora na entrega ainda não recebi.",延遲發單，一週多了，延遲出貨，到現在還沒收到。
Demorou para informar que o pedido tinha sido cancelado. Perdi o prazo para comprar novo presente pro meu sobrinho. Não gostei da postura e ainda não fui ressarsida,過了一段時間才得知訂單已取消。我錯過了給我侄子買新禮物的最後期限。我不喜歡這種態度，而且我還沒有收到退款。
Nunca mais compro no lannister,我再也不會買蘭尼斯特的東西了
Ainda nao recebi o produto,我還沒收到產品
"Demos o relógio de presente para a nossa neta, ela gostou muito.",我們把手錶作為禮物送給了我們的孫女，她非常喜歡它。
"Podem comprar, é de confiança.",可以買，值得信賴。
Gostei o produto.,我喜歡這個產品。
Preciso fazer o cancelamento dessa compra pois até agora nada foi entregue,我需要取消這次購買，因為到目前為止還沒有交付任何東西。
Difícil de montar,組裝困難
Fiz um pedido com dois itens: um álbum + um conjunto de folhas ( para cartas pokémon) avulsa. Só recebi o álbum.,我下了兩件商品的訂單：一本相簿+一套床單（用於神奇寶貝卡）。我只收到專輯。
ainda nao veio o produto,產品尚未到達
"Sempre comprei e não tiver problema, porém dessa vem sim meus produtos não chegou até agora",我一直都買的，沒問題，但這次我的產品還沒到
"Recebi o produto incompleto, onde a descrição diz kit com dois pendentes, e recebi somente um, e ainda não tiver retorno da empresa.",我收到了不完整的產品，描述中寫著帶有兩個吊墜的套件，但我只收到了一個，而且我仍然沒有收到公司的回覆。
"Muito bonita, ótimo acabamento, entrega super rápida. Adorei!",非常漂亮，做工很棒，交貨超快。我愛過！
"Produto similar ao original, testei funcionou todas teclas e aparentemente será útil na substituição do original.",產品與原版類似，我測試了所有按鍵都有效，顯然它對於替換原版很有用。
"Meu pedido era de 2 cortinas, porém recebi apenas 1. Quando receberei a outra?",我的訂單是 2 幅窗簾，但我只收到 1 幅。我什麼時候才能收到另一幅？
"Comprei 3 bases para guarda sol e chegou apenas 1.
A Nota Fiscal mostra 3, mas só veio 1 unidade","我買了 3 個傘座，但只到了 1 個。
發票顯示有 3 個，但只到了 1 個"
Era oque eu esperava,這正是我所期望的
"Boa tarde, motivo é o seguinte
O meu pedido era uma máquina de costura Galoneira 3 agulhas foi entregue uma máquina de costura Galoneira 2 agulhas e não consegui falar com o fornecedor","大家下午好，原因如下
我的訂單是 3 針 Galoneira 縫紉機，2 針 Galoneira 縫紉機已交付，但我無法與供應商聯繫"
Recomendado.,受到推崇的。
"Parabéns ,ótimos profissionais ,o produto chegou até antes do prazo",恭喜，偉大的專業人士，產品在截止日期前到達
Viu tudo certo produto eu perdi muito obrigado,看到了一切都好的產品，但我把它弄丟了，非常感謝
Muito atenciosos. Sandália bonita e confortavel,非常細心。漂亮又舒適的涼鞋
Paguei pelo produto e não recebi,我支付了產品費用但沒有收到
Atendimento de primeiro mundo. Fiquei muito satisfeita.,第一世界服務。我很滿意。
O produto chegou no prazo,產品準時到達
A lannister está de parabéns. O produto chegou muito antes do prazo estipulado e o produto em perfeitas condições. Obrigada.,恭喜蘭尼斯特家族。產品在規定的截止日期前到達，產品狀況良好。謝謝。
"O produto foi entregue em outra cor. 
Solicitamos rosa e veio preta. 
Também veio em outro modelo e não conseguimos efetuar a troca pelo site.","該產品以另一種顏色交付。 
我們訂購了粉紅色，結果是黑色。 
它還有另一種型號，我們無法透過網站進行交換。"
Tecnologia japonesa,日本技術
O pedido veio errado. Está a maior burocracia p trocar. Eles jogam p lannister' e a lannister' diz que eu tenho que resolver com eles. -.-',訂單出錯了。有很多官僚機構需要改變。他們玩“蘭尼斯特”計劃，“蘭尼斯特”說我必須對付他們。 -.-'
"Produto de qualidade e bonito, meu filho adorou.",產品品質好、漂亮，兒子很喜歡。
"O produto chegou com defeito é o site da lannister é péssimo pra trocas, suporte péssimo !!!!",產品到達時有缺陷，蘭尼斯特網站的交換很糟糕，支援很糟糕！ ！ ！ ！
Muito bom eu gostei,非常好我很喜歡
Produto com frete caro e não recebi o produto.,產品運費昂貴，但我沒有收到該產品。
ótimo chegou bem antes do prazo .,太好了，比計劃提早到達。
Falta de consideração com o cliente!,缺乏為客戶著想！
"Produto de boa qualidade e chegou mais rápido que o esperado, super recomendo.",產品品質好，到達速度比預期快，我強烈推薦它。
O cubo shengshou 6x6 está quebrado.,聖手6x6立方體破碎。
"Entregue antes do prazo , produto de qualidade , ótima loja !",提前交貨，優質產品，很棒的商店！
comprei tres produtos e so chegou dois na minha casa,我買了三種產品，但只有兩種到達我家
"o produto veio incompleto, foram duas bandeijas e so foi entregue uma, e a nota fiscal vei cobrando o valor de duas constando so um item na mesma, muito insatisfeito",到貨不完整，有兩個托盤，只送了一個，發票上只收了兩個，裡面只有一件，非常不滿意
Super rapidi.... Recebi o produto com antecedência... Ainda estava prevista pra o mes que vem. Ótima qualidade,超級快....我提前收到了產品...仍然安排在下個月。品質優良
"Ola
recebi meu produto parcial, recebi a manta mais a bolinha NAO","你好
我收到了部分產品，我收到了毯子和球 沒有"
Muito bom e eficiente eu recomendo,我推薦非常好的和有效率的
Ótima lindo..,偉大美麗..
"Esta loja merece receber * * * * *, pois ela é mais que pontual até porque todas as minhas compras tem chegado antes que o prazo estabelecido pela própria loja estou muito sastifeito!!!",這家商店值得得到* * * * *，因為它非常準時，因為我所有的購買都在商店本身規定的截止日期之前到達，我非常滿意！
"cortina boa, de longe parece um tecido, mais ela é de plastico, só não pode ficar perto do fogão ou de algo que esquente muito.recomendo",好的窗簾，從遠處看它像織物，但它是塑膠製成的，它不能放在爐子或任何變得很熱的地方附近。我推薦它
"Nao posso avalia um produto que ainda nao recebi
se fosse para avalia eu daria 0","我無法評論我尚未收到的產品
如果讓我評價的話我會給它0分"
Pedido veio incompleto falta no jogo de tapete,訂單到達時不完整，缺地毯套裝
"Excelente vendedor, super pontual, entregou até antes do prazo.",優秀的賣家，超級準時，提前交貨。
"Ainda não utilizei o produto, mas a entrega foi dentro do prazo. então, na verdade, essa avaliação não é do produto",我還沒有使用該產品，但交貨準時。所以，其實這篇評論並不是關於產品的
"Chegou antes do prazo, porém percebi q o zíper da parte menor na primeira vez ele nao abriu o feixe, mas da segunda em diante abriu, caso o feixe abra novamente entro em contato com a loja.",它提前到達，但我注意到較小部分的拉鍊第一次沒有打開包裹，但從第二次開始就打開了，如果包裹再次打開我會聯繫商店。
Vale a pena comprar na lannister..,蘭尼斯特還是值得買的
"O produto foi entregue bem antes do prazo, Parabéns pelo comprometimento com o cliente.",產品提前交付，恭喜您對客戶的承諾。
Direito o microondas,微波爐右邊
produtos de qualidade,優質產品
Recebi antes do prazo. Produto de qualidade. Já comprei mais 2 pra minha irmã e amiga que tbm gostaram.,我在截止日期之前收到了它。優質的產品。我已經給我姐姐和朋友買了另外 2 個，他們也很喜歡。
Os produtos que me mandaram foram replicas do que eu solicitei. Produtos de péssima qualidade!!!,他們寄給我的產品是我要求的複製品。產品品質差！ ！ ！
"RECOMENDO A LOJA E O PRODUTO, SÓ NÃO É PEFEITO PORQUE OS CORREIOS NÃO ENTREGAM ONDE MORO POR CAUSA DOS ASSALTOS. MAS O RESTENTE É PERFEITO, ALOJA, O PRODUTO O ATENDIMENTO, O PRAZO. OBRIGADA, VOLTAREI",我推薦這家商店和產品，它只是不完美，因為郵局因為搶劫而無法在我住的地方送貨。但其餘的都是完美的，住宿、產品、服務、截止日期。謝謝你，我會回來的
"o envio apresentou problema no transcurso do pedido. Contudo, o produto foi entregue dentro do longo prazo dado.",訂單期間運送出現問題。然而，產品在規定的很長的期限內交付了。
O produto chegou com a caixa amassada,產品到達時附有一個壓碎的盒子
COMPREI DOIS SO ENTREGARAM 1,我買了兩個，他們送了 1 個
Produto como descrito . Muito bom.,產品如所述。非常好。
Recebi só a fruteira e nao recebi o cesto,我只收到了水果盤，沒有收到籃子
"Comprei um kit com 2 pomadas e recebi apenas uma, Já enviei mensagem e não obtive resposta. Completa falta de respeito.",我買了一套有 2 種藥膏的套裝，但只收到了一種。我發了一條訊息，但沒有得到回應。完全缺乏尊重。
Entregou mais rápido do que o previsto. Aparentemente o produto é bom. Comprei para dar de presente.,交付速度比預期快。顯然產品不錯。我買它作為禮物。
No começo fiquei em dúvida por falar ser de microfibra...e não consegui nada de explicações na internet...arrisquei é me dei bem já comprei mais duas... Recomendo,起初我很懷疑，因為它說它是超細纖維...而且我在互聯網上找不到任何解釋...我抓住了機會，效果很好，我已經又買了兩個...我推薦
Não entendo no mesmo pedido não entregarem a mercadoria completa,我不明白他們沒有按照同一個訂單交付完整的商品
"Produto chegou, parece muito bom, mas só tem um porem, na foto do anúncio mostrava seis pentes e só viram 4. Em nenhuma parte dizia que a foto era meramente ilustrativa e também vi outros anúncio do m",產品到了，看起來非常好，但只有一個問題，在廣告照片中顯示了六把梳子，而他們只看到了四把。沒有任何地方說這張照片只是說明性的，我還看到了該產品的其他廣告
Pedi de Baunilha e recebi de CHOCOLATE,我要的是香草，收到的是巧克力
Atendeu todas as espectativas..,它滿足了所有的期望..
tem quase 30 dias e não recebi a entrega estou precisando do produto,已經快 30 天了，我還沒收到貨，我需要產品
"Dos itens citados recebi apenas o suporte para presunto, os guardanapos ainda não foram entregues!!!",在提到的物品中，我只收到了火腿架，餐巾尚未交付！
Otimo produto entregue ANTES do prazo estipulado... RECOMENDO...,在規定的截止日期之前交付了優質的產品...我推薦...
"Ótimo produto e custo beneficio, eu recomento, e sobre a lojas lannister, a melhor opçao de compras!",很棒的產品，物有所值，我推薦它，對於蘭尼斯特商店來說，這是最好的購物選擇！
Entrega sem problemas.,無問題交付。
"O produto em exposição, não é como imaginamos , entregaram na data correta, devidamente embalado, mas se eu tivesse a oportunidade de ver o radio relógio físico, não compraria. deixou a desejar infeli",展示的產品不是我們想像的那樣，它們是在正確的日期交付的，包裝得當，但如果我有機會看到實體時鐘收音機，我不會購買它。留下一些不足之處 不高興
"O tapete e lindo, é muito grande! Da um charme no quarto!",地毯很漂亮，很大！為房間增添魅力！
Adorei a qualidade e o acabamento.,我喜歡它的品質和外觀。
"Produto veio nos conformes, melhor do que eu imaginava, entrega foi antes do previsto. Muito satisfeito com targaryen.",產品按預期到達，比我想像的要好，交貨提前。對坦格利安非常滿意。
Ouve um problema e a entrega não foi realizada quero o reembolso,我聽說有問題，但交貨未完成，我想要退款
"Muito bom o atendimento ,e muito seguro e grande confiabilidade , fui um atendimento vip.",服務非常好，非常安全可靠，我享受了VIP服務。
Chegou muito antes do prazo!,它比預期來得早得多！
Comprei costei não foi pra mim mais a pessoa que comprou gostou muito e o prazer compra com vocês super recomendo o produto e ótimo bom de mais a entrega no prazo certo muito rápida obrigado pelo cari,我買了它，它不適合我，但買它的人真的很喜歡它，很高興從你那裡購買，我強烈推薦該產品，它很棒，也很好，交貨準時，非常快，謝謝你的好意。
lindo caldeirão,美麗的大鍋
"Produto entregue no prazo, nada que desabone.",產品準時交付，沒有什麼讓人失望的。
"Loja correta, sem problemas",正確的商店，沒有問題
"realizo compras a 7 anos, sempre com bom atendimento",我已經買了7年了，一直服務很好
"Adorei o produto, chegou bem antes do prazo, recomendo.",我喜歡這個產品，它提前到達了，我推薦它。
"Olá boa tarde
n veio a boneca serie 2 e sim a serie 3","你好下午好
系列2娃娃沒有來，但係列3"
"Produto top pra quem que apaixonado por fazer drinks, recomendo o produto e a loja tbm que entregou no até antes do prazo.",對於那些熱衷於製作飲料的人來說是頂級產品，我推薦該產品，並且商店也提前發貨。
sempre mantendo o compromisso com os clientes,始終保持對客戶的承諾
Ele já veio com grau é muito forte.,它已經具有非常強的等級。
"Pessoa,boa tarde. Informo que só chegou a base ,o cesto de roupa não chegou. Informo também que o frete na nota fiscal veio diferente do valor que eu tinha calculado,veio 3x maior.Solicito devolução.",人，下午好。請注意，僅到達底座，洗衣籃未到達。我還告訴您，發票上的運費與我計算的價值不同，高出了 3 倍。我要求退款。
Produto chego no prazo,產品準時到達
"Fiz a compra dos três itens, porém a cadeira até hoje não foi entregue, estou no aguardo de uma posição urgente!",我購買了三件，但是椅子還沒有發貨，我正在等待緊急位置！
Gostei muito. Muito útil na cozinha!,我真的很喜歡。在廚房裡非常有用！
Eu pedir a troca e falaram que em dois dias eu iria ter resposta para mandar o produto de volta a loja e nada de me responder. Eu não quero esse produto de plástico,我要求換貨，他們說兩天後我會回覆將產品寄回商店，但他們沒有回覆我。我不要這個塑膠製品
Amei o produto vem Sertinho e no prazo serto,我喜歡這個產品，Sertinho 準時送達
O vendedor não tinha o produto pedido cancelado,賣家沒有取消訂購的商品
"O produto chegou antes da data prevista e é exatamente o que eu tinha imaginado. Adorei as luminárias e recomendo a compra deste produto, pois são lindas e baratas.",該產品在預期日期之前到達，並且正是我所想像的。我喜歡這些燈，我建議購買這個產品，因為它們既漂亮又便宜。
"Ainda estou testando o produto, mas a princípio funcionou bem. Ponto negativo: Mais uma vez a demora em relação aos prazos, em outra compra a demora foi absurda.",我仍在測試該產品，但一開始效果很好。缺點：在最後期限方面再次延遲，在另一次購買中，延遲是荒謬的。
"O produto foi entregue no prazo, chegou sem nenhum defeito, porém o celular não carrega quando está com a capa.",產品按時交貨，到達時沒有任何缺陷，但手機蓋上蓋子後無法充電。
beleza pura,純粹的美
"Eu sou cliente das lannister, e sempre fui bem atendido, o produto sempre chega em perfeitas condições, e antes do prazo, recomendo.",我是蘭尼斯特的客戶，我一直得到良好的服務，產品總是完好無損地到達，並且在截止日期之前，我推薦它。
"Ainda não foi possível avaliar o produto mas a entrega foi super rápida, bem a tempo de ser o presente de natal, correu tudo bem!",目前還無法評估產品，但交貨速度非常快，正好趕上聖誕禮物，一切都很順利！
foi pedido um ptoduto veio outro,訂購了一個產品，另一個又來了
Recebi o patines em perfeitas condições bem antes do prazo dado pela loja.,我在商店規定的截止日期之前收到了狀況良好的溜冰鞋。
Gostei chegou rapidinho,我喜歡它，很快就到了
Nao se vende e so depois de 1mes avisa nao ter oproduto,該產品非賣品，僅在 1 個月後才報告該產品無貨
O produto chegou mais rápido do que o esperado,產品到達速度比預期快
Parabéns! a entrega foi rápida. Continua sempre assim lannister.,恭喜！交貨很快。事情總是這樣，蘭尼斯特。
"Foi entregue dentro do prazo e em perfeito estado.
Produto atendendo as expectativas.","它按時交付且狀況良好。
產品符合預期。"
PERFEITA. PRODUTO LACRADO. 1000% RECOMENDADO!....,完美的。密封產品。 1000% 推薦！ …
Ótimo produto e veio em perfeito estado.,很棒的產品，到達時狀態完美。
"gostei, foi entregue antes do prazo.",我很喜歡它，它提前交付了。
grata por tudo,感恩一切
Entregue dentro do prazo e bom preço.,準時交貨且價格優惠。
"Comprei 5 cadeiras e recebi 3. 
Estou aguardando as 2 cadeiras restantes do pedido.","我買了 5 張椅子，收到了 3 張。 
我正在等待訂單中剩餘的 2 把椅子。"
Gostei muito veio do jeito que estava no site a entrega foi efetuada com sucesso agradeço a loja americana e sua parceira.,我真的很喜歡它，它是按照網站上的方式來的，送貨成功，我感謝美國商店及其合作夥伴。
"O produto foi entregue super rápido! Porém não foi entregue dourado conforme informado, e sim prateado! Não irei devolver porque sei que a demora será um transtorno.",產品交付速度超快！然而，它並不是像所說的那樣以黃金交付，而是以白銀交付！我不會退貨，因為我知道延誤會帶來不便。
Ótimo com tinua assim que vai ter cliente por muito tempo,非常適合 Tinua，這樣您將擁有長期的客戶
Pq não entregou,為什麼不發貨
produto chegou muito antes do prazo. estipulado pela entrega.,產品比預期早到達。交貨時規定。
"O prazo para entrega era de 14 dias úteis, chegou em 2 dias! Muito bom!",交貨時間是14個工作天，2天就到了！非常好！
Excelente embalagem. Ainda vou testar o produto.,優秀的包裝。我仍然要測試該產品。
Gastei de ter comprado entregou no prazo,我花了很多時間買了它準時交付
"A qualidade do produto é discutível, mas pelo preço até que dá para encarar.",產品的品質有待商榷，但就價格而言，還是值得的。
Não foi entregue o produto. Estava previsto para 27/08,產品未交付。原定於 08/27
Sempre que compro com vocês meus itens chega em perfeito estado....,每當我從你們那裡購買時，我的物品都完好無損......
"Recebi apenas a película, porém, o vendedor mandou uma carta informando que houve um problema junto ao fornecedor e assim que for resolvido mandará a capinha, estou no aguardo...",我只收到了膠卷，但是賣家發了一封信，告知供應商有問題，一旦解決，他會寄出封面，我在等待......
"Recebi o pedido corretamente, porém o mesmo não veio acompanhado da nota fisca",我正確收到訂單，但沒有發票
Não gostei porque tive que busca no correio nem entregaram na minha residência,我不喜歡它，因為我必須去郵局尋找它，但他們沒有將它送到我家。
Isso chegou quebrado,這貨到了就壞了
Demora pra entregar.,交付需要時間。
Foto muito diferente principalmente a graninha sintética muito rala...diferente da foto,非常不同的照片，尤其是非常薄的合成顆粒...與照片不同
Cancelei esse pedido.Mas recebi o painel de TV.Amei.,我取消了這個訂單。但我收到了電視面板。我喜歡它。
Otima compra e entrega.,很棒的購買和交付。
"Só quero meu dinheiro de volta, o mais rápido possivel! obrigada",我只想盡快拿回我的錢！謝謝
"Gostei do produto e da loja ,já fiz várias compras sempre vem antes do prazo e do jeito da demonstração ,recomendo.",我喜歡這個產品和商店，我已經購買了幾次，它總是在截止日期之前到達，而且它的展示方式，我推薦它。
Fácil de realizar a compra.produto chegou correto é antes do prazo estipulado.adorei o serviço.comprarei mais vezes e recomendado a todos,購買方便。產品在規定的截止日期前正確到達。我喜歡這項服務。我會經常購買並推薦給大家
Produto atendeu minha expectativa é chegou bem rápido.,產品符合我的期望並且很快就到了。
"Produto conforme o descrito e a foto, porém entregue fora do prazo estipulado por problemas no correio",產品如描述和照片所示，但由於郵件問題而在規定的截止日期後交付
"Maior do que eu esperava! Gostei, porém não vai da para minha cozinha! Muito grande!",Maior do que eu esperava！ Gostei，porém não vai da para minha cozinha！很大！
"ADOREI, SEMPRE QUE PRECISAR FAZER OUTRA COMPRA, É AQUI QUE VOU BUSCAR EM PRIMEIRO LUGAR.",我喜歡它，每當我需要再次購買時，這就是我首先查看的地方。
"Tive problema com os correios que não foram entregar, depois inventaram que tentararam 3 vezes sem sucesso. Tanto é mentira que me mandaram uma carta dia 16/01 notificando retirar até 15/01, pode?",我遇到了郵局的問題，他們沒有送貨，然後他們發明說他們嘗試了 3 次但沒有成功。真是謊言，他們在 16/01 給我發了一封信，通知我在 15/01 之前退出，可以嗎？
Eu amei comprei dia 1.8. chegou dia 3.8,我很喜歡，1.8號買的。 3.8日抵達
Gostei entregaram meu produto antes do prazo Obrigado,我喜歡它，他們在截止日期前交付了我的產品，謝謝
gostei muito de comprar e vou continuar comprando e ou falar para os meus amigos.,我真的很喜歡購買它，我會繼續購買它和/或告訴我的朋友。
Escorredor lindo!!! A entrega foi feita antes do prazo!!!,漂亮的排水器！ ！ ！交貨提前了！
A entrega foi surpe rapida,交貨速度超級快
"Produto entregue conforme pedido, antes do prazo.",產品按訂單交付，提前。
"Solicitei informações acerca da entrega de meu produto e fui informado que o recebeu dentro do prazo avençado, contudo hoje (19/12/2017) ainda não o recebi.",我要求提供有關產品交付的信息，並被告知我在約定的期限內收到了產品，但今天（2017 年 12 月 19 日）我仍然沒有收到。
"ENTREGA ANTES DO PRAZO, RÁPIDO E PERFEITA.",提前交付，快速且完美。
Tudo ótimo. Foi entregue antes do prazo. Grata.,一切都很棒。它提前交付了。感激的。
Não recebi o produto e até agora nem mesmo uma ligação de retorno das mensagens que enviei sobre o assunto. Lamentável.,我還沒有收到產品，甚至還沒有收到我發送的有關此事的消息的回電。遺憾的是。
"Superou as expectativas, tendo em vista que o produto foi entregue antes do prazo estipulado e em excelentes condições. Parabéns a todos e obrigado pela atenção no atendimento.",考慮到產品在規定的截止日期前交付且狀況良好，超出了預期。恭喜大家，感謝大家對服務的關注。
"PRAZO DE ENTREGA OK
QUALIDADE DO PRODUTO OK

FALTOU APENAS A FICHA DO ""DEALER"" A QUAL CONSTA NA CAIXA E NÃO CHEGOU.","交貨時間確定
產品品質還行

只有盒子裡的“經銷商”卡丟失了並且沒有到達。"
Não recebi o produto até a presente data na minha residência.,到目前為止，我家還沒有收到該產品。
Parabéns a lannister pelo excelente trabalho chegou td direitinho no prazo!!!,祝賀蘭尼斯特的出色工作，一切都準時到達！
Nada a declarar,無須報關
"A cor dos prendedores e a cor da Barra São lilás escuros, a que veio foi Rosa
Não gostei.
Prefiro não opinar sobre a loja
Errar eh humano","緊固件的顏色和桿的顏色是深紫丁香，收到的是粉紅色的
我不喜歡它。
我不想對商店發表意見
人都會犯錯"
O produto não foi entregue,產品未交付
Razoável!,合理的！
"Bem pouquíssimo produto, e deixa a pele muito oleosa brilha muito por ser um preço salgado esperava mais do produto, ainda bem que comprei pra testar .",產品很少，但它使非常油性的皮膚煥發光彩，因為它的價格很高，我對產品的期望更高，我很高興買了它來測試。
"O site do stark consta meu pedido como totalmente entregue, mas recebi apenas 1 de 3 itens. Já comprei antes com a targaryen e gostei, a entrega foi super rápida. Mas não concordo com constar meu pedi",Stark 網站將我的訂單列為已完全交付，但我只收到了 3 件商品中的 1 件。我之前在坦格利安那裡買過，我很喜歡，送貨速度超級快。但我不同意我的要求
"Gostei da entrega, chegou bem antes do prazo, mas o material do estojo pensei que fosse melhor devido ao preço que saiu com frete, por isso dou 3 estrelas.",我喜歡交貨，它比計劃提前到達，但由於價格含運費，我認為箱子的材料會更好，這就是為什麼我給它 3 顆星。
Eu recomendo para outras pessoas,我推薦給其他人
O produto veio faltando a base para auto e como eu fiz o pedido por telefone justamente para confirmar se a base demonstrada pela foto acompanhava o produto e tbm constava na descrição do item.,該產品缺少汽車底座，當我透過電話下訂單時，只是為了確認照片中顯示的底座包含在產品中，並且也包含在商品描述中。
"Só uma crítica, o site saiu do ar a parte dos pedidos e não pude rastrea-lo. Site muito ruim nessa parte. E na central não tem como reclamar sem o número do pedido, ou seja, sem comunicação, só espera",只是一個批評，該網站因請求而離線，我無法跟踪它。這部分的網站非常糟糕。而且中心沒有訂單號碼是沒有辦法投訴的，就是沒有溝通，只能等
"Produto entregue antes do prazo
Sem problemas
Recomendo","產品提前交付
沒問題
我推薦"
"Tirando a cor errada o resto estava perfeito
O que não foi bom é que vou ter que devolver o produto por não ser a cor que foi solicitada, todo o transtorno de devolver e esperar retornar.","除了顏色不對，其他都很完美
不好的是我必須退貨，因為它不是要求的顏色，所有退貨和等待退貨的麻煩。"
"Estou aguardando até hoje o recebimento do produto. Parece problema com os correios, mas não é certeza.",我今天仍在等待收到產品。看起來像是郵局的問題，但我不確定。
"Recebi o produto antes até do prazo combinado, o tamanho foi correto,´porém não veio o modelo á gás.",我在約定的截止日期前收到了產品，尺寸正確，但瓦斯模型沒有來。
adorei era o que eu precisava deixa o hambiente mais elegante produto de boa qualidade,我喜歡它，這就是我所需要的，它使房間更加優雅，優質的產品
"Entrega feita no prazo e produto em perfeitas condicoes
Parabens a equipe","交貨準時且產品狀況良好
恭喜團隊"
"Muito ruim, não recomendo",非常糟糕，我不推薦它
"Não recomendo, pois o produto não estava de acordo com a descrição do site. Devido a minha falta de tempo e o excesso de burocracia para a troca, acabei não trocando e fiquei no prejuízo.",我不推薦它，因為該產品與網站上的描述不符。由於我的時間不夠，而且兌換的官僚主義太多，我最終沒有兌換，不知所措。
Paguei carreto e tive que pegar nos Correios,我付了錢，然後去郵局拿。
Recomendo entrega muito rápida,我推薦非常快速的交貨
"Gosto muito de comprar na lannister,pois além de ter preço bom a entrega é rápida.Parabens!!!",我很喜歡在蘭尼斯特購物，因為除了價格好之外，送貨也很快。恭喜！ ！ ！
Apenas a caixa do produto veio avariada.,只有產品包裝盒到達時已損壞。
A Entrega veio pwla metade,交貨量減半
"O produto foi entregue na casa errada. Minha vizinha foi quem recebeu. peço que verifiquem com a empresa que entregou, pois não é primeira vez que isso acontece",產品被送到了錯誤的房子。我的鄰居是收到它的人。我請您與交付該產品的公司核實，因為這不是第一次發生這種情況。
Ótima entrega não demorou nada!,很棒的交付並沒有花費很長時間！
"Como sempre, a lannister.com supera as expectativas!!",一如既往，lannister.com 超出了預期！
"Produto errado,cor e tamanho errado, péssima qualidade.",產品錯誤、顏色和尺寸錯誤、品質差。
"Primeira vez que comprei lente de contato pela stark e adorei, pois comprava em um ótica e demorava a entrega. Muito bom 👏👏👏",我第一次透過 Stark 購買隱形眼鏡，我很喜歡它，因為我是從眼鏡商那裡買的，而且交貨時間很長。非常好👏👏👏
"Fiz uma compra e não foi feita a entrega no dia marcado, estou aguardando uma resposta!!
Grata fabiana","我購買了產品，但沒有在預定日期送達，我正在等待回應！
謝謝法比亞娜"
Não a loja melhor de se comprar rápido e ágil nas entregar parabéns,不是最好的商店，快速購買，快速交付祝賀
"comprei a maquina com 2 bastidores extras, entretanto veio faltando o bastidor de bolso, fiz diversos contatos com a loja e email porem sem retorno. Aguardo contato e resolução do problema",我購買了帶有 2 個額外框架的機器，但是口袋框架丟失了，我多次與商店聯繫並發送電子郵件，但沒有回复。我等待聯繫並解決問題
Muito bom! produto de boa qualidade e entregue no prazo.,非常好！產品品質好，交貨準時。
"Não recebi ainda o produto, por não ter nota fiscal o produto não foi liberado",我還沒有收到產品，因為我沒有發票，產品尚未發布
Eu recomendo..Meu filho adorou !,我推薦它..我兒子喜歡它！
"Amei o produto, é muito bonito e veio bem embalado. Adorei",我喜歡這個產品，它非常漂亮，包裝也很好。我愛過
Entregue bem antes do prazo.. Super recomendo!!!,提前交付了..我強烈推薦！
Produto de boa qualidade e bom acabamento,優質的產品和良好的表面處理
Comprar na lannister é muito bom...virei fã,在蘭尼斯特買的東西非常好...我成為了粉絲
Encaminhou produto vencido e não respondeu minha reclamação,他們發送了過期的產品並且沒有回覆我的投訴
"bom dia... recebi meu segundo produto comprado nessa loja, porem o primeiro estava bem embalado e nos conformes, mas o segundo estava com o lacre abaixo da tampa aberto.",早安...我收到了從這家商店購買的第二個產品，但是第一個產品包裝完好且秩序良好，但第二個產品的蓋子下方的密封件打開了。
Produto de qualidade e bem embalado!,優質的產品和良好的包裝！
Infelizmente compensa pagar um pouco mais e comprar em loja física na sua cidade todas as lojas inclusive stark estão com péssimo prazo de entrega dos produtos!,不幸的是，值得多花一點錢在你所在城市的實體店購買，包括史塔克在內的所有商店的產品交貨時間都很糟糕！
Entrega foi feita bem antes do prazo!!! Produto maravilhoso!¡😊😉,交貨比計劃提前了很多！很棒的產品！ 😊😉
"Chegou antes prazo, tudo certo e sem defeitos",它準時到達，一切都很好，沒有缺陷。
Porque não me entregaram? Gostaria de saber o porquê.,他們為什麼不把我交出來？我想知道為什麼。
"Sempre tive bom relacionamento com a loja stark, sem queixas, porém ao adquirir este toner HP, e instalá-lo, além da impressão sair muito fraca, recebi a mensagem de se tratar de produto falso.",我一直和Stark商店關係很好，沒有任何投訴，但是，當我購買這款惠普墨粉並安裝時，除了列印效果很差之外，我還收到訊息說這是假貨。
Fiquei muito feliz com a rapidez da entrega do meu produto. Chegou exatamente como combinado. Recomendo e agradeço desde já,我對產品的交付速度非常滿意。它完全按照承諾到達。我提前推薦並感謝您
"Comprei no cartão lannister, não irei pagar, pois o produto nao chegou, nao recomendo essa loja pra nenhum cliente.",我是用蘭尼斯特卡買的，我不會付款，因為產品沒有到達，我不向任何顧客推薦這家商店。
"Até o momento, recebi apenas 1 dos cartuchos, e no pedido foi feito 2 . Estou aguardando a achegado do segundo cartucho , até o momento nada",到目前為止，我只收到了 1 個墨盒，我訂購了 2 個。我正在等待第二個墨盒到達，到目前為止什麼都沒有
"Produto em perfeita ordem , me atendeu da maneira que eu esperava!",產品完美無缺，以我預期的方式為我服務！
"Como não recebi o produto,não tenho como recomendar.
Favor entrar em contato comigo para esclarecer.","由於我沒有收到該產品，所以我無法推薦它。
請聯繫我以澄清。"
RECOMENDO A TODOS O PRODUTO DE BOA QUALIDADE E CHEGOU ANTES DO PRAZO.,我向大家推薦品質好且到貨早的產品。
"só pra receber demorou um pouco, do resto nada a reclamar.",只是花了一段時間才收到，其他沒什麼好抱怨的。
O produto ainda não foi entregue. Recebi a mensagem de que houve dificuldade na entrega,產品尚未交付。我收到一則訊息，表示配送有困難
Falta 1 produto chegar...a fatura já chegou e minha lancheira não chegou em minha residência.,還有 1 個產品尚未到達...發票已經到達，但我的午餐盒還沒有到達我家。
Produto entregue sem problemas.,產品交付沒有問題。
Não posso avaliar negativamente a loja antes de receber o produto. Mas gostaria que ele já tivesse chegado,在收到產品之前我不能對商店做出負面評價。但我希望他已經到了
"Não entregaram, não deram satisfação e já compensou no meu cartão.",他們沒有交付，他們不滿意，但它已經在我的卡上還清了。
Produto entregue bem antes do prazo e em perfeito estado. Recomendo.,產品提前交付且狀況良好。我推薦。
produto entregue na data e como esperado,產品按預期按時交付
"Superou as minhas expectativas, muito bom!",超出了我的預期，非常好！
"Ótima qualidade, muito leve e confortável! Recomendo!",品質優良，非常輕便舒適！我推薦！
Gostei do produto e chegou bem antes do prazo!,我喜歡這個產品，而且它提前到達了！
Comprei dois kits de costura recebi um e a nota fiscal dizendo que tinha dois! Como pode?,我買了兩個針線包，我收到了一個，發票上寫著我有兩個！你怎麼能？
"sobre a loja tudo ok
sobre o produto,não comprem aparelho muito ruim em relação aos seus aplicativos,nao tem no watsapp recebimento de videos e nem faz chamadas","關於商店一切都好
關於產品，不要購買應用程式非常糟糕的設備，WhatsApp 上沒有視訊接收，甚至無法撥打電話"
Produto e parceiro muito bons! Recomendo!,非常好的產品和合作夥伴！我推薦！
"Entrega excelente, ainda não instalei o produto !",交貨非常好，我還沒有安裝該產品！
Muito bom..,非常好..
a loja esta de parabens produto chegou antes do prazo tudo em ordem.,恭喜，店家提前到了，一切都井然有序。
Não recomendo esse produto. Ele é simplesmente péssimo ou veio com defeito. É muito frágil e o som é muito baixo. Não gostei.,我不推薦這個產品。這簡直太糟糕了，或者到達時有缺陷。它非常脆弱，聲音也很低。我不喜歡它。
"Recebi o produdo, infelizmente nao era o que eu esperava e os pincéis estão soltando as cerdas",我收到了產品，不幸的是它不是我所期望的，而且刷子的刷毛鬆動了
recebi bem antes,我之前就收到了
CHEGOU MEGA RAPIDO,到達速度非常快
Transportador não entregou o produto,承運商未交付產品
"Estava previsto para até 22/02 e chegou antes, super agradeço.",原定02/22的，提前到了，非常感謝。
"Sucesso na entrega!
=D","出貨成功！
=D"
Foi entregue corretamente,已正確交付
Pelo valor a mochila é boa,就價格而言，背包還是不錯的
Recebi o produto com duas semanas de antecedência.,我提前兩週收到了產品。
Fácil de montar!!!,易於組裝！ ！ ！
Otimo produto e de fácil substituição no aparelho. Demorei nem 2 min para troca,很棒的產品，並且易於在設備上更換。我花了不到2分鐘就改變了
"Primeiro: estou tentando devolver um produto mais não me dão soluções...
Segundo : me dão vale sem primeiro pegarem minha devolução e sem contar o produto que pedi não ter chegado..","第一：我正在嘗試退貨，但他們沒有給我任何解決方案...
其次：他們給了我一張優惠券，沒有先收集我的退貨，也沒有提到我訂購的產品沒有到達。"
"Comprei, o prazo de entrega já se esgotou e ainda não recebi, tentei cancelar, mas o vendedor diz estar tendo problemas com os Correios",我買了，已經過了送貨時間，但還沒收到，我試圖取消，但賣家說他郵局有問題
"Muito bom o produto, tinha minhas dúvidas mas quando chegou vi a qualidade do produto...",該產品非常好，我有疑問，但當它到達時，我看到了產品的品質...
"Eu recebi outro produto que é inferior, mas vou ficar mesmo assim, porque o valor do produto é baixo, e não vale a pena fazer a devolução, por causa do transtorno de ir no correio e aguardar resposta!",我收到了另一個劣質產品，但無論如何我都會保留它，因為該產品的價值很低，而且不值得退貨，因為去郵局等待回复很麻煩！
"O produto veio mais rápido do que esperava porém o frasco veio faltando produto pois vazou na caixa, maior cuidado ao embalar, verificar lacração do produto",產品比預期來得快，但瓶子裡缺少產品，因為它在盒子裡洩漏，包裝時要小心，檢查產品的密封性
Primeira vez que compro na lannister.com e ocorreu tudo bem. Fiquei satisfeita com a pontualidade da entrega.,第一次從lannister.com購買，一切都很順利。我對交貨的準時性感到滿意。
material inferior ao esperado,材料低於預期
Foi ótimo em tudo,一切都很棒
"O pacote até chegou, mas quando fomos abrir para conferir e usufruir do mesmo nos deparamos com outro produto totalmente diferente sem nenhuma característica do que realmente pedimos! Oque devo fazer?",包裹到達了，但是當我們打開它檢查並享用它時，我們發現了另一種完全不同的產品，與我們實際訂購的產品沒有任何特徵！我該怎麼辦？
"não respondem a e-mails, houve problema na entrega e nem deram muita satisfação nem importancia",他們不回覆電子郵件，交付有問題，並且沒有給予太多滿意或重視
"Faz mais de 30 dias que realizei uma compra e não recebi o produto.
O status do site só informa que se tem problema na entrega, quando tento ligar na central também não tenho sucesso.","自購買以來已超過 30 天，但我尚未收到產品。
網站上的狀態僅表明交付有問題，當我嘗試致電中心時也沒有成功。"
"Kit de mal qualidade,a tesoura nasça e puxa o cabelo;não gostei.
Fiz pedido de cancelamento mas ainda não me enviaram nenhum email","套件品質差，剪刀會折斷、拉扯頭髮；我不喜歡它。
我提出了取消請求，但他們還沒有給我發送電子郵件。"
"Já fiz outras compras e nunca tive problema algum para receber a mercadoria, porem nessa ultima compra nem email com a confirmação do pedido eu recebi espero que esta entrega seja breve.",我購買過其他商品，收到商品時從未遇到任何問題，但在最後一次購買中，我什至沒有收到確認訂單的電子郵件，我希望這次交貨很快。
"liguei para reclamar, foi aberto um protocolo, a lannister ficou de me ligar para dar uma posição e ate o presente momento não recebi nem a explicação e nem o produto
grata pela atenção","我打電話投訴，協議被打開，蘭尼斯特一直打電話給我給我一個職位，到目前為止我還沒有收到解釋或產品
感謝您的關注"
Esta é a primeira vez que não recebo o produto,這是我第一次沒有收到產品
Parabéns...,恭喜...
"Gostei muito do atendimento, levando em conta a pontualidade. 
O único problema é que as pilhas não eram compatíveis. 
Eu recomendo o produto.","考慮到準時性，我真的很喜歡這項服務。 
唯一的問題是電池不相容。 
我推薦該產品。"
"é linda mas solicitei devolução! ela é bem grande 
vai ficar desproporcional no meu movel","很漂亮，但我要求退貨！她很大
它在我的家具上看起來會不成比例"
"Chegou antes do prazo estipulado, muito bom. Produto de boa qualidade, encaixe perfeito no smartphone",在規定的截止日期前到達了，非常好。優質產品，完美適合您的智慧型手機
Ótimo trabalho parabéns para equipe...,出色的工作祝賀團隊...
"Bom o produto, gostei",很好的產品，我喜歡
"O produto veio correto, perfeito e dentro do prazo.",產品正確、完美、準時到達。
Deixa o cabelo brilhoso. O creme de pentear e uma maravilha,讓頭髮有光澤。護髮霜很棒
"O material não é tão bom
Os detalhes são grosseiros 
A pulseira não permite regulagem adequada","材質沒那麼好
細節很粗糙
手鐲不允許進行足夠的調節"
"EXCELENTE PRODUTO, PERFEITO",優秀的產品，完美
"Comprei um Troninho Musical, p/ a minha surpresa veio quebrado. Estou aguardando o retorno da loja para efetuar a troca. Infelizmente, existe muita dificuldade para entrar em contato com as lojas.",我買了一個音樂王座，令我驚訝的是它到貨時就壞了。我正在等待商店返回進行兌換。不幸的是，聯繫商店非常困難。
"No site consta entregue mas não recebi o cartucho colorido, somente os dois pretos conforme pedido.",網站上說已交付，但我沒有收到彩色墨盒，只收到訂購的兩個黑色墨盒。
"A mercadoria foi entregue muito antes do prazo.
Parabéns","貨物提前交付。
恭喜你"
Prazo cumprido e produto recebido sem problemas.,截止日期已到，產品收到時沒有問題。
"Não recebi meus produtos até hoje dia 11/03 . Os Correios não estão entregando as cartas,contas e as encomendas . A empresa deve usar empresas particulares. Paguei taxa de entrega e não recebi",直到今天，3 月 11 日，我才收到我的產品。郵局不遞送信件、帳單和訂單。公司必須使用私人公司。我支付了運費但沒有收到
O produto chegou antes do esperado e em perfeito estado! Recomendo muito.,產品比預期更早到達，狀況完美！我強烈推薦它。
"Não recebi nada, não entraram em contato. Ninguém liga pra informar o que aconteceu.",我沒有收到任何東西，他們也沒有聯絡我。沒有人願意告訴你發生了什麼事。
Recomendo lugar seguro para compras,我推薦一個安全的購物場所
O produto era pra ser entregue dia 24 e hoje é 26 e nenhum parecer... péssimo,該產品本來應該在 24 號交付，今天是 26 號，但看起來都沒有......糟糕
"Produto conforme o anunciado, tudo certo. Chegou antes do previsto.",產品如廣告所示，一切正常。它比預期更早到達。
"Eu recebi o seguinte email e preciso saber como recuperar o dinheiro ou comprar outro produto
Bom diaa!! Eu realizei no dia 04 de janeiro de 2018 uma compra na Loja lannister e a previsão de entrega","我收到以下电子邮件，我需要知道如何退款或购买其他产品
早安！ ！我于 2018 年 1 月 4 日在兰尼斯特商店购买了商品，预计送货"
"Otimo, gostei.",太好了，我喜歡它。
Tudo certo com o produto,產品一切正常
Produto ótimo e entregue dentro do prazo previsto,優質的產品並在預期的時間內交付
"RECEBI APENAS UM DOS PRODUTOS,RELÓGIO DE PEROLA.MAS O OUTRO RELÓGIO DE LED,NEM SINAL DELE.NO ENTANTO,FOI DADO COMO ENTREGUE.COMO PODE?A EMBALAGEM SÓ VEIO O RELÓGIO DE PÉROLA E JÁ USEI.(?)",我只收到了其中一種產品，珍珠表。但另一支 LED 手錶卻沒有任何跡象。然而，據報道已交付。怎麼可能呢？包裹裡只有珍珠手錶，我已經用過它了。 （？）
"Disponibilizam o produto no site do stark, porém o mesmo estava indisponível na loja. Concluí a compra, que por sinal foi aprovada e depois me informaram que não seria possível me enviar o produto",他們在斯塔克網站上提供了該產品，但在商店中卻買不到。我完成了購買並獲得批准，然後他們通知我無法將產品發送給我。
"Produto de primeira linha, super bem embalado, vendedor comunicativo.",一流的產品，包裝精美，善於溝通的賣家。
"Entrega dentro do prazo,porém o produto veio diferente da foto,um tecido muito leve e fino!",交貨準時，但產品與照片不同，布料非常輕薄！
Vcs estão de. Parabéns,你來自.恭喜你
"Chegou hoje 
sem comentários","今天到達
沒有評論"
"Gostei do Produto, veio exatamente como na imagem, bem grande e pelo preço esta muito bom.
recomendaria só a troca do rolamento por um melhor quando comprarem","我喜歡這個產品，它與圖片中的一模一樣，非常大，而且價格非常優惠。
我只是建議您在購買時更換軸承，換一個更好的。"
Estou satisfeito com produto,我對產品很滿意
Produto chegou antes do prazo informado.,產品在規定的截止日期前到達。
Super recomendo...foi entregue antes do dia previsto...,我強烈推薦它...它在預定日期之前交付...
"Bom, barato e rápido!",好、便宜、快！
Produto entregue nos conformes,產品交付按照
Produto ótima qualidade entrega muito rápida recomendo o produto a loja tá de parabéns,產品品質很好，交貨非常快，我推薦該產品，祝賀商店
Correu tudo bem como das outras vezes.,一切都和其他時候一樣順利。
comprei dois produtos e só recebi um sem nota fiscal,我購買了兩種產品，但只收到了一種沒有發票的產品
Produto entregue no prazo. Estou muito satisfeito,產品準時交貨。我很滿意
"Excelente produto, capa de proteção com ótimo acabamento, com detalhes na parte traseira que fazem toda diferença, material flexível que dá muita sensação de segurança, com entrega antes do prazo.",優秀的產品，精美的保護套，背面的細節使一切與眾不同，靈活的材料給人一種很好的安全感，提前交貨。
Loja entrou em contato para confirmar a tenção da minha casa. Gostei muito do atendimento e do envio que foi bem rápido!,商店聯絡我確認了我家的空房狀況。我真的很喜歡這項服務和運輸，速度非常快！
"seguro e firme ótimo material, boa pegada",安全牢固，材質優良，抓地力好
nao recebi mercadoria,我沒有收到商品
A rede é bonita como na foto.,吊床和照片一樣漂亮。
PODERIA TER CHEGADO ANTES !!!,本來可以早點到達的！
Estou aguardando espero que chegue logo,我在等待，希望快點到來
Esse produto veio com defeito,該產品到達時有缺陷
"Pela demora não recomendo a loja,pois já faz um que comprei e não me enviaram ainda e nem uma satisfação me deram.",由於延誤，我不推薦這家商店，因為我已經買了一件，他們還沒有寄給我，他們甚至沒有給我任何滿意的答案。
"Excelente produto todos os detalhes do personagem, muito lindo mesmo excelente vendedor entregou tudo certinho",優秀的產品，人物的所有細節，非常漂亮，優秀的賣家，交付的一切都正確
Responsaveis,負責任的
"Recebi o pedido pela metade !!! 
Já comuniquei lannister sobre ocorrido e aguardo solução do caso !!!","我收到一半的訂單了！ 
我已經向蘭尼斯特通報了所發生的事情，我正在等待案件的解決！"
demorou no correio para entregar,花了一段時間才郵寄過來
Loja Excelente,優秀店
"Boa tarde
O produto que comprei não chegou! Chegou somente a nota fiscal pelo correio. Absurdo!!!
Minha sobrinha recebeu dos correios um envelope endereçado a mim, quando abri só tinha a nota fiscal","午安
我購買的產品沒有到達！只有發票透過郵件到達。荒誕！ ！ ！
我的侄女收到了一個郵局寫給我的信封，當我打開它時，只有發票。"
Gostei muito de comprar na loja,我真的很喜歡在商店購物
"produto chego antes do prazo de entrega, mas notei que a caixa estava bem danificada, não vou poder reotilizar a caixa para guarda o produto isso é uma pena porque a embalagem é bem bonita",產品在交貨日期之前到達，但我注意到盒子嚴重損壞，我將無法重複使用盒子來存放產品，這很遺憾，因為包裝非常漂亮
"gente eu fiz o pedido de 3 bebedouro e so foi entregue um, tem outras entregue?",各位，我訂了3台飲水機，只有一台出貨了，其他的有出貨嗎？
Produto está atrasado,產品延遲
Produto entregue dentro do prazo esperado. Dentro da normalidade. Produto correto. Obrigado pela atenção!,產品在預期的時間內交付。正常範圍內。正確的產品。感謝您的關注！
"Otimo produto, entrega perfeira",優質的產品，完美的交付
Eram duas cadeiras chegou apenas uma,有兩把椅子，只有一張到了
"as duas embalagens vieram muito amassadas, quase devolvi o pedido. Não compro mais desta loja.",兩個包裹到達時都非常皺巴巴的，我差點就退貨了。我不會再從這家商店買東西了。
O produto eh bom..e atendeu minhas expectativas de forma parcial devido a grama sintética ser d má qualidade..,該產品很好..並且由於合成草質量差而部分滿足了我的期望..
Parece que foi vendido um produto indisponivel na loja,商店中似乎缺貨的產品已售出。
TUDO CERTO ENTREGUE NO PRAZO,一切都準時交付
"LUMINÁRIAS LINDAS, CHEGARM ANTES DO PRAZO! ESTÃO DE PARABÉNS!",漂亮的燈，早到了！恭喜你！
Produto entregue antes da data prevista.,產品在預定日期之前交付。
"Só foi entregue apenas um produto, a nota fiscal veio constando apenas um produto, mas a compra foi de dois produtos.",僅交付了一種產品，發票僅包含一種產品，但購買的是兩種產品。
"Produto chegou em duas entregas, ambas dentro do prazo.",產品分兩次交付，均準時抵達。
"Fiquei esperando o produto chegar e nada, mostrava que tava transportando mas nunca saía do mesmo lugar, tive que cancelar a entrega, to esperando pra vê se eu vou ser ressarcido do valor!",等產品到貨了，什麼也沒有，顯示正在運輸中，但一直沒有離開同一個地方，我只好取消發貨，我在等著看能不能報銷金額！
NOTA FISCAL E MERCADORIA NÃO CORRESPONDE AO PRODUTO DO PEDIDO,發票和貨物​​與訂單產品不對應
Adorei o produto e ao processo de compra foi perfeito.,我喜歡這個產品，購買過程也很完美。
Exatamente o q esperava,正是我所期望的
Recebi produto errado,我收到了錯誤的產品
"O produto chegou antes do prazo, chegou em perfeito estado parabens lannister continuem assim",產品提前到達，完好無損，恭喜蘭尼斯特，繼續努力
Os adesivos vieram cortados de forma errada.,貼紙剪得不正確。
"gostei do atendimento, tempo da entrega e qualidade do produto",我喜歡這裡的服務、交貨時間和產品品質
"Comprei a mochila em janeiro, acompanhei status de transporte até 31/01/2018, com previsão de entrega para 14/02/2018 e simplesmente ontem no site o status era de cancelamento do pedido.",我在一月份購買了背包，一直追蹤發貨狀態直到 2018 年 1 月 31 日，預計發貨時間為 2018 年 2 月 14 日，就在昨天，網站上的狀態是取消訂單。
"Eu não recebi os dois produtos falta 
Kit tapetes para cozinha 3 peças pintado à mão - Cru
1 unidade - R$ 35,00 cada","我沒有收到兩件遺失的產品
手繪廚房地毯三件套裝 - 米色
1 件 - 每件 35.00 雷亞爾"
Ótimo produto. Entrega antes do prazo. Super recomendo.,很棒的產品。提前交貨。我強烈推薦它。
Tudo foi entregue nos conformes.,一切都按照規定交付。
produto entregue antes do prazo e de otima qualidade,產品提前交付且品質優良
O produto é exatamente igual a foto q ue eu vi no site,該產品與我在網站上看到的照片一模一樣
"O produto foi entregue em perfeito estado. Houve um pequeno atraso na entrega, mas creio devido ao fim de ano. As coleirinhas são lindas e resistentes. Recomendo.",產品完好無損地交付。交貨略有延遲，但我相信這是由於年底造成的。衣領既美觀又耐用。我推薦。
A loja é ótima. O produto chegou até antes do previsto e bem acondicionado.,這家商店很棒。該產品比預期更早到達，並且包裝完好。
"Comprei 6 cartuchos, recebi apenas 4 unidades após o prazo de entrega, e ate hoje estou tentando entrar em contato para uma solução, mas sem sucesso.",我買了 6 個墨盒，但交貨後只收到了 4 個，直到今天我試圖聯繫解決方案，但沒有結果。
O produto foi entregue antes do prazo . Obrigada por acatar nosso apelo. Nota 10.,產品提前交付。感謝您接受我們的上訴。註10。
"Caixa maravilhosa, super fácil de montar, chegou antes do prazo.",很棒的盒子，超級容易組裝，提前到達。
Poderia ser sedex ao invés de PAC.,它可能是 Sedex 而不是 PAC。
Entregaram produto differente. Quero recever de volta o dinheiro ou o produto conforme meu pedido.,他們提供了不同的產品。我想根據我的要求收回款項或產品。
Tudo certp,一切都好
Do jeito que eu imaginava.... lindas toalhas,正如我想像的那樣......漂亮的毛巾
Preciso trocar meu produto. Eu quero latas de mantimentos e não latas de condimentos.,我需要更換我的產品。我想要罐裝食品雜貨，而不是罐裝調味品。
Peça muito bem feita. Robusta e bonita.,製作精良的作品。堅固又美觀。
"Produto de qualidade,recomendo...",優質產品，我推薦...
Preciso de informaçãoes sobre o pedido que não chegou ainda,我需要有關尚未到達的訂單的信息
Só achei elas bem fraquinhas mesmo com o preço baixo achei que se tratava de uma promoção e não de toalhas pequenas e frágeis,我只是覺得它們真的很弱，即使價格低廉，我認為這是促銷而不是小而易碎的毛巾。
"Boa noite
O único problema foi que a nota fiscal não mostra o pagamento do frete, que deveria.
Grato.
Gilson","晚安
唯一的問題是發票上沒有顯示本應支付的運費。
感激的。
吉爾森"
"A capinha ficou certinha, mas a película é menor que o celular.",外殼很完美，但薄膜比手機小。
Produto chegou correto e no prazo.,產品正確、準時到達。
"Entrega dentro do prazo porem em um determinado lugar eles nem sabiam aonde o produto estava, com isso não passa confiabilidade para o cliente.",按時交貨，但在某個地方他們甚至不知道產品在哪裡，這意味著它無法向客戶傳達可靠性。
O produto chegou antes mesmo da data prevista!!!! Fiquei muito satisfeita com a compra!,產品甚至在預期日期之前就到達了！ ！ ！我對購買感到非常滿意！
"Ainda não recebi o produto. Fiz a compra do produto a 30 dias, e estou muito insatisfeito. Até Agora meu problema não foi resolvido",我還沒有收到產品。我30天前購買了該產品，我非常不滿意。到目前為止我的問題還沒有解決
PRODUTO ENTREGUE ANTES DO PRAZO. RECOMENDO.,產品提前交付。我推薦。
"Muito satisfeita com o produto, porém a entrega demorou um pouco.",對產品非常滿意，但交貨需要一段時間。
"Gostei muito do produto, recomendo .",我真的很喜歡這個產品，我推薦它。
"Esperava uma qualidade melhor, porém é um bom produto.",我期望更好的質量，但這是一個好產品。
"Eu queria lençol branco, mas não existia, então comprei azul. Depois de realizada a compra, disseram que nem o azul existia mais então me sobrou o bege.",我想要白色的床單，但沒有，所以我買了藍色的。買了之後，他們說藍色的已經不存在了，所以我只剩下米色的了。
"Recebi o produto no dia 16/03/2018.
Ocorre que, ao abrir a caixa esperando encontrar duas capas de notebook, conforme a compra que realizei, eu só encontrei uma e ainda um produto de péssima qualidad","我於 2018 年 3 月 16 日收到產品。
原來，當我打開盒子本來想找到兩個筆記本套時，按照我購買的結果，我只找到了一個，而且還是劣質產品。"
Muito bem chegou no prazo e funcionou muito bem recomendo,很好，準時到達，效果很好，推薦
"como uma empresa que se preste a fornecer uma mercadoria de marca internacional, de alto valor agregado e não se dão ao mínimo do trabalho de verificar se o mesmo esta funcionando. respondam a pergunt",作為一家提供高附加價值國際品牌商品的公司，並不費心檢查其是否有效。回答問題
Mercadoria recebida em perfeita ordem e antes do prazo previsto.,貨物在預期截止日期前收到，秩序良好。
Comprei uma pelícola do Moto Z2 Play e veio do Asus ZenFone 4 Selfie. Os tamanhos de tela são diferentes. Sacanagem.,我買了 Moto Z2 Play 皮膚，它來自華碩 ZenFone 4 Selfie。螢幕尺寸不同。放蕩。
O produto é excelente e dessa vez a lannister.com não falhou na entrega.,產品非常出色，lannister.com 這次也沒有失敗。
"o produto veio 100%, testei em 3 dispositivos diferentes e supriu minhas espectativas",產品 100% 合格，我在 3 種不同的設備上進行了測試，並達到了我的期望
"Produto 100 % falsificado , nojento e vergonhoso",100% 假貨、令人厭惡和可恥的產品
"Excelente produto....amei .
Entregue antes da data prevista.","優秀的產品......我喜歡它。
在預定日期之前交付。"
Entregaram antes do prazo. Estou satisfeita com a loja.,他們提前交付了。我對商店很滿意。
"Ajudem a rastrear uma das 3 prateleiras que faltou, só chegaram 2 delas...",幫助找到 3 個丟失的貨架之一，其中只有 2 個到達了...
A loja postou o produto de e mediato o correio demorou um pouco,商店發布了產品，郵件需要一段時間
"Até agora só recebi uma nota fiscal de uma Central para jeep renegade ,mais ate esse momento nada de central nem de jeep nem de elantra",到目前為止，我只收到了吉普叛逆者中心的發票，但到目前為止，沒有收到任何吉普車或伊蘭特中心的發票。
"Como eu disse, o produto não foi entregue no prazo! Foi entregue um mês antes pra minha surpresa e conforto pois minha bb nascerá daqui 15 dias! Comprarei sempre, Obrigada e parabéns!",正如我所說，產品沒有按時交付！提前一個月交付讓我感到驚訝和安慰，因為我的寶寶將在 15 天後出生！我會永遠購買，謝謝你，恭喜你！
Meu produto chegou quebrado não sei como proceder pois acredito que tenha sido quebrado durante o transporte dos correios,我的產品到達時已損壞，我不知道該怎麼辦，因為我相信它在運輸過程中已損壞。
"Recebi no sábado e no mesmo dia utilizei na subida noturna da Pedra da Macela, em Cunha-SP. Ilumina bem, tem foco ajustável, não é muito pesada e tem bom acabamento quando comparada com outras.",我在周六收到了它，同一天我在庫尼亞-SP 的佩德拉達馬塞拉 (Pedra da Macela) 夜間攀登中使用了它。與其他產品相比，它的照明效果很好，具有可調節的焦距，不是很重，並且具有良好的表面效果。
Entendo que o produto nao chegou por motivo de greve doa correios.,據我了解，由於郵政罷工，該產品未到達。
e uma loja muito boa,和一個很好的商店
"Não gostei, achei feia, porém cumpre o q promete, cobre até 80% da luz.
A entrega foi dentro do prazo.","我不喜歡它，我覺得它很醜，但它確實做到了它所承諾的，它覆蓋了高達 80% 的光線。
交貨準時。"
Estou satisfeita com o produto.,我對產品很滿意。
"Comprei no site do baratheon e, no mesmo dia, a nota foi emitida e o relógio foi enviado. Recebi uns 3 dias depois, se muito tempo.",我是在拜拉席恩網站買的，當天就開單了，手錶也寄了。大約三天後我就收到了，如果這是一個很長的時間的話。
Fui aos correios e fui informado que o produto estava ainda em outra cidade estou esperando pela entrega que já passou do prazo e estou precisando com urgência da ecomenda compras a e paga,我去了郵局，被告知該產品仍在另一個城市。我正在等待發貨，已經過了截止日期，我急需電子訂單，已購買並已付款
"Produto entregue muito antes do prazo previsto, em perfeito estado, exatamente o que eu escolhi.",產品提前交付，狀況完美，正是我所選擇的。
"O tecido não era oq eu esperava, parece uma borracha, igual aos plásticos q forravamos as mesas em tempo do colégio. Abri apenas uma e a outra nem abri, por favor me façam a troca deste priduto",布料不是我想像的那樣，它看起來像橡膠，就像我們在學校用來覆蓋桌子的塑膠一樣。我只打開了一個，另一個沒打開，請幫我換這個產品
insatisfeito,不滿
Entrega muito rápida recebir antes da data de entrega amei meu produto chegou em perfeito estado parabéns !,在交貨日期之前收到的交貨非常快，我喜歡它，我的產品完好無損，恭喜！
Dentro do esperado.,正如預期的那樣。
Tive um pós venda excelente através do Sr Renato,雷納托先生為我提供了出色的售後服務
"Achei que era inox, mas é cromado e não é dos melhores, mas pelo preço serve🤔",我以為是不銹鋼的，結果是鍍鉻的，不是最好的，但就價格來說還可以🤔
Compra ágil e entrega rápida. Negociação segura. Recomendo!,敏捷採購，快速交付。安全交易。我推薦！
"A capa é ótima, mas a película não cobre toda a tela.",封面很棒，但電影並沒有覆蓋整個螢幕。
"aparelho util, bom, pratico, poderia ser mais robusto e mais silencioso, na faixa de preço sem concorencia",有用的設備，好，實用，可以更堅固，更安靜，在價格範圍內沒有競爭
"Recebi a mochila antes mesmo do prazo estabelecido. Produto excelente, segue exatamente o que está no anúncio.",我什至在規定的截止日期之前就收到了背包。優秀的產品，正是廣告中的內容。
Encomenda errada,訂單錯誤
Loja Nota 10,筆記10商店
"Entregue muito rápido
Parabéns","交貨速度非常快
恭喜你"
"Comprei 2 capas de travesseiro e um de colchão, mas chegou apenas 1 capa de travesseiro",我買了 2 個枕頭套和一個床墊套，但只到了 1 個枕頭套
Tudo certo. Ótimo produto entregue dentro do prazo.,一切都很好。很棒的產品準時交貨。
"Não recebi o produto, porem no site consta como entregue.",我沒有收到產品，但在網站上顯示已交付。
"Não me entregaram até hoje, alegando que a mercadoria foi roubada.",他們直到今天才交給我，聲稱商品被偷了。
O fornecedor eu recomendo mas a stark NÃO,我推薦供應商，但史塔克不推薦
"Boa qualidade, bom acabamento",品質好，成品好
Cortina fica muito bonita e escurece bastante o ambiente..,窗簾看起來很漂亮，而且使房間變暗很多。
"Produto de boa qualidade e acabamento para o preço que está sendo vendido. Apesar de não ser grande, cabe um notebook de até 17 polegadas confortavelmente. Tem zipers grandes com trilhos robustos.",產品品質優良，表面處理符合所售價格。儘管體積不大，但可以輕鬆容納 17 吋的筆記型電腦。它有大拉鍊和堅固的導軌。
"O produto não foi entregue até hoje, e não obtive nenhuma resposta da loja mesmo depois de enviar vários e-mail.",直到今天產品還沒出貨，發了幾封郵件也沒有收到店家的任何回覆。
Gostei muito de fazer negócio com esta loja.,我真的很喜歡與這家商店做生意。
"super legal o tapete, poderia ser um pouco mais grossinho, mas está ótimo",地毯超酷，可能有點厚，但很棒
"Eu passei MT raiva com esse ""relógio"" e o aplicativo que as vzs funcionava e as vzs n",我對這個“手錶”和有時有效有時無效的應用程式感到非常生氣
"Não veio o produto que eu queria, veio foi outro produto estou chateado com a loja gosto muito da loja lannister mas dessa vez me chateou",我想要的產品沒有來，這是另一種產品，我對商店感到不安，我真的很喜歡蘭尼斯特商店，但這次它讓我感到不安
"Produto bom , e com o preço maravilhoso",好的產品，而且價格優惠
Chegou tudo certo,一切順利到達
O produto não é entregue no prazo.,產品未準時交付。
"Ótimo produto , recomendo",很棒的產品，我推薦
Ainda não recomendaria pq não recebi o produto,我仍然不會推薦它，因為我還沒有收到產品
Produto lindo e de ótima qualidade!,美麗且優質的產品！
"Site dos correios informa que foi entregue, porém o produto não foi entregue.",郵政網站顯示已送達，但產品並未送達。
Produto nao chegou ainda tentei contato para saber como resolver o problema,產品尚未到達我已嘗試與您聯繫以了解如何解決問題
produto bom pelo preço.,物有所值的好產品。
pago na terça e entregue na quinta.,週二付款，週四交付。
"Ótimo
Excelente produto
Chegou no prazo","太棒了
優秀的產品
準時到達"
Recebi os produtos de acordo com pedido e no tempo correto,我按時收到了訂購的產品
ótimo e muito bem embalado,很棒而且包裝得很好
houve erro na entrega do produto. Espero que tudo se regulariza para poder mudar minha avaliação atual,產品交付過程中出現錯誤。我希望一切都能安定下來，這樣我就可以改變我目前的評論。
O site não informou que os cartuchos da impressora HP que comprei eram remanufaturados. Pensei que estava comprando o produto novo original.,網站上並沒有告知我購買的惠普印表機墨盒是再製造的。我以為我買的是原廠新產品。
recebi só no correio,我剛剛收到郵件
Não respeitou o prazo da entrega,不遵守交貨期限
"as toalhas que comprei eram de cores escuras as duas , no entanto veio cor clara .o que eu não queria .",我買的毛巾都是深色的，但收到的是淺色的，這是我不想要的。
"Recebi só 1 de 2 pedidos com o mesmo rastreamento,estou no aguardado para solucionar esse problema.",我只收到了 2 個具有相同追蹤的訂單中的 1 個，我正在等待解決這個問題。
Só não gostei porque tive que ir buscar nos correios sendo que paguei 40r reais de frete,我只是不喜歡它，因為我必須去郵局取它，我支付了 40 雷亞爾的運費。
"O cor e estampa não é igual que a foto,mas ...gostei..",顏色和印刷與照片不一樣，但是...我喜歡它..
"Gostaria de uma posição, já que o prazo de entrega já expirou e meu produto não chegou.",我想要一個職位，因為交貨期限已過，而我的產品尚未到達。
Excelente produto por preço maravilhoso.,優質的產品，優惠的價格。
"Gostei muito 
Só achei muito baixo","我真的很喜歡它
我只是覺得太低了"
Só imaginei que fosse maior a boneca. Mais é legal,我只是想像娃娃會更大。但這很酷
Recebi o produto antes do prazo previsto porém preciso fazer a devolução porque não foi de acordo como eu esperava.,我在預期日期之前收到了產品，但我需要退貨，因為它不符合預期。
Cumpriu com os requisitos e em um prazo menor que o previsto,滿足要求並在比預期更短的時間內完成
Meu produto veio errado a voltage que eu pedi foi 127v e mandaram 220 que nap serve de nada para mim ja solicitei a troca pelo site da lannister mas nap time nenhuma resposta. Me sinto lezado.,我的產品到達錯誤，我訂購的電壓是127v，他們發送了220，這對我來說沒有用，我已經在蘭尼斯特網站上請求換貨，但沒有回复。我感覺被騙了。
"Recebi o produtos no antes do prazo , a comuniçao foi muito boa , consegui aconpanhar meus produtos sem nenhuma dificuldade , sempre comprei no site lannister e pretendo continuar comprando .",我提前收到了產品，溝通非常好，我能夠毫無困難地拿到我的產品，我一直從蘭尼斯特網站購買，並且打算繼續購買。
So não gostei o que ouve com o preço comprei em um dia no outro dia estava 20:00 reais mais barato sem falar que o produto veio com outro nome.me dei mal,我只是不喜歡我聽到的價格，第二天我買了它，價格便宜了 20:00 雷亞爾，更不用說該產品有不同的名稱。
"Atraso na entrega, ainda não recebi e não sou informado o por que do atraso..
Se não receber logo vou cancelar o pedido","交貨延遲，我還沒有收到，也沒有被告知為什麼延遲。
如果我很快沒有收到，我將取消訂單"
Consta entregue mas não recebi! Já chegaram outros que comprei pelo stark também e esse não.,上面寫著已送達，但我還沒收到！我透過史塔克購買的其他東西也到了，但這個沒有。
"Fiz essa compra e recebi meu pedido em dois dias separados, até fiz uma reclamação achando que estava faltando o produto. Acho q deveria ter sido avisado para não criar uma nova situação.",我購買了這次產品並在兩天內收到了訂單，我甚至提出了投訴，認為產品丟失了。我想我應該被警告不要創造新的情況。
Recebi o produto bem antes do prazo final.,我在截止日期前收到了產品。
as especificacao do produto diz cer couro e o que recebi é material alternativo,產品規格上寫著皮革，而我收到的是替代材料
Superou minhas expectativas!!!,超出了我的預期！ ！ ！
Faltou porca e rever manual,缺少螺帽和檢查手冊
chegou ok,到達正常
Rapida entrega otimo produto,快速交貨優質產品
"Uma eternidade apenas para separar o produto para a entrega , aí o prazo estimado de entrega se foi faz dias.",光是把產品分開交付就花了很長時間，預計交貨時間還有幾天。
"O prazo de entrega é enorme. Não voltarei a comprar, pois recebi 17 dias depois do pedido ter sido recebido (vocês terem reconhecido o pagamento).",交貨時間很長。我不會再購買了，因為我是在收到訂單 17 天後才收到的（您已確認付款）。
Produto entregue foi totalmente diferente do pedido,交付的產品與訂購的完全不同
"A composição desse produto comprado, não não é a fórmula original...
Quando fiz o pedido achei que era a fórmula original..
Depois que recebi vi que não era..por isso eu quero devolvê-lo e o estorno","這個購買的產品成分不是原來的配方...
當我下訂單時，我以為這是原始配方。
收到後發現不是…所以想退貨退款"
Produto de ótima qualidade!!!!,優質的產品！ ！ ！
Perfeito...adorei,完美...我喜歡它
"Chegou em perfeitas condições e dentro do prazo estabelecido, produto simplismente maravilhoso.",它在規定的期限內完好無損地到達，簡直是美妙的產品。
Recebi o produto antes do prazo final. Recomeço site,我在截止日期前收到了產品。新的開始網站
Gostei mto,我真的很喜歡它
Estou no agurdo do meu produto,我需要我的產品
Foi entregue bem antes do prazo muito bom isso .,比計劃提前交付了，這非常好。
Dentro do prazo e bem embalado.,準時且包裝完好。
Difícil de resolver um problema na entrega. Comprei 3 itens e foi entregue somente 1 e não tenho com quem falar. Só posso passar email e aguardar resposta.,配送問題很難解決。我買了 3 件商品，但只交付了 1 件，而且沒有人可以跟我說話。我只能發郵件然後等待回覆。
Comprei o controle para ar condicionado da komeco e recebi da Midea.,我從Komeco買了空調控制器，從Midea收到。
"Envio e confirmação de pagamento forma bem rápidas, por sorte o correio brasileiro tbm foi rápido, então recebi antes do prazo.
Produto certinho, original e espero de dure bastante! Rs","運輸和付款確認都很快，幸運的是巴西郵件也很快，所以我在截止日期前收到了。
完美的原創產品，我希望它能持續很久！哈哈"
lindo o modelo,美麗的模特兒
"RECOMENDO , PORÉM FIZ O PEDIDO DE TRES LUMINARIAS E ATE HOJE CHEGARAM SOMENTE 2",我推薦它，但是，我訂購了三盞燈，今天只到了兩盞
"Infelizmente o baratheon teria que ter melhores parceiros, recebi o saca rolha arranhado porque veio pessimamente embalado. Não valeu a pena.",不幸的是，拜拉席恩必須有更好的合作夥伴，我收到的開瓶器被刮傷了，因為它的包裝很差。這是不值得的。
O produto não foi entregado no prazo determinado.,產品未在規定時間內交付。
"É a primeira vez que fiz a compra, e ainda não chegou.. Só quero indicar a partir do momento que tiver o produto em mãos.",這是我第一次購買，還沒到貨。我只是想從你拿到產品的那一刻起就表明這一點。
Muito antes do esperado,比預期早得多
"Produto chegou dentro do prazo.
Produto bom, bem embalado.
Porém, o prazo de entrega do produto era até dia 07/02, ou seja, do dia 10/01, até 07/02, mas chegou dia 30/01.
Um transportadora agilizar","產品準時到達。
好的產品，包裝得很好。
然而，該產品的交貨期限是直到02/07，即從01/10，一直到02/07，但到了01/30。
有快遞加急"
"Excelente alcance.
Só acho que o foco poderia abrir mais.

Entregaram uma semana antes do prazo, muito bom!","範圍極廣。
我只是認為焦點可以更開放。

他們提前一周交貨，非常好！"
"O PRODUTO CHEGOU NA METADE DO PRAZO RECOMENDADO, ESTOU SATISFEITA",產品在推薦時間的一半內到達，我很滿意
Produto muito bom chegou antés do prazo,非常好的產品提早到達
Tudo o!,一切！
faltou produto,產品缺失
Demora do meus produtos já paguei parcela e nada de chegar,我的產品需要很長時間，我已經分期付款了，但還沒到。
"Muito fraquinha essas toalhas...não gostei
nao recomendo....","這些毛巾很脆弱......我不喜歡它們
我不推薦它......"
"Muito lindas, boa qualidade e ótimo preço !!",非常漂亮，品質好，價格優惠！ ！
não recebi...paguei o frete p chegar em casa e nao pra eu ir no correio retirar ...,我沒有收到...我付了運費才能把它帶回家，而不是讓我去郵局拿...
Ótimo produto e entregue antes do previsto.,很棒的產品並提前交付。
"Não posso dar opinião sobre produto pois não recebi, sobre a loja eu não recomendo, pois atrasa as entregas.",我無法對產品發表意見，因為我沒有收到它，我不推薦商店，因為它會延遲交貨。
"Gostei muito,acabamento bom,cor bonita so o tamanho que é maior que eu pensava",我真的很喜歡它，做工很好，顏色漂亮，但尺寸比我想像的要大
"Comprei uma elevação de acento com forro no assento e nos ""braços"". Vocês entregaram sem o forro.",我買了一個座椅立板，座椅和“扶手”上有襯墊。你交付時沒有襯裡。
Produto entregue no prazo em perfeitas condições.,產品按時交付且狀況良好。
"O produto chegou a ser entregue, porém foi recusado, poisja havia cancelado por ter comprado o tamanho errado!",產品已交付，但被拒絕，因為由於購買了錯誤尺寸而被取消！
Encomendei 2 itens só chegou 1.,我訂購了 2 件商品，只到了 1 件。
O produto chegou muito antes do prometido. Superou as expectativas,產品比承諾的時間早到了。超出預期
Chegou antes do prazo .,它在截止日期之前到達。
SUPER RÁPIDO NA ENTREGA.,超快速交貨。
Entrega rápida e produto de ótima qualidade!,快速的交貨和優質的產品！
Fatisfeito com o produto é a entrega,對產品和交貨感到滿意
Apenas uma observação na descrição do produto disse q é 100%algodão o q recebi é 80% algodão somente .e 20%poliester me senti enganada não compraria novamente!,只是在產品描述中看到它說它是 100% 棉，我收到的只是 80% 棉和 20% 滌綸，我感覺被欺騙了，我不會再買了！
Produto totalmente diferente do oferecido.,產品與所提供的完全不同。
"Tenho dúvidas se o problema é com o fornecedor ou com o entregador, pois na operacionalização da compra beleza, já quanto ao tempo de entrega (via correios) tudo atrasado.",我懷疑是供應商的問題還是送貨員的問題，因為在美妝採購的運作過程中，至於送貨時間（透過郵局），一切都被延誤了。
"Chegou bem antes do tempo 
Só a bateria que veio com defeito ,mas de resto tudo certo","提前到達
只有電池有缺陷，其他一切都很好。"
"produto de qualidade. Ainda não testei, pois o celular que comprei junto ainda não foi entregue",優質的產品。我還沒有測試過，因為我一起買的手機還沒有發貨。
Pedi e chegou no tempo e o produto certo!,我訂購了，它準時到達，並且是正確的產品！
"Como sempre vcs estão de parabéns!!!
Muito obrigada pela atenção!!","一如既往，你應該受到祝賀！
非常感謝您的關注！ ！"
"Chegou, mas somente a caminha. Estou no aguardo da coleira e do bebedor. Por enquanto nem me avisaram que seria enviado depois. Nem um contato da parte dos vendedores.",Chegou，mas somente a caminha。 Estou no aguardo da coleira e do bebedor。到目前為止，他們甚至沒有告訴我稍後會發送。 Nem um contato daparte dos vendadores。
AINDA NÃO INSTALEI AINDA...MAIS TIVE EXCELENTE INDICAÇÃO,我還沒有安裝......但我有很好的建議
"O produto chegou antes do esperado, e cumpre com as expectativas",產品比預期更早到達並符合預期
"Comprei uma lanterna holofote,que foi entregue com defeito, e quando tentei acionar a troca de produto não consegui falar com ninguém da loja então eu não recomendo esse sait pra ninguém,",我買了一個聚光手電筒，但交貨時有缺陷，當我試圖要求更換產品時，我無法與商店中的任何人交談，因此我不向任何人推薦此套件，
"O produto foi entregue antes do prazo, porém não site não fala sobre a qualidade do produto que é bem baixa...",產品提前交付，但網站不講產品質量，很低…
Eu ainda não recebi o produto.,我還沒有收到產品。
"Insatisfeita apenas em ter tido que ir retirar nas agências dos Correios, uma vez que paguei pelo frete.",我只是不滿意必須去郵局取貨，因為我支付了運費。
"Comprei uma cadeira, recebi no prazo, porém a cadeira veio quebrada na parte inferior. Poderiam ter um maior cuidado na embalagem.",我買了一張椅子，按時收到，但椅子底部壞了。他們本來可以在包裝上更加小心。
Ótimo produto. Entrega feita bem antes do prazo. Comprei no mesmo dia com várias lojas. Porém essa foi a que entregou com o menor tempo. Só a embalagem que deixou a desejar. Papelão muito frágil.,很棒的產品。交貨大大提前。我當天從幾家商店買了它。然而，這是在最短的時間內交付的。只有包裝還有待改進。非常脆弱的紙板。
Os produtos são de ótima qualidade.,產品品質優良。
Relógio muito bom.,非常好的手錶。
Ainda nao instalei mais gostei muito,我還沒有安裝，但我真的很喜歡它
Recebi o produto rapidamente porém veio na cor errada.,我很快就收到了產品，但顏色不對。
"Até antes do prazo estipulado a mercadoria foi entregue, sendo o prazo me dado em 28/03 e foi entregue em 19/03.....SUPER RECOMENDO",貨物在規定的截止日期前交付，給我的截止日期是 28/03，並於 19/03 交付......我強烈推薦
Não recebi o produto fiquei muito desapontada,我沒有收到產品，我感到非常失望
Produto chegou com um amassado na parte de baixo da estrutura. vou testar para verificar se afetou o funcionamento. Acredito que foi no transporte.,產品到達時結構底部有凹痕。我會測試是否會影響操作。我相信它是在運輸中。
Bom muito bom estou satisfeito,很好很好我很滿意
"Até o momento nem recebi o produto nem mesmo o dinheiro de volta já tentei por várias vezes receber o dinheiro de volta, contudo me deparo com o problemas no site quando tento preencher o formulário.",到目前為止我還沒有收到產品，甚至沒有退款。我曾多次嘗試退款，但當我嘗試填寫表格時，我在網站上遇到了問題。
"Produto não foi entregue , foi entregue somente 1 envelope que dentro tinha um panfleto loja , não estou querendo enganar ninguém , só não sei oque aconteceu , caso não receber simples não compro mais",產品沒有交付，只交付了 1 個信封，裡面有一張商店傳單，我不是想欺騙任何人，我只是不知道發生了什麼，如果我沒有收到它，我不會再購買
"Não recomendo!!! Cancelei a compra, fui cobrada e não obtive NENHUM retorno da loja. Quero devolver e receber o extorno.",我不推薦！我取消了購買，被收取費用，但商店沒有回應。我想退貨並收到退款。
"Produto muito bom, entrega rápida, antes do prazo, facilidade na compra. Nada a reclamar. Recomendo.",非常好的產品，交貨快，提前，購買方便。沒什麼好抱怨的。我推薦。
"produto bom dentro do esperado, entrega rápida, pena que algumas emissoras não libera o sinal digital via satélite, como globo,record, gazeta,",一如既往的好產品，交貨快，遺憾的是有些廣播公司不透過衛星發布數位訊號，例如環球、唱片、公報、
"Perfume de um aroma muito agradável, ideal para os dias e noites quentes de verão.",香水俱有非常宜人的香氣，非常適合炎熱的夏日和夜晚。
"Pedi 3 cadeiras e só enviaram 2. E para piorar, deram como entregue segundo o site. Abri reclamação há dois dias e até hoje nada, nenhuma respostas. Quero os 100 reais de volta logo e urgente!",我訂了3張椅子，他們只送了2把。更糟的是，他們說是按照網站送的。我前兩天已經投訴了，但仍然沒有任何回應。我急切地想要那 100 雷亞爾！
"Chegou em 2 dias, foi super rápida a entrega!",2天到了，送貨速度超快！
"Boa tarde, foi antes do prazo",下午好，截止日期前
"Comprei 2 produtos e somente 1 chegou, aguardando retorno da lojas lannister sobre isso.",我買了 2 件產品，但只到貨了 1 件，正在等待蘭尼斯特商店對此的回應。
Produto veio com amassados e também não está funcionando corretamente.,產品到達時有凹痕，而且也無法正常運作。
cartucho veio queimado e não conseguem resolver meu problema,墨盒燒毀了，他們無法解決我的問題
meu pedido nao veio comprei dois relogio branco so veio 1,我的訂單沒到，我買了兩隻白表，只到了一隻
"Recebi o produto 1 dia após a compra, porém ele veio com defeito. Fiz a solicitação do estorno do valor e a devolução do produto. Estou aguardando a resposta.",我在購買 1 天後收到了產品，但它有缺陷。我要求退款並退回產品。我在等待答案。
"não consegui receber o produto. quero cancelar a compra

como devo fazer?","我無法收到產品。我想取消購買

我該怎麼辦？"
A régua medidora é totalmente fora de escala. Não tem a menor utilidade. A distância entre o 50cm e o 150 cm é de 90 cm e não de um metro!,量尺完全超出刻度。這沒有任何用處。 50cm和150cm之間的距離是90cm而不是一公尺！
Fiz uma ótima compra,我買了一筆很棒的東西
Chegou no tempo previsto.,它準時到達。
Loja nota 10!!!,店鋪評分10分！ ！ ！
O produto é falsificado. Não veio com manual e nem com certificado de garantia da Orient.,該產品是假冒產品。它沒有附帶東方的手冊或保固證書。
Gosto muito de comprar nessa loja.,我真的很喜歡在這家商店購物。
"Entrega foi bem antes do prazo estipulado, produto atendeu a expectativa, super recomendo.",交貨早於規定的截止日期，產品符合預期，我強烈推薦。
"Produto entregue nao só dentro do prazo e sim muito antes do esperado por mim, e produto embalado de forma excelente!",產品不僅準時交付，而且比我預期的要早得多，而且產品包裝精美！
ja passou o prazo de entrega e ainda nao recebi o pedido,交貨期限已過，但我仍未收到訂單
"entrega rápida e produto de boa qualidade, recomendo",我推薦快速交貨和優質產品
Muito bom super recomendo,非常好，我強烈推薦它
"Excelente, recebi corretamente o produto.",太好了，我正確收到了產品。
"Tudo perfeito, prazo exato e produto de acordo com minha expectativa",一切都很完美，準確的截止日期和產品符合我的期望
"Loja eficiente,entrega correta e antes do prazo.",高效率的商店，正確且準時的交貨。
"Produto de boa qualidade , entrega rápida, infelizmente não foi bem embalado e chegou com um produto quebrado !",產品品質好，交貨快，不幸的是包裝不好，到達時產品已損壞！
"Uma das partes veio com um amaçado que dificultou a montagem. Mas Recomendo o produto, pelo valor a qualidade me deixou satisfeito.",其中一個零件有一個凹痕，使組裝變得困難。但我推薦該產品，價格、品質都讓我滿意。
ADORIE TUDO MUITO BOM,非常喜歡這一切
Produto chegou no prazo certo e tudo conforme combinado. Satisfeito com a compra.,產品準時到達，一切都按約定進行。對購買感到滿意。
"Produto atendeu perfeitamente minhas expectativas. Entregue no prazo, como sempre. Parabens Lojas lannister",產品完全符合我的期望。一如既往地準時交付。恭喜蘭尼斯特商店
"A primeira entrega foi parar no vizinho, a segunda que estava prevista para o dia 19, até agora não recebi.",第一批貨到了隔壁，第二批是19號，到現在還沒收到。
Ótimo custo x beneficio,物超所值
Nunca resebir um produto tão rapido eu min asustei foi o mais rapido que eu resebir .só pode ter side um presente do papai noel porque isto nunca aconteceu comigo.muito obrigado,我從來沒有這麼快收到過產品，我很害怕，這是我收到的最快的。這只能是聖誕老人的禮物，因為這從來沒有發生在我身上。非常感謝。
As parceiras do stark estão dentro do padrão stark. Perfeitas.,Stark 的合作夥伴符合 Stark 標準。完美的。
"Recebi bem antes do prazo, adorei o produto!",我在截止日期前收到了它，我喜歡這個產品！
"produto bom ,entrega no prazo combinado",好的產品，在約定的時間內交貨
"O produto foi entregue em 4 dias, o fornecedor inspira a minha confiança eu o recomendo.",產品在4天內交付，供應商激發了我的信心，我推薦它。
Produto entregue antes do prazo combinado. Não é a primeira vez que compro pelo site Lojas lannister e recomendo tal empresa pela seriedade no trato com os clientes.,產品在約定的截止日期之前交付。這不是我第一次透過 Lojas Lannister 網站購買產品，我推薦這家公司是因為它對待客戶的認真態度。
Super recomendo... perfeita!,我強烈推薦它...完美！
"O quadro é bem bonito, só parecia maior",畫得很漂亮，但看起來更大了
"Adorei os pendentes. São lindos, bem acabados, de boa qualidade. Super Recomendo!",我喜歡這些吊墜。它們很漂亮，做工精良，品質優良。我強烈推薦它！
O produto não foi entregue conforme o anúncio. Foi entregue um produto diferente e de menor qualidade. Aguardando contato da loja para esclarecimentos do ocorrido e orientações para a troca.,該產品未依廣告交付。交付了不同且品質較低的產品。等待商店聯繫以澄清發生的情況以及更換說明。
Comprei duas luminárias e só veio uma.,我買了兩盞燈，但只到了一盞。
Ainda não recebi o produto nem nenhuma orientação sobre o que fazer da loja,我仍然沒有收到產品或從商店收到任何操作指南
"Produto exatamente como esperado, entrega super rápida.",產品與預期完全一致，交貨速度超快。
"Excelente produto, cumpriu exatamente o que prometeu. Recomendo à todos.",優秀的產品，完全兌現了它的承諾。我推薦給大家。
Produto correto e entregue no prazo conforme acordado. Eu recomendo.,正確的產品並按照約定按時交付。我推薦。
Não recebi o produto no prazo previsto,我沒有在預期的時間內收到產品
"O produto chegou antes do prazo, mas não veio o produto que eu comprei",產品提前到達，但我購買的產品沒有到達
Recebi parte da compra. Fsltou a saia matelasada. E não recebi nenhuma informação sobre essa pendência. Aguardo instruções sobre como proceder.,我收到了部分購買的商品。絎縫裙子不見了。我沒有收到有關此待決問題的任何資訊。我正在等待有關如何進行的指示。
Só foi dado como indisponível muito tempo depois da compra e eu deixei de comprar com outra na promoção também mais perdi acreditando que ja estava a caminho,它只是在購買後很長一段時間才被報告為缺貨，並且在促銷期間我不再與另一件一起購買，但我相信它已經在路上了，所以把它弄丟了。
Meses depois e ainda não recebi,幾個月過去了，我仍然沒有收到它
"Recebi o produto e recomendo. comprei 03 relógios e eles atendem minha necessidade, perém um deles veio trincado.",我收到了產品並推薦它。我買了03隻手錶，符合我的需求，但是其中一隻壞了。
Muito corretos e de confiança!,非常正確，值得信賴！
"Não recomendo e nem compraria de novo nesse site, pois quando coloquei na minha cesta tava um preço e passou uns dias e fui fechar a compra o mesmo estava com 20,00 de diferença a menos!",我不推薦它，也不會再從這個網站購買它，因為當我把它放入購物籃時，就有價格了，幾天過去了，我去結束購買，結果少了 20 美元！
tava uma cor no site e o produto veio outra . Mas ele veio em perfeito estado,網站上有一種顏色，而產品有另一種顏色。但它完好無損
Produro chegou super rápido !!!,產品到達超快！
"Pedido chegou no prazo, produto de acordo com o anunciado.",訂單準時到達，產品如廣告所示。
Não tenho como opinar ainda não recebi o produto.,我還沒有收到產品，無法發表意見。
"Comprei cobre leito king de piquet e fou entregue um adamascado, não é o publicado. Tentei falar e não consegui, mandei email para ouvidoria, mais não tive retorno, guardei a foto do divulgado.",我買了一張大珠地床罩，收到的是錦緞床罩，這不是發布的。我試圖說話但無法說話，我給監察員發了一封電子郵件，但沒有得到回复，我保留了發布的照片​​。
Pedir skate masculino veio feminino,訂購男溜冰鞋到女溜冰鞋
"Quando instalei o cartucho de tinta, a minha impressora indicou que o mesmo estava vazio, e apresentou a mensagem de erro ""!"" em cima do marcador de nível da tinta. Já solicitei a troca.",當我安裝墨盒時，我的印表機顯示墨盒已空，並顯示錯誤訊息“！”在油漆水平標記的頂部。我已經要求換貨了。
Não foi o que eu esperava o produto e baixa qualidade,該產品不是我所期望的且品質低劣
Loja nota 1000 recomendo,店注1000我推薦
Os quatro tapetes vieram rasgados. Espero que troquem.,四塊地毯都破了。我希望他們能改變它。
meu produto vei quebrado a tampa na parte de trais,我的產品背面的蓋子破損
"Mais de vinte três (23) dias que comprei um produto e ele não chega, passou até mesma a previsão.",自從我購買產品以來已經二十三 (23) 天多了，但它還沒有到達，甚至超出了預測。
Poderia ter recebido o produto na loja a 50 metros de minha residência.,我可以在距離我家50公尺的商店裡收到產品。
O cartucho não é original fiz o cancelamento e estou aguardando a devolução do valor o cartucho não funciona.,墨盒不是原裝的，我取消了它，正在等待退款，墨盒不起作用。
O produto comprado foi Mbp-662 o fornecido foi MPB33S,購買的產品是Mbp-662，供應的產品是MPB33S
"Produto chegou rapidamente. Blend é um pouco caro mas realmente funciona, to no segundo frasco e percebo bons resultados. Minha barba nunca foi falha, mas agora cresce mais rapidamente e grossamente.",產品很快就到了。 Blend 有點貴，但確實有效，我已經使用了第二瓶，看到了很好的結果。我的鬍子從來都不是稀疏的，現在卻長得更快、更濃密了。
Carregador com defeito e a loja se recusa a efetuar a troca.,充電器有缺陷，商店拒絕更換。
Meu produto não foi entregue até o momento!,我的產品還沒出貨！
Entrega rapida e produto de otima qualidade,快速的交貨和優質的產品
melhor loja amei o relogio de mais.,最好的商店我非常喜歡這款手錶。
Entregue no prazo. Bem embalado. Muito bom!,準時交貨。包裝得很好。非常好！
"Faz pouca coisa .
O produto e bom !","作用不大。
產品很好！"
"Boa tarde
Coloquei o cartão de memória no celular porém ele não está funcionando
Preciso devolver e quero outro no lugar","午安
我把記憶卡插到手機裡了但是不能用
我需要退回它並想要另一個東西來代替它"
Bolsa mais bonita do que a foto. Material de couro legítimo.,包包比照片漂亮。真皮材質。
Paguei pelo produto e não recebi.,我支付了產品費用但沒有收到。
Ooo,哦哦
"Parabéns a encomenda chegou antes do previsto , obrigado pela atenção,,",恭喜您，訂單比預期提前到達，感謝您的關注，，
Infelizmente o produto não chegou dentro do prazo estabelecido.,不幸的是，產品沒有在規定的期限內到達。
Produto de péssima qualidade ! Nao parece nada com a foto do produto no site ! Vou devolver !,產品品質差！它看起來一點也不像網站上的產品照片！我會退貨的！
O produto veio com defeito! Espero que não demore muito a troca pois foi comprada para presentear!,產品到達時有缺陷！我希望交換的時間不會太長，因為它是作為禮物購買的！
Bom dia. Apesar da greve do correio o produto chegou certo. Obrigado,早安.儘管發生了郵政罷工，產品仍然正確到達。謝謝
"Comprei a película para celular e não recebi. Houve problema com o pacote no meio do caminho, abri reclamação no correio, no site da lannister, e nada foi feito para resolver, não tive nenhum retorno",我買了手機貼膜但沒有收到。包裹中途出現問題，我在郵局、蘭尼斯特網站上進行了投訴，但沒有採取任何措施來解決它，我沒有收到任何回复
"Foi a minha primeira compra na loja e estou super satisfeita, recebi o produto bem antes do prazo. Recomendo a todos. Obrigada",這是我第一次從商店購買，我非常滿意，我在截止日期前收到了產品。我推薦給大家。謝謝
"Minha entrega voltou estou com dificuldades de recebe-la novamente.
Motivo foi digitado numero errado do predio para a entrega.","我的貨被退回了，但我無法再次收到它。
原因是送貨時輸入了錯誤的樓號。"
Produto excelente entrega rapida !!!!,優質的商品快速交貨！ ！ ！
"O relógio que eu comprei chegou super rápido, bem embalado e conforme anúncio. Recomendo!",我買的手錶很快就到了，包裝很好，跟廣告上的一樣。我推薦！
Gostei .,我喜歡。
"O produto foi entregue sem problema,só posso 
 dizer se está certo depois que consultar o 
 mecânico. obrigado.","產品交付沒有任何問題，我只能
 諮詢後告訴你是否正確
 機械師。謝謝。"
"Com relação ao prazo de entrega tudo bem. Com relação ao produto, não sei, porque ainda vou consumir.",關於交貨時間，一切都很好。關於產品，我不知道，因為我仍然會消費它。
"O tecido é ótimo o cumprimento na altura também a, porem na largura não veio exatamente quatro metros veio bem menos, então deveria ter comprado duas aí sim fica como na foto. Chega bem antes do prazo",布料很好，長度也很大，但是寬度不是四米，少了很多，所以我應該買兩件，然後就跟照片一樣了。提前抵達
Não sei como nos dias atuais ainda existem lojas assim. O prazo de entrega já é muito extenso. E o maior problema de todos: o item não foi entregue!,不知道今天怎麼還有這樣的店。交貨時間已經很長了。最大的問題是：物品未送達！
"Ótima compra, o produto chegou no prazo e em bom estado.",很棒的購買，產品準時到達且狀況良好。
O produto chegou antes do que imaginei. Até me surpreendi. A lannister é ótima!,產品比我想像的早到達。連我自己都感到驚訝。蘭尼斯特太棒了！
Produto estava todo lambuzado dentro da caixa,產品全部塗抹在盒子內
Uma excelente ferramenta.,一個優秀的工具。
tudo bom,一切都很好
"Embalagem muito mal feita. Assento do banco chegou com as bordas sujas e os pés ficaram com cola grudada da fita que usaram para fixar uns nos outros, sem qq proteção. A caixa parecia um chocalho.",包裝製作非常差。到達時，長椅的邊緣很髒，腳上也黏著用來將它們相互連接的膠帶的膠水，沒有任何保護。盒子看起來像撥浪鼓。
Recebi apenas um produto de dois que comprei e este veio com vários defeitos demonstrando ser um produto de baixa qualidade,我購買的兩件產品中只收到了一件，它有幾個缺陷，證明是低品質的產品。
Entrega feito muito rápido,交貨速度非常快
As capas são grossas e bem acabadas. De muito boa qualidade. Recomendo!,封面很厚，做工也很好。品質非常好。我推薦！
"Comprei e chegou da antes do prazo, adorei, lindo, super recomendo!",我買了，提前到了，很喜歡，很漂亮，強烈推薦！
Produto de boa qualidade.,優質的產品。
"Perfuração da camêra fora de centro, além de não cobrir as bordas contrário a descrição do produto, deixa de cobrir cerca de 1,5 mm ao redor da tela.
Não recomendo.","相機穿孔未居中，除了未覆蓋邊緣（與產品說明相反）之外，也未能覆蓋螢幕周圍約 1.5 毫米的範圍。
我不推薦它。"
Top top,頂頂
"Produto Demorou um pouco para ser postado, mas, é de salientar que o produto foi entregue dentro do prazo estipulado pela loja.",產品發布需要一段時間，但需要注意的是，產品是在商店規定的期限內交付的。
Até o momento não recebi o produto ( Oculos Lupa Cabeça 8 Lentes 2 Leds Alto Brilho para Ourives.,到目前為止，我還沒有收到該產品（金匠頭放大鏡 8 個鏡片 2 個高亮度 LED。
"produto foi parcialmente entregue, até o momento não tive nenhuma satisfação do fornecedor.",產品已部分交付，到目前為止我還沒有收到供應商的任何滿意的答案。
Chegou no prazo conforme combinado,依約定準時到達
"Bom dia 
Gosto de comprar pelas lannister mais desta vez fiz a escolhar errada, acho que quando escolher os parceiros eles tem que cumprir o que anuncia.","早安
我喜歡從蘭尼斯特買東西，但這次我做了錯誤的選擇，我認為在選擇合作夥伴時必須按照他們的廣告去做。"
muito boa entrega. antes do marcado,非常好的交貨。在預定之前
conforme o combinado,按照約定
Recebi antes do prazo!,我在截止日期前收到了！
"Eu já fui cliente há muitos anos atrás, e agora comprei novamente. Confiabilidade e pontualidade são as marcas da empresa",我是很多年前的顧客，現在又買了。可靠和準時是公司的標誌
acredito que seja problema nos correios,我相信這是郵局的問題
"O produto não foi entregue.
Mensagem da transportadora diz que ""Objeto ainda não chegou à unidade""","產品未交付。
來自承運人的消息稱“物體尚未到達單位”"
Preciso do meu dinheiro.,我需要我的錢。
Entrega feita antes do prazo,在截止日期前交貨
Mercadoria queimada no centro de distribuição em Fortaleza-CE. Cancelei a compra para ressarcimento do valor pago.,福塔萊薩-CE 配送中心的貨物被燒毀。我取消了購買以退還所支付的金額。
A minha entrega não foi completa! Comprei 2 unidades e paguei por elas... porém só chegou 1 unidade! Preciso de um retorno das lannister a da targaryen com urgência,我的交付沒有完成！我買了 2 件並付款了...但只到了 1 件！我迫切需要從蘭尼斯特返回坦格利安
"Embora o produto foi entregue dentro do prazo, demorou muito para ser entregue.",雖然產品準時交付，但還是等了很長時間才交付。
Sempre compro e sempre recebo o produto certo no prazo ou antes do prazo,我總是在截止日期或之前購買並收到正確的產品
"Tenho acompanhado a evolução da entrega e verifique que o produto se encontra no Rio de Janeiro desde o dia 31/03 e simplesmente não entregam na minha casa.
O status está: Encaminhado para CEE JACARE","我一直在關注交付的演變，我可以看到該產品自 2003 年 3 月 31 日以來一直在裡約熱內盧，但他們根本不交付到我家。
狀態為：轉送至 CEE JACARE"
Entrega antes do previsto. Tudo ótimo!,提前交貨。一切都很棒！
O microfone não está funcionando. Tá com um som muito baixo e estranho. O que fazer para utilizar a garantia?,麥克風不工作。它的聲音非常低且奇怪。我該怎麼做才能使用擔保？
"Estou aguardando (2) duas garrafas ainda que não chegaram, mas tem até o dia 20/02 para chegar segundo administrador",我正在等待 (2) 兩瓶尚未到達，但根據管理員的說法，它們要到 02/20 才能到達
Funcionando perfeitamente.,工作完美。
"Muito bom, gostei",非常好，我很喜歡
Entrega Rápida!,交貨快！
O produto me parece de ótima qualidade.,在我看來，該產品品質很好。
Ótimo atendimento. Obrigada. Estou muito satisfeita com a mercadoria que recebi.,很棒的服務。謝謝。我對收到的商品非常滿意。
Eu comprei o pendente na cor AMARELO e ele veio inox.,我買了黃色的吊墜，它是不銹鋼的。
"Produto bom,Boa loja pra comprar,bom atendimento e Boa entrega.",好的產品，好的商店，好的服務和良好的交貨。
"O produto estava com uma má qualidade,pensei que viesse melhor ...",產品品質很差，我以為會更好......
"O produto chegou no prazo, porém, o tamanho não serviu em minha máquina Brastemp, conforme informado no site.",產品準時到達，但尺寸不適合我的 Brastemp 機器，如網站上所述。
Entrega feita antes do prazo e produto excelente!,交貨提前，產品優良！
Muito bom atendimento! pedido dentro do prazo!,服務非常好！準時下單！
"Fiz a compra de duas peças mas chegou só uma, sendo que consta na nota duas peças entregues.",我購買了兩件，但只到了一件，紙條上寫著兩件已交付。
Comprei e o prazo prometido era de 15 dias úteis.... chegou em 2 dias!! Muito satisfeita parabéns!,我買了它，承諾的截止日期是 15 個工作天.... 2 天就到了！非常滿意恭喜！
"Comprei DOIS porta talheres e recebi apenas UM até o momento, juntamente com uma NF onde constam dois produtos.",我買了兩個餐具架，但到目前為止只收到了一個，還有一份包含兩種產品的 NF。
Não tinham o produto e só foi notificado depois de 15 dias,他們沒有產品，15 天後才收到通知
"lannister e um site , confiável produtos de otima qualidade ,super indico.",蘭尼斯特是一個網站，產品品質優良，值得信賴，我強烈推薦它。
"Excelente produto, entrega antes do prazo.
Recomendo","優秀的產品，提前交付。
我推薦"
"Tudo perfeito, adorei.",一切都很完美，我喜歡它。
Por enquanto o relógio está funcionando corretamente.,目前手錶工作正常。
"Atendimento excelente, agradeço a funcionária Maria Eduarda da Equipe targaryen, pelo esclarecimento de dúvidas.",優質的服務，我要感謝坦格利安團隊的瑪麗亞·愛德華達回答任何問題。
"Fui bem atendido, a negociação foi normal.",我受到了很好的照顧，談判很正常。
Eu ainda não recebi o produto,我還沒收到產品
Linda mochila e os kits minha menina amou super recomendo.,漂亮的背包和套件，我的女兒喜歡它們，我強烈推薦它們。
"Estes produtos são excelentes!!
sensacionais.","这些产品非常棒！
聳人聽聞。"
excelente produto e veio rapido,優秀的產品，來得很快
"Horas liga, outras não. Já imaginava pelo preço que seria inferior, mas esperava peço menos usar um pouco de modo contínuo...",有時會打開，有時則不打開。我已經從價格上想像它會更低，但我希望能少問一點，持續使用一點......
"recebi o produto no dia 09 de maio diferente do que tinha pedido e fiz o pedido de cancelamento no dia 11 de maio e até o momento não obtive retorno algum, alias não sei mais o que faço, só PROCON",我5月9日收到產品，與我訂購的產品不同，我在5月11日要求取消，到目前為止我還沒有收到任何回复，事實上我不知道還能做什麼，只是PROCON
"Ótimo produto!
Entregue antes do prazo!
Satisfeito!","很棒的產品！
提前交付！
使滿意！"
Comprei duas luminárias mas na embalagem só havia uma unidade. Estou aguardando retorno da empresa para resolver este problema,我買了兩盞燈，但包裝中只有一盞。我正在等待該公司的回覆來解決這個問題。
"Amei o material! Protege bem , com alças ajustáveis bem reforçadas , super prático por ter um fecho bem comprido.",我喜歡這個材料！它的保護效果很好，配有加固的可調式肩帶，非常實用，因為它有一個很長的扣環。
"Ótimo produto, chegou antes do prazo",很棒的產品，提前到達
Chegou rapido e tem otima qualidade.,它很快就到了，而且品質很好。
Comprei 02 só enviaram 01,我買了02 他們只送了01
"Recebi o produto corretamente, antes do prazo e sem nenhuma divergência.",我提前正確收到了產品，沒有任何差異。
ola comprei dois relógios. somente um chegou.,你好，我買了兩枚手錶。只有一個到達。
Muito boa compra em todos sentidos.,各方面都非常好的購買。
Ótimo a loja em sua responsabilidade com o comprador,偉大的商店對買家負責
"O produto chegou antes do prazo, o que me deixou muito feliz. E estou apaixonada por ela. A pia é tudo de bom e muito mais. Super recomendo.",產品提前到達，讓我很高興。我愛上了她。水槽一切都很好，而且更多。我強烈推薦它。
Aguardando receber,等待接收
O produto ainda não foi entregue,產品尚未出貨
Entrega super rápida e produto de ótima qualidade.,超快速的交貨和優質的產品。
ate agora ainda nao me deu problema.,到目前為止，它還沒有給我帶來任何問題。
Parceiro 100%. Pode confiar. Recomendo.,100% 合作夥伴。您可以信賴。我推薦。
Fiquei aguardando o produto e ainda não chegou. Comprei antes do natal e informaram que entregariam até 27/12/2017. Atrasei até a minha viagem por causa dessa entrega. Volto de viagem 08/01/2018 Att.,我正在等待產品，但它仍然沒有到達。我在聖誕節前買的，他們說會在 2017 年 12 月 27 日之前發貨。我甚至因為這次送貨而推遲了行程。旅行歸來 01/08/2018
"não receci a capa do celular, nem o celular",我沒有收到手機殼或手機
"O produto veio corretamente. A loja foi rápida e o produto bem embalado, protegido internamente.",產品來得正確。商店速度很快，产品包装很好，内部受到保护。
Muito bom parabéns vcs são muito profissional,非常好的恭喜你，你很專業
produto entregue antes da data,產品在日期之前交付
Não posso crucificar a empresa que comprei o produto tendo em vista que a culpa é dos correios,我不能譴責我購買產品的公司，因為這是郵局的錯。
"Pessoalmente é mais bonito do q na imagem, chegou antes do prazo, baratheon arrasa como sempre!!!",實體比圖片更漂亮，提早到達，拜拉席恩一如既往的搖滾！ ！ ！
"Excelente produto, recomendo!",優秀的產品，我推薦它！
"Muito bom, chegou rápido. Já fiz alguns testes e funcionou muito bem",非常好，很快就到了。我已經做了一些測試並且效果很好
A logística de vcs demora demais. Tem loja que entrega em dois dias. Fica a dica.,你們的物流時間太長了。有一家商店兩天內送貨。這是一個提示。
"As luminárias vieram mal embaladas, portanto amassaram. Os copinhos que escondem o fio na base não vieram.",燈到達時包裝不好，所以被壓壞了。底部隱藏電線的杯子沒有出現。
Produto bom entrega no combinado estou muito satisfeito e recomendo.,很好的產品，按照約定的交貨，我非常滿意並推薦。
"Demora na entrega
Frete caro
Não tem uma satisfação.
Fiquei insatisfeito com a compra poderia ter comprado em uma.livraria.","延遲交貨
運費昂貴
沒有任何滿足感。
我對這次購買不滿意，我本來可以在書店買的。"
tudo dez,全部十個
"Produto em perfeito estado, e entregue antes do prazo estipulado",產品完好無損，並在規定的截止日期前交付
Ótima compra.. Qualidade excelente e o valor melhor ainda .. Recomendo,很棒的購買..卓越的品質，甚至更好的價值..我推薦
Entrega antes do prazo!!! Perfeito!!,提前交貨！ ！ ！完美的！ ！
"Embalado perfeitamente, amei!
Só gostaria que as favas não fossem cortadas, gostaria que chegassem inteiras","包裝完好，很喜歡！
我只是希望豆子沒有被切開，我希望它們是完整的"
"Relógio falso, me admiro com uma loja grande como as lannister permitir terceiros a vender produtos falsos",假表，我很驚訝像蘭尼斯特這樣的大商店允許第三方銷售假貨
"Produto entregue no prazo, material muito bom, já veio montado conforme descrição do produto no período da venda.",產品準時交付，材料非常好，在銷售期間已按照產品說明組裝。
Muito rapido a entrega produto de otima qualidade,非常快速地交付優質的產品
Chegou antes do previsto. Excelente,它比預期更早到達。出色的
Gosto de acompanhar o pedido e essa empresa nos fornece esse recurso.,我喜歡追蹤訂單，這家公司為我們提供了此功能。
as toalhas são ásperas e fininhas. Bela propaganda enganosa,毛巾又粗又薄。美麗的虛假廣告
Muito comfiavel,非常可靠
"muito bom, recomendo o atendimente a entrega são perfeitos",非常好，我推薦服務，送貨很完美
"Produto de qualidade, me surpreendeu, silêncioso e pequeno, recomendo!!",優質的產品，令我驚訝，安靜又小，我推薦它！
"ATENDEU MINHA NECESSIDADE, ELA É BEM ACABADA, COMO TAMBEM SEUS ACÉSSORIOS, BOA A GRELHAS, QUE INCLUSIVE POSSUE PEGADOR, OCUPA POUCO ESPAÇO, FOI UMA DAS BOAS AQUISIÇÃO QUE COMPREI!!!",它滿足我的需求，做工精良，配件也很好，烤架很好，包括有把手，佔用空間小，這是我買的最好的東西之一！
"Super recomendo, chegou super rápido.",我強烈推薦它，它很快就到了。
Infelizmente a descrição e foto não refletem o produto. Produto de baixa qualidade que poderia nunca estar descrito como quadro,不幸的是，描述和照片並不反映產品。低品質的產品永遠無法被描述為一幅畫
"O serviço do site dessa vez foi otimo. 
Em relação ao produto + o frete = não tem uma boa relação custo benefício, pelo preço poderia ser melhor acabado, sporte tem apenas dois níveis de inclinação.","這次的網站服務非常好。 
就產品+運輸=來說，這不是一個很好的物有所值，對於它的價格來說，它可以更好地完成，這項運動只有兩個級別的傾向。"
"O lençol não é o que parece.....achei q era percal cem por cento algodão, e não é, como dizia profissional imaginei os lençóis de hotéis",床單不是看起來的那樣......我以為是100%純棉密織布，其實並不像專業人士所說的那樣，是我想像中的酒店床單
Das 3 unidades compradas apenas duas foram entreguers,購買的 3 台中，僅交付了 2 台
"Regular porque eu comprei 2 tubos e paguei , em 28/02/2018 quando abrir a embalagem havia apenas 1 tubo. Isso me deixou chateada.",常規，因為我買了 2 管並付款，2018 年 2 月 28 日我打開包裝時只有 1 管。這讓我心煩意亂。
"Recebe o produto antes do prazo. Amei a entrega. O produto ainda não usei, mas depois que usar de eu não gostar volto pra falar. Mas já comprei esse botox em outras lojas e minhas clientes amam.",在截止日期前收到產品。我喜歡送貨。我還沒有使用過該產品，但使用後如果我不喜歡它，我會回來告訴你。但我已經在其他商店購買了這種肉毒桿菌，我的客戶很喜歡它。
"preciso receber minha compra e ela nao passa de nota fiscal emitida, nao chegou...",我需要收到我購買的商品，但它只是開立的發票，尚未到達...
Veio super rapido excelente,來得超快，非常棒
Ótimo produto de excelente qualidade com certeza recomendo a todos.,優質的產品，我絕對推薦給大家。
"nesse pedido eu recebi somente a película de vidro
a capa não recebi.
o n do pedido é o pagamento foi no mesmo boleto no valor 65,68 incluso o frete.","在這個訂單中我只收到了玻璃膜
我沒有收到封面。
訂單號碼是在同一張發票中支付的金額為 65.68，包括運費。"
Compra e entrega dentro do normal esperado.,採購和交貨在預期的正常範圍內。
"Ainda não recebi o produto, o que é um transtorno, já que preciso do mesmo para trabalhar.",我還沒有收到產品，這是一個問題，因為我需要它來工作。
"Site claro e objetivo, comprometimento com o cliente, prazo de entrega superou a data proposta.",網站清晰客觀，對客戶的承諾，交貨時間超出了建議日期。
Como muito custo consegui retirar o produto na agência dos correios.Infelizmente os correios não fazem as entregas em alguns lugares.A loja não tem culpa,由於花了很多錢，我設法在郵局領取了產品。不幸的是，郵局不會向某些地方送貨。商店沒有責任
"Produto chegou antes do prazo estipulado. Ótima qualidade, excelente.",產品在規定的截止日期前到達。品質優良，優秀。
Cadeira muito boa e de fácil montagem. Ideal para estudos!,非常好的椅子，易於組裝。非常適合學習！
"Rápido , fácil e ágil",快速、簡單、敏捷
"A única ressalva é a válvula ou torneirinha, que achei ser de baixa qualidade, no mais a Siqueira é bem interessante.",唯一需要注意的是閥門或水龍頭，我發現它們的品質很差，否則 Siqueira 非常有趣。
Veio apenas uma unidade. Porem na nf vieram as duas descritas. Quando vira a segunda unidade?,只有一個單位來了。然而，所描述的兩個出現在 nf 中。第二個單位什麼時候可用？
"Muito Satisfeita Entrega No Prazo Estimado E Capa Transparente e Película de Vidro Para Meu Bebê, Meu Smartphone Asus Zenfone 4 Selfie Tudo Certinho, Tamanho Ok E Muito Bonito Os Dois Produtos. Valeu!",在預計的時間內非常滿意的交付，為我的寶貝、我的華碩 Zenfone 4 自拍智慧型手機提供了透明蓋和玻璃膜，一切都很完美，尺寸合適，兩種產品都非常漂亮。這是成本！
ENTREGA NO PRAZO LOJA HONESTA,準時交貨 誠實商店
"Tudo em ordem , posso confiar.",一切都井然有序，我可以相信。
"Olá! Comprei dois potes de whey e chegou apenas um! Não consigo rastrear o outro, pois os dois constam no mesmo número do pedido. E a nota fiscal emitida também consta como sendo dos dois produtos.",你好！我買了兩罐乳清，但只到了一罐！我無法追蹤另一件，因為它們的訂單號碼相同。開立的發票似乎也是針對這兩種產品的。
"Produto entregue muito antes do prometido, e o que foi anunciado,muito bom, recomendo o fornecedor é o produto",產品交付時間比承諾的要早得多，而且所宣布的非常好，我推薦供應商和產品
Parabéns produto ótimo e entrega mega rápido vcs arrasam,恭喜，很棒的產品和超快的交貨，你們太棒了
"Excelente atendinento, presteza e rapidez na entrega, produto conforme anunciado.",優質的服務，及時快速的交貨，產品如廣告所示。
"gostei da torneira, veio com uma oxidação na lateral..uns respingos.. mas como e estou com pressa não vou pedir troca.",我喜歡這個水龍頭，它的側面有些氧化……有一些濺水……但我很著急，我不會要求更換。
Tudo certo na entrega é produto muito bom recomendo,交貨一切順利，非常好的產品，我推薦它
